/*CREATE TABLE person (
	id BIGINT NOT NULL AUTO_INCREMENT,
	first_name varchar(255) NOT NULL,
	last_name varchar(255) NOT NULL,
	PRIMARY KEY (id)
);

insert into person (first_name, last_name) values ('Yuan', 'Ji');*/


-- MySQL dump 10.13  Distrib 5.7.12, for Win64 (x86_64)
--
-- Host: localhost    Database: etms_system
-- ------------------------------------------------------
-- Server version	5.6.26-log

/*!40101 SET @OLD_CHARACTER_SET_CLIENT=@@CHARACTER_SET_CLIENT */;
/*!40101 SET @OLD_CHARACTER_SET_RESULTS=@@CHARACTER_SET_RESULTS */;
/*!40101 SET @OLD_COLLATION_CONNECTION=@@COLLATION_CONNECTION */;
/*!40101 SET NAMES utf8 */;
/*!40103 SET @OLD_TIME_ZONE=@@TIME_ZONE */;
/*!40103 SET TIME_ZONE='+00:00' */;
/*!40014 SET @OLD_UNIQUE_CHECKS=@@UNIQUE_CHECKS, UNIQUE_CHECKS=0 */;
/*!40014 SET @OLD_FOREIGN_KEY_CHECKS=@@FOREIGN_KEY_CHECKS, FOREIGN_KEY_CHECKS=0 */;
/*!40101 SET @OLD_SQL_MODE=@@SQL_MODE, SQL_MODE='NO_AUTO_VALUE_ON_ZERO' */;
/*!40111 SET @OLD_SQL_NOTES=@@SQL_NOTES, SQL_NOTES=0 */;

--
-- Table structure for table `etms_booking_records`
--

--DROP TABLE IF EXISTS `etms_booking_records`;
/*!40101 SET @saved_cs_client     = @@character_set_client */;
/*!40101 SET character_set_client = utf8 */;
CREATE TABLE etms_booking_records (
  booking_Id bigint(20) NOT NULL AUTO_INCREMENT,
  vehicle_Requested_For varchar(255) DEFAULT NULL,
  departure varchar(255) DEFAULT NULL,
  visiting_Place varchar(255) DEFAULT NULL,
  destination varchar(255) DEFAULT NULL,
  booking_Purpose varchar(255) DEFAULT NULL,
  booking_Date datetime DEFAULT NULL,
  travel_Date datetime DEFAULT NULL,
  special_Request varchar(255) DEFAULT NULL,
  special_Request_Flag varchar(10) DEFAULT NULL,
  no_Of_Passengers int(10) DEFAULT NULL,
  urgent_Request varchar(45) DEFAULT NULL,
  hod_Approval_Status varchar(45) DEFAULT NULL,
  hr_Assign_Status varchar(55) DEFAULT NULL,
  booking_Status varchar(45) DEFAULT NULL,
  is_Request_Alive varchar(45) DEFAULT NULL,
  employee_Id varchar(30) DEFAULT NULL,
  cab_Operator_Id int(15) DEFAULT NULL,
  driver_Id int(15) DEFAULT NULL,
  vehicle_Id int(11) DEFAULT NULL,
  is_Proxy_Request varchar(45) DEFAULT NULL,
  employee_Department varchar(245) DEFAULT NULL,
  request_Approved_By varchar(50) DEFAULT NULL,
  request_Rejected_By varchar(50) DEFAULT NULL,
  request_Scheduled_By varchar(50) DEFAULT NULL,
  reject_Comments varchar(245) DEFAULT NULL,
  cancelled_Action_By varchar(45) DEFAULT NULL,
  day_Type varchar(45) DEFAULT NULL,
  PRIMARY KEY (booking_Id),
  KEY operators_foreign_idx (cab_Operator_Id),
  KEY employee_foreign_key_idx (employee_Id)
) ENGINE=InnoDB AUTO_INCREMENT=48737582 DEFAULT CHARSET=utf8 COMMENT='this schema contain''s cab request made by users';
/*!40101 SET character_set_client = @saved_cs_client */;

--
-- Dumping data for table `etms_booking_records`
--

--LOCK TABLES `etms_booking_records` WRITE;
/*!40000 ALTER TABLE `etms_booking_records` DISABLE KEYS */;
INSERT INTO etms_booking_records VALUES (48737384,NULL,'Secunderabad, Telangana, India','Surat, Gujarat, India','Surat, Gujarat, India','Shopping','2018-01-05 13:37:00','2018-01-05 15:07:00','None','No',3,'Yes','Auto-Approved','Rejected','Rejected by HR','Yes','10061',NULL,NULL,NULL,'No','NTO','10061','10003',NULL,NULL,NULL,NULL),(48737385,NULL,'Tidel Park, Rajiv Gandhi IT Expressway, Taramani, Chennai, Tamil Nadu, India',NULL,'Aminjikarai, Chennai, Tamil Nadu, India','Home Drop','2018-01-05 13:45:00','2018-01-05 15:14:00','Tier-1 client, Need a luxury car','Yes',1,'Yes','Approved','Pending','Decline By Operator','Yes','10064',NULL,NULL,NULL,'No','NTO','10061','200003','10003',NULL,NULL,NULL),(48737386,NULL,'Andhra Pradesh, India','Andhra Pradesh, India','Andhra Pradesh, India','Personal','2018-01-05 14:07:23','2018-01-05 15:18:00','None','No',3,'Yes','Approved','Rejected','Rejected by HR','Yes','10066',NULL,NULL,NULL,'No','NTO','10061','10003',NULL,'yv',NULL,NULL),(48737387,NULL,'Andhra Pradesh, India',NULL,'Chennai, Tamil Nadu, India','To Drop At Home','2018-01-05 14:06:00','2018-01-05 15:36:00','None','No',1,'Yes','Rejected','Pending','Rejected by HOD','Yes','10066',NULL,NULL,NULL,'No','NTO',NULL,'10061',NULL,'no cab',NULL,NULL),(48737388,NULL,'Andhra Pradesh, India',NULL,'Chennai, Tamil Nadu, India','To Drop At Home','2018-01-05 14:12:00','2018-01-05 15:42:00','None','No',1,'Yes','Rejected','Pending','Rejected by HOD','Yes','10066',NULL,NULL,NULL,'No','NTO',NULL,'10061',NULL,'gh',NULL,NULL),(48737389,NULL,'Andhra Pradesh, India',NULL,'Chennai, Tamil Nadu, India','To Drop At Home','2018-01-05 14:16:00','2018-01-05 15:46:00','None','No',1,'Yes','Pending','Pending','Cancelled','No','10066',NULL,NULL,NULL,'No','NTO',NULL,NULL,NULL,NULL,'EMPLOYEE_USER',NULL),(48737390,NULL,'Andhra Pradesh, India',NULL,'Chennai, Tamil Nadu, India','To Drop At Home','2018-01-05 14:18:00','2018-01-05 15:48:00','None','No',1,'Yes','Approved','Pending','Pending','Yes','10066',NULL,NULL,NULL,'No','NTO','10061',NULL,NULL,NULL,NULL,NULL),(48737391,NULL,'Nugambakkam',NULL,'Vadapalani','Emergency','2018-01-05 14:23:00','2018-01-05 15:53:00','None','No',1,'Yes','Approved','Scheduled','Pending','Yes','10062',200004,NULL,NULL,'No','NTO','10061',NULL,'10003',NULL,NULL,NULL),(48737392,NULL,'Nugambakkam',NULL,'Vadapalani','Emergency','2018-01-05 14:30:00','2018-01-05 16:00:00','None','No',1,'Yes','Approved','Pending','Pending','Yes','10062',NULL,NULL,NULL,'No','NTO','10061',NULL,NULL,NULL,NULL,NULL),(48737393,NULL,'Nugambakkam',NULL,'Vadapalani','Emergency','2018-01-05 14:32:00','2018-01-05 16:02:00','None','No',1,'Yes','Approved','Pending','Pending','Yes','10062',NULL,NULL,NULL,'No','NTO','10061',NULL,NULL,NULL,NULL,NULL),(48737394,NULL,'Nugambakkam',NULL,'Vadapalani','Emergency','2018-01-05 14:36:00','2018-01-05 16:06:00','None','No',1,'Yes','Approved','Pending','Pending','Yes','10062',NULL,NULL,NULL,'No','NTO','10061',NULL,NULL,NULL,NULL,NULL),(48737395,NULL,'Andhra Pradesh, India','Ahmedabad, Gujarat, India','Ahmedabad, Gujarat, India','Meeting','2018-01-05 15:52:08','2018-01-05 16:07:00','None','No',3,'No','Pending','Pending','Pending','Yes','10066',NULL,NULL,NULL,'No','NTO',NULL,'10061',NULL,'Test  Test Test Test Test Test Test Test Test Test Test Test Test Test Test Test Test Test Test Test',NULL,NULL),(48737396,NULL,'Future Focus Infotech Private Limited, Nungambakkam High Road, Nungambakkam, Chennai, Tamil Nadu, India','Future Focus Infotech Private Limited, Nungambakkam High Road, Nungambakkam, Chennai, Tamil Nadu, India','Future Focus Infotech Private Limited, Nungambakkam High Road, Nungambakkam, Chennai, Tamil Nadu, India','Meeting','2018-01-05 14:44:14','2018-01-05 16:13:00','New Request','Yes',1,'Yes','Rejected','Pending','Rejected by HOD','Yes','10066',NULL,NULL,NULL,'No','NTO',NULL,'10061',NULL,'Test',NULL,NULL),(48737397,NULL,'Chennai, Tamil Nadu, India','Chennai, Tamil Nadu, India','Chennai, Tamil Nadu, India','Meeting','2018-01-05 14:44:00','2018-01-05 16:14:00','New','Yes',1,'Yes','Approved','Pending','Pending','Yes','10066',NULL,NULL,NULL,'No','NTO','10061',NULL,NULL,NULL,NULL,NULL),(48737398,NULL,'Bengaluru, Karnataka, India','Bangalore, Karnataka, India','Bengaluru, Karnataka, India','Meeting','2018-01-05 14:50:00','2018-01-05 16:20:00','None','No',1,'Yes','Pending','Pending','Pending','Yes','10003',NULL,NULL,NULL,'No','Marketing',NULL,NULL,NULL,NULL,NULL,NULL),(48737399,NULL,'Nugambakkam',NULL,'Vadapalani','Emergency','2018-01-05 14:55:00','2018-01-05 16:25:00','None','No',1,'Yes','Approved','Pending','Pending','Yes','10062',NULL,NULL,NULL,'No','NTO','10061',NULL,NULL,NULL,NULL,NULL),(48737400,NULL,'Nugambakkam',NULL,'Vadapalani','Emergency','2018-01-05 14:57:00','2018-01-05 16:27:00','None','No',1,'Yes','Pending','Pending','Pending','Yes','10062',NULL,NULL,NULL,'No','NTO',NULL,NULL,NULL,NULL,NULL,NULL),(48737401,NULL,'Andhra Pradesh, India',NULL,'Chennai, Tamil Nadu, India','To Drop At Home','2018-01-05 14:58:00','2018-01-05 16:28:00','None','No',1,'Yes','Pending','Pending','Pending','Yes','10066',NULL,NULL,NULL,'No','NTO',NULL,NULL,NULL,NULL,NULL,NULL),(48737402,NULL,'Andhra Pradesh, India',NULL,'Chennai, Tamil Nadu, India','To Drop At Home','2018-01-05 16:31:34','2018-01-05 16:31:00','None','No',3,'No','Pending','Pending','Pending','Yes','10066',NULL,NULL,NULL,'No','NTO',NULL,NULL,NULL,NULL,NULL,NULL),(48737403,NULL,'Nugambakkam',NULL,'Vadapalani','Emergency','2018-01-05 15:06:00','2018-01-05 16:36:00','None','No',1,'Yes','Pending','Pending','Pending','Yes','10062',NULL,NULL,NULL,'No','NTO',NULL,NULL,NULL,NULL,NULL,NULL),(48737404,NULL,'Andhra Pradesh, India',NULL,'Chennai, Tamil Nadu, India','To Drop At Home','2018-01-05 16:38:34','2018-01-05 16:40:00','None','No',2,'No','Pending','Pending','Pending','Yes','10066',NULL,NULL,NULL,'No','NTO',NULL,NULL,NULL,NULL,NULL,NULL),(48737405,NULL,'Nugambakkam',NULL,'Vadapalani','Emergency','2018-01-05 15:22:00','2018-01-05 16:52:00','None','No',1,'Yes','Pending','Pending','Pending','Yes','10062',NULL,NULL,NULL,'No','NTO',NULL,NULL,NULL,NULL,NULL,NULL),(48737406,NULL,'Nugambakkam',NULL,'Vadapalani','Emergency','2018-01-05 15:30:00','2018-01-05 17:00:00','None','No',1,'Yes','Approved','Scheduled','Pending','Yes','10062',200004,NULL,NULL,'No','NTO','10061',NULL,'10003',NULL,NULL,NULL),(48737407,NULL,'Nugambakkam',NULL,'Vadapalani','Emergency','2018-01-05 15:35:00','2018-01-05 17:05:00','None','No',1,'Yes','Approved','Pending','Pending','Yes','10062',NULL,NULL,NULL,'No','NTO','10061',NULL,NULL,NULL,NULL,NULL),(48737408,NULL,'Nugambakkam',NULL,'Vadapalani','Emergency','2018-01-05 15:42:00','2018-01-05 17:12:00','None','No',1,'Yes','Approved','Scheduled','Pending','Yes','10062',200003,NULL,NULL,'No','NTO','10061',NULL,'10003',NULL,NULL,NULL),(48737409,NULL,'Nugambakkam',NULL,'Vadapalani','Emergency','2018-01-05 15:43:00','2018-01-05 17:13:00','None','No',1,'Yes','Approved','Pending','Pending','Yes','10062',NULL,NULL,NULL,'No','NTO','10061',NULL,NULL,NULL,NULL,NULL),(48737410,NULL,'Nugambakkam',NULL,'Vadapalani','Emergency','2018-01-05 15:45:00','2018-01-05 17:15:00','None','No',1,'Yes','Approved','Pending','Pending','Yes','10062',NULL,NULL,NULL,'No','NTO','10061',NULL,NULL,NULL,NULL,NULL),(48737411,NULL,'Adyar, Chennai, Tamil Nadu, India',NULL,'Adambakkam, Chennai, Tamil Nadu, India','Client Meet','2018-01-05 15:46:00','2018-01-05 17:16:00','None','No',1,'Yes','Auto-Approved','Rejected','Rejected by HR','Yes','10061',NULL,NULL,NULL,'No','NTO','10061','10003',NULL,'no cab',NULL,NULL),(48737412,NULL,'Nugambakkam',NULL,'Vadapalani','Emergency','2018-01-05 15:47:00','2018-01-05 17:17:00','None','No',1,'Yes','Approved','Pending','Pending','Yes','10062',NULL,NULL,NULL,'No','NTO','10061',NULL,NULL,NULL,NULL,NULL),(48737413,NULL,'Andhra Pradesh, India',NULL,'Chennai, Tamil Nadu, India','To Drop At Home','2018-01-05 15:49:00','2018-01-05 17:19:00','None','No',1,'Yes','Pending','Pending','Cancelled','No','10066',NULL,NULL,NULL,'No','NTO',NULL,NULL,NULL,NULL,'EMPLOYEE_USER',NULL),(48737414,NULL,'Nugambakkam',NULL,'Vadapalani','Emergency','2018-01-05 15:49:00','2018-01-05 17:19:00','None','No',1,'Yes','Approved','Pending','Pending','Yes','10062',NULL,NULL,NULL,'No','NTO','10061',NULL,NULL,NULL,NULL,NULL),(48737415,NULL,'Nugambakkam',NULL,'Vadapalani','Emergency','2018-01-05 15:51:00','2018-01-05 17:21:00','None','No',1,'Yes','Approved','Pending','Decline By Operator','Yes','10062',NULL,NULL,NULL,'No','NTO','10061','200003','10003',NULL,NULL,NULL),(48737416,NULL,'Nugambakkam',NULL,'Vadapalani','Emergency','2018-01-05 15:53:00','2018-01-05 17:23:00','None','No',1,'Yes','Pending','Pending','Pending','Yes','10062',NULL,NULL,NULL,'No','NTO',NULL,NULL,NULL,NULL,NULL,NULL),(48737417,NULL,'Assam, India','Assam, India','Assam, India','Meeting','2018-01-05 16:01:37','2018-01-05 17:28:00','None','No',3,'Yes','Pending','Pending','Pending','Yes','10066',NULL,NULL,NULL,'No','NTO',NULL,NULL,NULL,NULL,NULL,NULL),(48737418,NULL,'Visakhapatnam, Andhra Pradesh, India',NULL,'Chennai, Tamil Nadu, India','Official Visit Followed By Personal Visit To Doctor For Eye Treatment.','2018-01-05 16:01:00','2018-01-05 17:29:00','Tier-1 client, Need a luxury car','Yes',2,'Yes','Pending','Pending','Pending','Yes','10009',NULL,NULL,NULL,'No','Sales ',NULL,NULL,NULL,NULL,NULL,NULL),(48737419,NULL,'Assam, India','Assam, India','Assam, India','Personal','2018-01-05 17:08:06','2018-01-06 18:02:00','None','No',4,'No','Pending','Pending','Pending','Yes','10066',NULL,NULL,NULL,'Yes','NTO',NULL,NULL,NULL,NULL,NULL,NULL),(48737420,NULL,'Andhra Pradesh, India',NULL,'Chennai, Tamil Nadu, India','To Drop At Home','2018-01-05 16:39:00','2018-01-05 18:09:00','None','No',1,'Yes','Approved','Scheduled','Pending','Yes','10066',200003,NULL,NULL,'No','NTO','10061',NULL,'10003',NULL,NULL,NULL),(48737421,NULL,'Andhra Pradesh, India',NULL,'Chennai, Tamil Nadu, India','To Drop At Home','2018-01-05 16:41:00','2018-01-05 18:11:00','None','No',1,'Yes','Approved','Scheduled','Pending','Yes','10066',200003,NULL,NULL,'No','NTO','10061',NULL,'10003',NULL,NULL,NULL),(48737422,NULL,'Andhra Pradesh, India',NULL,'Chennai, Tamil Nadu, India','To Drop At Home','2018-01-05 16:42:00','2018-01-05 18:12:00','None','No',1,'Yes','Approved','Scheduled','Pending','Yes','10066',200003,NULL,NULL,'No','NTO','10061',NULL,'10003',NULL,NULL,NULL),(48737423,NULL,'Nugambakkam',NULL,'Vadapalani','Emergency','2018-01-05 16:48:00','2018-01-05 18:18:00','None','No',1,'Yes','Approved','Pending','Pending','Yes','10062',NULL,NULL,NULL,'No','NTO','10061',NULL,NULL,NULL,NULL,NULL),(48737424,NULL,'Andhra Pradesh, India',NULL,'Chennai, Tamil Nadu, India','To Drop At Home','2018-01-05 16:49:00','2018-01-05 18:19:00','None','No',1,'Yes','Approved','Pending','Pending','Yes','10066',NULL,NULL,NULL,'No','NTO','10061',NULL,NULL,NULL,NULL,NULL),(48737425,NULL,'Nugambakkam',NULL,'Vadapalani','Emergency','2018-01-05 16:51:00','2018-01-05 18:21:00','None','No',1,'Yes','Approved','Pending','Pending','Yes','10062',NULL,NULL,NULL,'No','NTO','10061',NULL,NULL,NULL,NULL,NULL),(48737426,NULL,'Nugambakkam',NULL,'Vadapalani','Emergency','2018-01-05 16:53:00','2018-01-05 18:23:00','None','No',1,'Yes','Pending','Pending','Pending','Yes','10062',NULL,NULL,NULL,'No','NTO',NULL,NULL,NULL,NULL,NULL,NULL),(48737427,NULL,'Nugambakkam',NULL,'Vadapalani','Emergency','2018-01-05 16:55:00','2018-01-05 18:25:00','None','No',1,'Yes','Pending','Pending','Pending','Yes','10062',NULL,NULL,NULL,'No','NTO',NULL,NULL,NULL,NULL,NULL,NULL),(48737428,NULL,'Andhra Pradesh, India',NULL,'Chennai, Tamil Nadu, India','To Drop At Home','2018-01-05 16:59:00','2018-01-05 18:29:00','None','No',1,'Yes','Approved','Pending','Decline By Operator','Yes','10066',NULL,NULL,NULL,'No','NTO','10061','200003','10003',NULL,NULL,NULL),(48737429,NULL,'Andhra Pradesh, India',NULL,'Chennai, Tamil Nadu, India','To Drop At Home','2018-01-05 17:04:00','2018-01-05 18:34:00','None','No',1,'Yes','Pending','Pending','Pending','Yes','10066',NULL,NULL,NULL,'No','NTO',NULL,NULL,NULL,NULL,NULL,NULL),(48737430,NULL,'Andhra Pradesh, India',NULL,'Chennai, Tamil Nadu, India','To Drop At Home','2018-01-05 17:07:00','2018-01-05 18:37:00','None','No',1,'Yes','Pending','Pending','Pending','Yes','10066',NULL,NULL,NULL,'No','NTO',NULL,NULL,NULL,NULL,NULL,NULL),(48737431,NULL,'Taramani','yes','Nungambakkam, Chennai, Tamil Nadu, India','Home','2018-01-05 17:13:00','2018-01-05 18:43:00','Sick employee, Need a non-Ac car','Yes',1,'Yes','Pending','Pending','Pending','Yes','10066',NULL,NULL,NULL,'No','NTO',NULL,NULL,NULL,NULL,NULL,NULL),(48737432,NULL,'Andhra Pradesh, India',NULL,'Chennai, Tamil Nadu, India','To Drop At Home','2018-01-05 17:16:00','2018-01-05 18:46:00','None','No',1,'Yes','Pending','Pending','Pending','Yes','10066',NULL,NULL,NULL,'No','NTO',NULL,NULL,NULL,NULL,NULL,NULL),(48737433,NULL,'Nugambakkam',NULL,'Vadapalani','Emergency','2018-01-05 17:19:00','2018-01-05 18:49:00','None','No',1,'Yes','Pending','Pending','Pending','Yes','10062',NULL,NULL,NULL,'No','NTO',NULL,NULL,NULL,NULL,NULL,NULL),(48737434,NULL,'Nugambakkam',NULL,'Vadapalani','Emergency','2018-01-05 17:20:00','2018-01-05 18:50:00','None','No',1,'Yes','Pending','Pending','Pending','Yes','10062',NULL,NULL,NULL,'No','NTO',NULL,NULL,NULL,NULL,NULL,NULL),(48737435,NULL,'Taramani','yes','Nungambakkam, Chennai, Tamil Nadu, India','Home','2018-01-05 17:21:00','2018-01-05 18:51:00','Sick employee, Need a non-Ac car','Yes',1,'Yes','Pending','Pending','Pending','Yes','10066',NULL,NULL,NULL,'No','NTO',NULL,NULL,NULL,NULL,NULL,NULL),(48737436,NULL,'Andhra Pradesh, India',NULL,'Chennai, Tamil Nadu, India','To Drop At Home','2018-01-05 17:26:00','2018-01-05 18:56:00','None','No',1,'Yes','Pending','Pending','Pending','Yes','10066',NULL,NULL,NULL,'No','NTO',NULL,NULL,NULL,NULL,NULL,NULL),(48737437,NULL,'Taramani','yes','Nungambakkam, Chennai, Tamil Nadu, India','Home','2018-01-05 17:26:00','2018-01-05 18:56:00','Sick employee, Need a non-Ac car','Yes',1,'Yes','Pending','Pending','Pending','Yes','10066',NULL,NULL,NULL,'No','NTO',NULL,NULL,NULL,NULL,NULL,NULL),(48737438,NULL,'Taramani','yes','Nungambakkam, Chennai, Tamil Nadu, India','Home','2018-01-05 17:28:00','2018-01-05 18:58:00','Sick employee, Need a non-Ac car','Yes',1,'Yes','Pending','Pending','Pending','Yes','10066',NULL,NULL,NULL,'No','NTO',NULL,NULL,NULL,NULL,NULL,NULL),(48737439,NULL,'Taramani','yes','Nungambakkam, Chennai, Tamil Nadu, India','Home','2018-01-05 17:33:00','2018-01-05 19:03:00','Sick employee, Need a non-Ac car','Yes',1,'Yes','Pending','Pending','Pending','Yes','10066',NULL,NULL,NULL,'No','NTO',NULL,NULL,NULL,NULL,NULL,NULL),(48737440,NULL,'Taramani','yes','Nungambakkam, Chennai, Tamil Nadu, India','Home','2018-01-05 17:35:00','2018-01-05 19:05:00','Sick employee, Need a non-Ac car','Yes',1,'Yes','Pending','Pending','Pending','Yes','10066',NULL,NULL,NULL,'No','NTO',NULL,NULL,NULL,NULL,NULL,NULL),(48737441,NULL,'Andhra Pradesh, India',NULL,'Chennai, Tamil Nadu, India','To Drop At Home','2018-01-05 17:38:00','2018-01-05 19:08:00','None','No',1,'Yes','Pending','Pending','Pending','Yes','10066',NULL,NULL,NULL,'No','NTO',NULL,NULL,NULL,NULL,NULL,NULL),(48737442,NULL,'Taramani','yes','Nungambakkam, Chennai, Tamil Nadu, India','Home','2018-01-05 17:39:00','2018-01-05 19:09:00','Sick employee, Need a non-Ac car','Yes',1,'Yes','Pending','Pending','Pending','Yes','10066',NULL,NULL,NULL,'No','NTO',NULL,NULL,NULL,NULL,NULL,NULL),(48737443,NULL,'Taramani','yes','Nungambakkam, Chennai, Tamil Nadu, India','Home','2018-01-05 17:41:00','2018-01-05 19:11:00','Sick employee, Need a non-Ac car','Yes',1,'Yes','Approved','Pending','Pending','Yes','10066',NULL,NULL,NULL,'No','NTO','10061',NULL,NULL,NULL,NULL,NULL),(48737444,NULL,'Taramani','yes','Nungambakkam, Chennai, Tamil Nadu, India','Home','2018-01-05 19:14:08','2018-01-05 19:14:00','Sick employee, Need a non-Ac car','Yes',2,'No','Pending','Pending','Pending','Yes','10066',NULL,NULL,NULL,'No','NTO',NULL,NULL,NULL,NULL,NULL,NULL),(48737445,NULL,'Taramani','yes','Nungambakkam, Chennai, Tamil Nadu, India','Home','2018-01-05 19:15:12','2018-01-05 19:15:00','Sick employee, Need a non-Ac car','Yes',2,'No','Pending','Pending','Pending','Yes','10066',NULL,NULL,NULL,'No','NTO',NULL,NULL,NULL,NULL,NULL,NULL),(48737446,NULL,'Taramani','yes','Nungambakkam, Chennai, Tamil Nadu, India','Home','2018-01-05 17:47:00','2018-01-05 19:17:00','Sick employee, Need a non-Ac car','Yes',1,'Yes','Pending','Pending','Pending','Yes','10066',NULL,NULL,NULL,'No','NTO',NULL,NULL,NULL,NULL,NULL,NULL),(48737447,NULL,'Taramani','yes','Nungambakkam, Chennai, Tamil Nadu, India','Home','2018-01-05 17:48:00','2018-01-05 19:18:00','Sick employee, Need a non-Ac car','Yes',1,'Yes','Pending','Pending','Pending','Yes','10066',NULL,NULL,NULL,'No','NTO',NULL,NULL,NULL,NULL,NULL,NULL),(48737448,NULL,'Taramani','yes','Nungambakkam, Chennai, Tamil Nadu, India','Home','2018-01-05 17:50:00','2018-01-05 19:20:00','Sick employee, Need a non-Ac car','Yes',1,'Yes','Pending','Pending','Pending','Yes','10066',NULL,NULL,NULL,'No','NTO',NULL,NULL,NULL,NULL,NULL,NULL),(48737449,NULL,'Taramani','yes','Nungambakkam, Chennai, Tamil Nadu, India','Home','2018-01-05 17:51:00','2018-01-05 19:21:00','Sick employee, Need a non-Ac car','Yes',1,'Yes','Pending','Pending','Pending','Yes','10066',NULL,NULL,NULL,'No','NTO',NULL,NULL,NULL,NULL,NULL,NULL),(48737450,NULL,'Taramani','yes','Nungambakkam, Chennai, Tamil Nadu, India','Home','2018-01-05 17:52:00','2018-01-05 19:22:00','Sick employee, Need a non-Ac car','Yes',1,'Yes','Pending','Pending','Pending','Yes','10066',NULL,NULL,NULL,'No','NTO',NULL,NULL,NULL,NULL,NULL,NULL),(48737451,NULL,'Nungambakkam, Chennai, Tamil Nadu, India',NULL,'Adyar, Chennai, Tamil Nadu, India','Home Drop','2018-01-05 17:56:00','2018-01-05 19:25:00','None','No',1,'Yes','Approved','Pending','Pending','Yes','10012',NULL,NULL,NULL,'No','Marketing','10011',NULL,NULL,NULL,NULL,NULL),(48737452,NULL,'Nugambakkam',NULL,'Vadapalani','Emergency','2018-01-05 17:57:00','2018-01-05 19:27:00','None','No',1,'Yes','Pending','Pending','Pending','Yes','10062',NULL,NULL,NULL,'No','NTO',NULL,NULL,NULL,NULL,NULL,NULL),(48737453,NULL,'Visakhapatnam, Andhra Pradesh, India',NULL,'Chennai Central, Chennai, Tamil Nadu, India','Official','2018-01-05 17:58:00','2018-01-05 22:25:00','None','No',2,'No','Auto-Approved','Pending','Pending','Yes','10011',NULL,NULL,NULL,'No','Marketing','10011',NULL,NULL,NULL,NULL,NULL),(48737454,NULL,'Nugambakkam',NULL,'Vadapalani','Emergency','2018-01-05 18:02:00','2018-01-05 19:32:00','None','No',1,'Yes','Approved','Pending','Decline By Operator','Yes','10062',NULL,NULL,NULL,'No','NTO','10061','200003','10003',NULL,NULL,NULL),(48737455,NULL,'Andhra Pradesh, India',NULL,'Chennai, Tamil Nadu, India','To Drop At Home','2018-01-05 18:06:00','2018-01-05 19:36:00','None','No',1,'Yes','Approved','Pending','Pending','Yes','10066',NULL,NULL,NULL,'No','NTO','10061',NULL,NULL,NULL,NULL,NULL),(48737456,NULL,'Nugambakkam',NULL,'Vadapalani','Emergency','2018-01-05 18:06:00','2018-01-05 19:36:00','None','No',1,'Yes','Approved','Pending','Pending','Yes','10062',NULL,NULL,NULL,'No','NTO','10061',NULL,NULL,NULL,NULL,NULL),(48737457,NULL,'Nungambakkam, Chennai, Tamil Nadu, India',NULL,'Tidel Park, Rajiv Gandhi IT Expressway, Taramani, Chennai, Tamil Nadu, India','Home Drop','2018-01-05 18:13:00','2018-01-05 19:43:00','None','No',1,'Yes','Rejected','Pending','Rejected by HOD','Yes','10012',NULL,NULL,NULL,'No','Marketing',NULL,'10011',NULL,'no cab',NULL,NULL),(48737458,NULL,'nungambakkam',NULL,'saidapet','Client Meeting','2018-01-05 18:26:00','2018-01-05 19:56:00','None','No',1,'Yes','Approved','Scheduled','Pending','Yes','10064',200003,NULL,NULL,'No','NTO','10061',NULL,'10003',NULL,NULL,NULL),(48737459,NULL,'Taramani','yes','Nungambakkam, Chennai, Tamil Nadu, India','Home','2018-01-05 18:27:00','2018-01-05 19:57:00','Sick employee, Need a non-Ac car','Yes',1,'Yes','Approved','Scheduled','Pending','Yes','10066',200003,NULL,NULL,'No','NTO','10061',NULL,'10003',NULL,NULL,NULL),(48737460,NULL,'Taramani','yes','Nungambakkam, Chennai, Tamil Nadu, India','Home','2018-01-05 18:29:00','2018-01-05 19:59:00','Sick employee, Need a non-Ac car','Yes',1,'Yes','Approved','Scheduled','Pending','Yes','10066',200003,NULL,NULL,'No','NTO','10061',NULL,'10003',NULL,NULL,NULL),(48737461,NULL,'Taramani','yes','Nungambakkam, Chennai, Tamil Nadu, India','Home','2018-01-05 18:33:00','2018-01-05 20:03:00','Sick employee, Need a non-Ac car','Yes',1,'Yes','Approved','Scheduled','Pending','Yes','10066',200003,NULL,NULL,'No','NTO','10061',NULL,'10003',NULL,NULL,NULL),(48737462,NULL,'Dehradun, Uttarakhand, India',NULL,'DQ Entertainment Limited, Road Number 3, Sagar Society, Sri Nagar Colony, Hyderabad, Telangana, India','Cs','2018-01-05 18:34:00','2018-01-05 20:04:00','None','No',1,'Yes','Approved','Scheduled','Pending','Yes','10066',200003,NULL,NULL,'No','NTO','10061',NULL,'10003',NULL,NULL,NULL),(48737463,NULL,'Nugambakkam',NULL,'Vadapalani','EMERGENCY','2018-01-05 18:34:00','2018-01-05 20:04:00','None','No',1,'Yes','Approved','Pending','Pending','Yes','10062',NULL,NULL,NULL,'No','NTO','10061',NULL,NULL,NULL,NULL,NULL),(48737464,NULL,'Taramani','yes','Nungambakkam, Chennai, Tamil Nadu, India','Home','2018-01-05 18:35:00','2018-01-05 20:05:00','Sick employee, Need a non-Ac car','Yes',1,'Yes','Approved','Pending','Pending','Yes','10066',NULL,NULL,NULL,'No','NTO','10061',NULL,NULL,NULL,NULL,NULL),(48737465,NULL,'Andhra Pradesh, India',NULL,'Chennai, Tamil Nadu, India','TO DROP AT HOME','2018-01-05 18:35:00','2018-01-05 20:05:00','None','No',1,'Yes','Approved','Pending','Pending','Yes','10066',NULL,NULL,NULL,'No','NTO','10061',NULL,NULL,NULL,NULL,NULL),(48737466,NULL,'Nugambakkam',NULL,'Vadapalani','EMERGENCY','2018-01-05 18:36:00','2018-01-05 20:06:00','None','No',1,'Yes','Approved','Pending','Pending','Yes','10062',NULL,NULL,NULL,'No','NTO','10061',NULL,NULL,NULL,NULL,NULL),(48737467,NULL,'Nugambakkam',NULL,'Vadapalani','EMERGENCY','2018-01-05 18:38:00','2018-01-05 20:08:00','None','No',1,'Yes','Approved','Pending','Pending','Yes','10062',NULL,NULL,NULL,'No','NTO','10061',NULL,NULL,NULL,NULL,NULL),(48737468,NULL,'Nugambakkam',NULL,'Vadapalani','EMERGENCY','2018-01-05 18:42:00','2018-01-05 20:12:00','None','No',1,'Yes','Approved','Pending','Pending','Yes','10062',NULL,NULL,NULL,'No','NTO','10061',NULL,NULL,NULL,NULL,NULL),(48737469,NULL,'Andhra Pradesh, India',NULL,'Chennai, Tamil Nadu, India','TO DROP AT HOME','2018-01-05 18:43:00','2018-01-05 20:13:00','None','No',1,'Yes','Approved','Pending','Pending','Yes','10066',NULL,NULL,NULL,'No','NTO','10061',NULL,NULL,NULL,NULL,NULL),(48737470,NULL,'Taramani','yes','Nungambakkam, Chennai, Tamil Nadu, India','Home','2018-01-05 19:16:13','2018-01-05 20:13:00','Sick employee, Need a non-Ac car','Yes',2,'No','Approved','Pending','Pending','Yes','10066',NULL,NULL,NULL,'No','NTO','10061',NULL,NULL,NULL,NULL,NULL),(48737471,NULL,'Petronet Lng Limited, Barakhamba, New Delhi, Delhi, India',NULL,'Noida Link Road, Mayur Vihar Phase 1, New Delhi, Delhi, India','Official','2018-01-05 18:49:00','2018-01-05 20:19:00','Tier-1 client, Need a luxury car','Yes',1,'Yes','Pending','Pending','Pending','Yes','10009',NULL,NULL,NULL,'No','Sales ',NULL,NULL,NULL,NULL,NULL,NULL),(48737472,NULL,'adyar',NULL,'Mylapore, Chennai, Tamil Nadu, India','CLIENT MEET','2018-01-05 19:08:00','2018-01-05 20:37:00','None','No',5,'Yes','Pending','Pending','Pending','Yes','10012',NULL,NULL,NULL,'No','Marketing',NULL,NULL,NULL,NULL,NULL,NULL),(48737473,NULL,'Nugambakkam',NULL,'Vadapalani','EMERGENCY','2018-01-05 19:08:00','2018-01-05 20:38:00','None','No',1,'Yes','Approved','Pending','Pending','Yes','10062',NULL,NULL,NULL,'No','NTO','10061',NULL,NULL,NULL,NULL,NULL),(48737474,NULL,'Saidapet, Chennai, Tamil Nadu, India',NULL,'Teynampet, Chennai, Tamil Nadu, India','HOME DROP','2018-01-05 19:10:00','2018-01-05 20:39:00','None','No',4,'Yes','Pending','Pending','Pending','Yes','10012',NULL,NULL,NULL,'Yes','Marketing',NULL,NULL,NULL,NULL,NULL,NULL),(48737475,NULL,'Hyderabad, Telangana, India',NULL,'Chennai, Tamil Nadu, India','OFFICIAL TRIP TO CHENNAI TO ATTEND A MEETING WITH THE CLIENT AND NEW VENDORS FOLLOWED BY PERSONAL.','2018-01-05 19:11:00','2018-01-05 22:40:00','None','No',1,'No','Pending','Pending','Pending','Yes','10012',NULL,NULL,NULL,'Yes','Marketing',NULL,NULL,NULL,NULL,NULL,NULL),(48737476,NULL,'Nugambakkam',NULL,'Vadapalani','EMERGENCY','2018-01-05 19:12:00','2018-01-05 20:42:00','None','No',1,'Yes','Approved','Pending','Pending','Yes','10062',NULL,NULL,NULL,'No','NTO','10061',NULL,NULL,NULL,NULL,NULL),(48737477,NULL,'Nugambakkam',NULL,'Vadapalani','EMERGENCY','2018-01-05 19:14:00','2018-01-05 20:44:00','None','No',1,'Yes','Approved','Pending','Pending','Yes','10062',NULL,NULL,NULL,'No','NTO','10061',NULL,NULL,NULL,NULL,NULL),(48737478,NULL,'Nugambakkam',NULL,'Vadapalani','EMERGENCY','2018-01-05 19:17:00','2018-01-05 20:47:00','None','No',1,'Yes','Approved','Pending','Pending','Yes','10062',NULL,NULL,NULL,'No','NTO','10061',NULL,NULL,NULL,NULL,NULL),(48737479,NULL,'Nugambakkam',NULL,'Vadapalani','EMERGENCY','2018-01-05 19:20:00','2018-01-05 20:50:00','None','No',1,'Yes','Approved','Pending','Pending','Yes','10062',NULL,NULL,NULL,'No','NTO','10061',NULL,NULL,NULL,NULL,NULL),(48737480,NULL,'Chennai central railway station waiting hall, Kannappar Thidal, Chennai, Tamil Nadu, India',NULL,'Gaurav Tower Marg, Vidhyadhar Nagar, Sector 10, Jaipur, Rajasthan, India','PERSONAL','2018-01-05 19:21:00','2018-01-05 20:51:00','None','No',1,'Yes','Pending','Pending','Pending','Yes','10012',NULL,NULL,NULL,'No','Marketing',NULL,NULL,NULL,NULL,NULL,NULL),(48737481,NULL,'Nugambakkam',NULL,'Vadapalani','EMERGENCY','2018-01-05 19:25:00','2018-01-05 20:55:00','None','No',1,'Yes','Approved','Pending','Pending','Yes','10062',NULL,NULL,NULL,'No','NTO','10061',NULL,NULL,NULL,NULL,NULL),(48737482,NULL,'Andhra Pradesh, India',NULL,'Chennai, Tamil Nadu, India','TO DROP AT HOME','2018-01-05 19:32:00','2018-01-05 21:02:00','None','No',1,'Yes','Approved','Pending','Pending','Yes','10066',NULL,NULL,NULL,'No','NTO','10061',NULL,NULL,NULL,NULL,NULL),(48737483,NULL,'Chennai Central, Chennai, Tamil Nadu, India',NULL,'Tambaram Bus Stand, Rajaji Road, Tambaram, Chennai, Tamil Nadu, India','Travelling','2018-01-05 19:32:00','2018-01-05 21:02:00','None','No',1,'Yes','Approved','Pending','Pending','Yes','10066',NULL,NULL,NULL,'No','NTO','10061',NULL,NULL,NULL,NULL,NULL),(48737484,NULL,'Nugambakkam',NULL,'Vadapalani','EMERGENCY','2018-01-05 19:34:00','2018-01-05 21:04:00','None','No',1,'Yes','Approved','Pending','Pending','Yes','10062',NULL,NULL,NULL,'No','NTO','10061',NULL,NULL,NULL,NULL,NULL),(48737485,NULL,'Nugambakkam',NULL,'Vadapalani','EMERGENCY','2018-01-05 19:39:00','2018-01-05 21:09:00','None','No',1,'Yes','Approved','Pending','Pending','Yes','10062',NULL,NULL,NULL,'No','NTO','10061',NULL,NULL,NULL,NULL,NULL),(48737486,NULL,'Nugambakkam',NULL,'Vadapalani','EMERGENCY','2018-01-05 20:01:00','2018-01-05 21:31:00','None','No',1,'Yes','Pending','Pending','Pending','Yes','10062',NULL,NULL,NULL,'No','NTO',NULL,NULL,NULL,NULL,NULL,NULL),(48737487,NULL,'Nugambakkam',NULL,'Vadapalani','EMERGENCY','2018-01-05 20:06:00','2018-01-05 21:36:00','None','No',1,'Yes','Pending','Pending','Pending','Yes','10062',NULL,NULL,NULL,'No','NTO',NULL,NULL,NULL,NULL,NULL,NULL),(48737488,NULL,'Andhra Pradesh, India',NULL,'Chennai, Tamil Nadu, India','TO DROP AT HOME','2018-01-05 20:09:00','2018-01-05 21:39:00','None','No',1,'Yes','Pending','Pending','Pending','Yes','10066',NULL,NULL,NULL,'No','NTO',NULL,NULL,NULL,NULL,NULL,NULL),(48737489,NULL,'Nugambakkam',NULL,'Vadapalani','EMERGENCY','2018-01-05 20:10:00','2018-01-05 21:40:00','None','No',1,'Yes','Pending','Pending','Pending','Yes','10062',NULL,NULL,NULL,'No','NTO',NULL,NULL,NULL,NULL,NULL,NULL),(48737490,NULL,'Secunderabad, Telangana, India','Surat, Gujarat, India','Surat, Gujarat, India','SHOPPINGDNJKJFSAHFKJLSFKLSDJ DSKFJKLDSJFLKJSDKLE KLDSFJ LDESJFJKL DKFSJKLSDJ FKLJS KLFJKLDSJFKLJKLDJ','2018-01-06 11:52:00','2018-01-06 13:21:00','None','No',1,'Yes','Pending','Pending','Pending','Yes','10066',NULL,NULL,NULL,'No','NTO',NULL,NULL,NULL,NULL,NULL,NULL),(48737491,NULL,'SSSS ENGINEERING COLLEGE MECHANICAL WORKSHOP, Anantapuram, Andhra Pradesh, India','Secunderabad, Telangana, India','SSSS Senior Secondary School, Majitha Road, Co-operative Colony, Joshi Colony, Amritsar, Punjab, India','MEETING','2018-01-06 12:37:00','2018-01-06 14:07:00','None','No',1,'Yes','Pending','Pending','Pending','Yes','10066',NULL,NULL,NULL,'No','NTO',NULL,NULL,NULL,NULL,NULL,NULL),(48737492,NULL,'Nungambakkam High Road, Ponnangipuram, Tirumurthy Nagar, Chennai, Tamil Nadu, India',NULL,'Taramani, Chennai, Tamil Nadu, India','HOME','2018-01-08 10:38:00','2018-01-08 12:07:00','None','No',1,'Yes','Approved','Pending','Pending','Yes','10066',NULL,NULL,NULL,'No','NTO','10061',NULL,NULL,NULL,NULL,NULL),(48737493,NULL,'Vishal Nagar, Pimpri-Chinchwad, Maharashtra, India',NULL,'Chennai central railway station waiting hall, Kannappar Thidal, Chennai, Tamil Nadu, India','OFFICIAL TRIP TO CHENNAI TO ATTEND A MEETING WITH THE CLIENT AND NEW VENDORS FOLLOWED BY PERSONAL.','2018-01-08 11:38:00','2018-01-08 13:08:00','Family emergency, need a separate car','Yes',1,'Yes','Pending','Pending','Pending','Yes','10004',NULL,NULL,NULL,'No','SDC',NULL,NULL,NULL,NULL,NULL,NULL),(48737494,NULL,'Chennai Central, Chennai, Tamil Nadu, India',NULL,'Hyderabad International Airport, Shamshabad, Hyderabad, Telangana, India','OFFICIAL','2018-01-08 11:41:00','2018-01-08 13:11:00','Family emergency, need a separate car','Yes',1,'Yes','Pending','Pending','Pending','Yes','10003',NULL,NULL,NULL,'No','SDC',NULL,NULL,NULL,NULL,NULL,NULL),(48737495,NULL,'adyar',NULL,'saidapet','DROP','2018-01-08 12:36:00','2018-01-08 14:05:00','None','No',1,'Yes','Approved','Scheduled','Cancelled','No','10064',200003,NULL,NULL,'No','NTO','10061',NULL,'10003',NULL,'EMPLOYEE_USER',NULL),(48737496,NULL,'Nungambakkam, Chennai, Tamil Nadu, India',NULL,'Maduravoyal, Chennai, Tamil Nadu, India','HOME DROP','2018-01-08 12:58:22','2018-01-08 14:06:00','None','No',1,'Yes','Pending','Pending','Pending','Yes','10064',NULL,NULL,NULL,'No','NTO',NULL,NULL,NULL,NULL,NULL,NULL),(48737497,NULL,'saidapet',NULL,'adyar','HOME DROP','2018-01-08 12:38:00','2018-01-08 14:08:00','None','No',1,'Yes','Approved','Pending','Decline By Operator','Yes','10064',NULL,NULL,NULL,'No','NTO','10061','200003','10003',NULL,NULL,NULL),(48737498,NULL,'chennai',NULL,'Madurai, Tamil Nadu, India','CLIENT MEET','2018-01-08 12:38:00','2018-01-08 14:08:00','None','No',1,'Yes','Approved','Scheduled','Confirmed','Yes','10064',200003,3011,40043,'No','NTO','10061',NULL,'10003',NULL,NULL,NULL),(48737499,NULL,'chennai',NULL,'Bangalore, Karnataka, India','CLIENT MEET','2018-01-08 12:39:00','2018-01-08 14:09:00','Tier-1 client, Need a luxury car','Yes',1,'Yes','Rejected','Pending','Rejected by HOD','Yes','10064',NULL,NULL,NULL,'No','NTO',NULL,'10061',NULL,'no permission',NULL,NULL),(48737500,NULL,'chennai',NULL,'Coimbatore, Tamil Nadu, India','CLIENT MEET','2018-01-08 12:40:00','2018-01-08 14:09:00','None','No',1,'Yes','Pending','Pending','Pending','Yes','10064',NULL,NULL,NULL,'Yes','NTO',NULL,NULL,NULL,NULL,NULL,NULL),(48737501,NULL,'Nungambakkam, Chennai, Tamil Nadu, India',NULL,'Adyar, Chennai, Tamil Nadu, India','HOME DROP','2018-01-08 12:41:00','2018-01-08 14:11:00','None','No',1,'Yes','Pending','Pending','Pending','Yes','10003',NULL,NULL,NULL,'No','SDC',NULL,NULL,NULL,NULL,NULL,NULL),(48737502,NULL,'Chembur East, Mumbai Suburban, Maharashtra, India',NULL,'Chennai International Airport, Meenambakkam, Chennai, Tamil Nadu, India','PERSONAL','2018-01-08 12:44:00','2018-01-08 14:13:00','Team outing, Need a mini Bus','Yes',1,'Yes','Pending','Pending','Pending','Yes','10002',NULL,NULL,NULL,'No',NULL,NULL,NULL,NULL,NULL,NULL,NULL),(48737503,NULL,'Bangalore, Karnataka, India',NULL,'Chennai, Tamil Nadu, India','CLIENT MEET','2018-01-08 12:45:00','2018-01-08 14:12:00','None','No',1,'Yes','Pending','Pending','Pending','Yes','10064',NULL,NULL,NULL,'No','NTO',NULL,NULL,NULL,NULL,NULL,NULL),(48737504,NULL,'Chennai - Theni Highway, Ganapathipuram, Chennai, Tamil Nadu, India',NULL,'Mumbai Central Railway Station Building, Mumbai Central, Mumbai, Maharashtra, India','PERSONAL','2018-01-08 12:45:00','2018-01-08 14:14:00','Team outing, Need a Tempo','Yes',1,'Yes','Auto-Approved','Rejected','Rejected by HR','Yes','10001',NULL,NULL,NULL,'No','Human Resources','10001','10003',NULL,'no operator available',NULL,NULL),(48737505,NULL,'saidapet',NULL,'Mugappair West, Mogappair, Chennai, Tamil Nadu, India','CLIENT MEET','2018-01-08 12:45:00','2018-01-08 14:15:00','None','No',1,'Yes','Pending','Pending','Pending','Yes','10064',NULL,NULL,NULL,'No','NTO',NULL,NULL,NULL,NULL,NULL,NULL),(48737506,NULL,'Nungambakkam, Chennai, Tamil Nadu, India',NULL,'Anna Nagar, Chennai, Tamil Nadu, India','HOME DROP','2018-01-08 12:46:00','2018-01-08 14:15:00','None','No',2,'Yes','Pending','Pending','Pending','Yes','10064',NULL,NULL,NULL,'Yes','NTO',NULL,NULL,NULL,NULL,NULL,NULL),(48737507,NULL,'Chennai International Airport, Meenambakkam, Chennai, Tamil Nadu, India',NULL,'Hyderabad International Airport, Shamshabad, Hyderabad, Telangana, India','PERSONAL','2018-01-08 12:46:00','2018-01-08 14:16:00','Tier-1 client, Need a luxury car','Yes',1,'Yes','Pending','Pending','Pending','Yes','10005',NULL,NULL,NULL,'No','Human Resources',NULL,NULL,NULL,NULL,NULL,NULL),(48737508,NULL,'chennai',NULL,'Hyderabad, Telangana, India','OFFICIAL MEETING','2018-01-08 12:46:00','2018-01-08 14:16:00','None','No',1,'Yes','Pending','Pending','Pending','Yes','10064',NULL,NULL,NULL,'No','NTO',NULL,NULL,NULL,NULL,NULL,NULL),(48737509,NULL,'chennai',NULL,'mylapore','HOME DROP','2018-01-08 12:47:00','2018-01-08 14:17:00','None','No',1,'Yes','Pending','Pending','Pending','Yes','10064',NULL,NULL,NULL,'No','NTO',NULL,NULL,NULL,NULL,NULL,NULL),(48737510,NULL,'Chennai, Tamil Nadu, India',NULL,'Hyderabad, Telangana, India','CLIENT MEET','2018-01-08 12:49:00','2018-01-08 14:18:00','None','No',1,'Yes','Rejected','Pending','Rejected by HOD','Yes','10064',NULL,NULL,NULL,'No','NTO',NULL,'10061',NULL,'not allowed',NULL,NULL),(48737511,NULL,'Anna Nagar, Chennai, Tamil Nadu, India',NULL,'Nungambakkam, Chennai, Tamil Nadu, India','HOME DROP','2018-01-08 12:49:00','2018-01-08 14:19:00','None','No',1,'Yes','Pending','Pending','Pending','Yes','10064',NULL,NULL,NULL,'No','NTO',NULL,NULL,NULL,NULL,NULL,NULL),(48737512,NULL,'Focus Infotech, 2nd Street, Sector 6, Nungambakkam, Chennai, Tamil Nadu, India','Home','Porur, Chennai, Tamil Nadu, India','DROP TO HOME.','2018-01-08 13:58:00','2018-01-08 20:27:00','None','No',3,'No','Approved','Scheduled','Pending','Yes','10073',200004,NULL,NULL,'No','NTO','10061',NULL,'10002',NULL,NULL,NULL),(48737513,NULL,'Focus Infotech, 2nd Street, Sector 6, Nungambakkam, Chennai, Tamil Nadu, India',NULL,'Porur, Chennai, Tamil Nadu, India','GOING HOME','2018-01-08 14:08:58','2018-01-08 20:27:00','None','No',1,'No','Approved','Rejected','Rejected by HR','Yes','10073',NULL,NULL,NULL,'No','NTO','10061','10003',NULL,'fgbsf',NULL,NULL),(48737514,NULL,'Andhra Pradesh, India',NULL,'Chennai, Tamil Nadu, India','TO DROP AT HOME','2018-01-08 14:52:00','2018-01-08 16:22:00','None','No',1,'Yes','Approved','Scheduled','Pending','Yes','10066',200003,NULL,NULL,'No','NTO','10061',NULL,'10003',NULL,NULL,NULL),(48737515,NULL,'Secunderabad, Telangana, India','Surat, Gujarat, India','Secunderabad, Telangana, India','SHOPPING','2018-01-08 14:56:00','2018-01-08 16:26:00','None','No',1,'Yes','Pending','Pending','Pending','Yes','10003',NULL,NULL,NULL,'No','SDC',NULL,NULL,NULL,NULL,NULL,NULL),(48737516,NULL,'Nugambakkam',NULL,'Vadapalani','EMERGENCY','2018-01-08 15:04:00','2018-01-08 16:34:00','None','No',1,'Yes','Approved','Pending','Pending','Yes','10062',NULL,NULL,NULL,'No','NTO','10061',NULL,NULL,NULL,NULL,NULL),(48737517,NULL,'Chennai, Tamil Nadu, India','Chennai, Tamil Nadu, India','Chennai, Tamil Nadu, India','Meeting','2018-01-08 15:11:00','2018-01-08 16:41:00','None','No',1,'Yes','Pending','Pending','Pending','Yes','10017',NULL,NULL,NULL,'No','Admin',NULL,NULL,NULL,NULL,NULL,NULL),(48737518,NULL,'Nugambakkam',NULL,'Vadapalani','EMERGENCY','2018-01-08 15:13:00','2018-01-08 16:43:00','None','No',1,'Yes','Approved','Pending','Pending','Yes','10062',NULL,NULL,NULL,'No','NTO','10061',NULL,NULL,NULL,NULL,NULL),(48737519,NULL,'Nugambakkam',NULL,'Vadapalani','EMERGENCY','2018-01-08 15:19:00','2018-01-08 16:49:00','None','No',1,'Yes','Approved','Pending','Pending','Yes','10062',NULL,NULL,NULL,'No','NTO','10061',NULL,NULL,NULL,NULL,NULL),(48737520,NULL,'Nugambakkam',NULL,'Vadapalani','EMERGENCY','2018-01-08 15:23:00','2018-01-08 16:53:00','None','No',1,'Yes','Approved','Pending','Pending','Yes','10062',NULL,NULL,NULL,'No','NTO','10061',NULL,NULL,NULL,NULL,NULL),(48737521,NULL,'Nugambakkam',NULL,'Vadapalani','EMERGENCY','2018-01-08 15:29:00','2018-01-08 16:59:00','None','No',1,'Yes','Approved','Pending','Pending','Yes','10062',NULL,NULL,NULL,'No','NTO','10061',NULL,NULL,NULL,NULL,NULL),(48737522,NULL,'Nugambakkam',NULL,'Vadapalani','EMERGENCY','2018-01-08 15:33:00','2018-01-08 17:03:00','None','No',1,'Yes','Approved','Pending','Pending','Yes','10062',NULL,NULL,NULL,'No','NTO','10061',NULL,NULL,NULL,NULL,NULL),(48737523,NULL,'Nungambakkam, Chennai, Tamil Nadu, India',NULL,'Adyar, Chennai, Tamil Nadu, India','CLIENT MEET','2018-01-08 15:34:00','2018-01-09 17:04:00','Tier-1 client, Need a luxury car','Yes',1,'No','Approved','Rejected','Rejected by HR','Yes','10064',NULL,NULL,NULL,'No','NTO','10061','10003',NULL,'no cabs',NULL,NULL),(48737524,NULL,'Anna Nagar, Chennai, Tamil Nadu, India',NULL,'Kodambakkam, Chennai, Tamil Nadu, India','HOME DROP','2018-01-08 15:38:47','2018-01-08 17:05:00','None','No',2,'Yes','Approved','Pending','Pending','Yes','10064',NULL,NULL,NULL,'Yes','NTO','10061',NULL,NULL,NULL,NULL,NULL),(48737525,NULL,'Nungambakkam, Chennai, Tamil Nadu, India',NULL,'Mylapore, Chennai, Tamil Nadu, India','HOME DROP','2018-01-08 15:37:00','2018-01-08 17:07:00','None','No',1,'Yes','Approved','Pending','Pending','Yes','10064',NULL,NULL,NULL,'No','NTO','10061',NULL,NULL,NULL,NULL,NULL),(48737526,NULL,'Nugambakkam',NULL,'Vadapalani','EMERGENCY','2018-01-08 15:38:00','2018-01-08 17:08:00','None','No',1,'Yes','Approved','Pending','Pending','Yes','10062',NULL,NULL,NULL,'No','NTO','10061',NULL,NULL,NULL,NULL,NULL),(48737527,NULL,'Chennai, Tamil Nadu, India',NULL,'Chennai, Tamil Nadu, India','TEST','2018-01-08 15:39:00','2018-01-10 17:09:00','None','No',1,'No','Approved','Scheduled','Confirmed','Yes','10005',200003,3011,40087,'No','Human Resources','10001',NULL,'10003',NULL,NULL,NULL),(48737528,NULL,'Nugambakkam',NULL,'Vadapalani','EMERGENCY','2018-01-08 15:43:00','2018-01-08 17:13:00','None','No',1,'Yes','Approved','Pending','Pending','Yes','10062',NULL,NULL,NULL,'No','NTO','10061',NULL,NULL,NULL,NULL,NULL),(48737529,NULL,'Nugambakkam',NULL,'Vadapalani','EMERGENCY','2018-01-08 15:52:00','2018-01-08 17:22:00','None','No',1,'Yes','Approved','Pending','Pending','Yes','10062',NULL,NULL,NULL,'No','NTO','10061',NULL,NULL,NULL,NULL,NULL),(48737530,NULL,'Nugambakkam',NULL,'Vadapalani','EMERGENCY','2018-01-08 15:56:00','2018-01-08 17:26:00','None','No',1,'Yes','Approved','Pending','Pending','Yes','10062',NULL,NULL,NULL,'No','NTO','10061',NULL,NULL,NULL,NULL,NULL),(48737531,NULL,'Nugambakkam',NULL,'Vadapalani','EMERGENCY','2018-01-08 16:02:00','2018-01-08 17:32:00','None','No',1,'Yes','Approved','Pending','Pending','Yes','10062',NULL,NULL,NULL,'No','NTO','10061',NULL,NULL,NULL,NULL,NULL),(48737532,NULL,'Nugambakkam',NULL,'Vadapalani','EMERGENCY','2018-01-08 16:05:00','2018-01-08 17:35:00','None','No',1,'Yes','Approved','Pending','Pending','Yes','10062',NULL,NULL,NULL,'No','NTO','10061',NULL,NULL,NULL,NULL,NULL),(48737533,NULL,'Nugambakkam',NULL,'Vadapalani','EMERGENCY','2018-01-08 16:06:00','2018-01-08 17:36:00','None','No',1,'Yes','Approved','Pending','Pending','Yes','10062',NULL,NULL,NULL,'No','NTO','10061',NULL,NULL,NULL,NULL,NULL),(48737534,NULL,'Nugambakkam',NULL,'Vadapalani','EMERGENCY','2018-01-08 16:48:00','2018-01-08 18:18:00','None','No',1,'Yes','Approved','Pending','Pending','Yes','10062',NULL,NULL,NULL,'No','NTO','10061',NULL,NULL,NULL,NULL,NULL),(48737535,NULL,'Nugambakkam',NULL,'Vadapalani','EMERGENCY','2018-01-08 16:50:00','2018-01-08 18:20:00','None','No',1,'Yes','Approved','Pending','Pending','Yes','10062',NULL,NULL,NULL,'No','NTO','10061',NULL,NULL,NULL,NULL,NULL),(48737536,NULL,'Aassi Kalan, Punjab, India',NULL,'XSC Techsol Pvt Ltd, 2nd Avenue, Block B, B Block, Chennai, Tamil Nadu, India','HOME','2018-01-08 17:02:00','2018-01-08 18:32:00','None','No',1,'Yes','Approved','Pending','Pending','Yes','10066',NULL,NULL,NULL,'No','NTO','10061',NULL,NULL,NULL,NULL,NULL),(48737537,NULL,'Nugambakkam',NULL,'Vadapalani','EMERGENCY','2018-01-08 17:10:00','2018-01-08 18:40:00','None','No',1,'Yes','Approved','Pending','Pending','Yes','10062',NULL,NULL,NULL,'No','NTO','10061',NULL,NULL,NULL,NULL,NULL),(48737538,NULL,'Nungambakkam, Chennai, Tamil Nadu, India',NULL,'adyar','HOME DROP','2018-01-08 17:13:00','2018-01-08 18:42:00','None','No',1,'Yes','Auto-Approved','Rejected','Rejected by HR','Yes','10011',NULL,NULL,NULL,'No','Marketing','10011','10003',NULL,'nooo',NULL,NULL),(48737539,NULL,'Saidapet, Chennai, Tamil Nadu, India',NULL,'Nungambakkam, Chennai, Tamil Nadu, India','OFFICE','2018-01-08 17:13:00','2018-01-08 18:43:00','None','No',1,'Yes','Approved','Pending','Cancelled','No','10012',NULL,NULL,NULL,'No','Marketing','10011',NULL,NULL,NULL,'EMPLOYEE_USER',NULL),(48737540,NULL,'Tiruvottiyur, Chennai, Tamil Nadu, India',NULL,'Anna Nagar, Chennai, Tamil Nadu, India','OFFICIAL','2018-01-08 17:14:00','2018-01-08 18:43:00','None','No',1,'Yes','Rejected','Pending','Rejected by HOD','Yes','10012',NULL,NULL,NULL,'No','Marketing',NULL,'10011',NULL,'sgth',NULL,NULL),(48737541,NULL,'Chennai, Tamil Nadu, India',NULL,'Bangalore, Karnataka, India','CLIENT MEETING','2018-01-08 17:14:00','2018-01-08 18:44:00','None','No',1,'Yes','Approved','Rejected','Rejected by HR','Yes','10012',NULL,NULL,NULL,'No','Marketing','10011','10003',NULL,'no cabs',NULL,NULL),(48737542,NULL,'Nugambakkam',NULL,'Vadapalani','EMERGENCY','2018-01-08 17:16:00','2018-01-08 18:46:00','None','No',1,'Yes','Approved','Pending','Pending','Yes','10062',NULL,NULL,NULL,'No','NTO','10061',NULL,NULL,NULL,NULL,NULL),(48737543,NULL,'Nugambakkam',NULL,'Vadapalani','EMERGENCY','2018-01-08 17:19:00','2018-01-08 18:49:00','None','No',1,'Yes','Approved','Pending','Pending','Yes','10062',NULL,NULL,NULL,'No','NTO','10061',NULL,NULL,NULL,NULL,NULL),(48737544,NULL,'Nugambakkam',NULL,'Vadapalani','EMERGENCY','2018-01-08 17:20:00','2018-01-08 18:50:00','None','No',1,'Yes','Approved','Pending','Pending','Yes','10062',NULL,NULL,NULL,'No','NTO','10061',NULL,NULL,NULL,NULL,NULL),(48737545,NULL,'Nungambakkam',NULL,'Vadapalani','MEETING','2018-01-08 17:37:00','2018-01-08 19:07:00','None','No',1,'Yes','Approved','Pending','Pending','Yes','10066',NULL,NULL,NULL,'No','NTO','10061',NULL,NULL,NULL,NULL,NULL),(48737546,NULL,'Nungambakkam',NULL,'Vadapalani','MEETING','2018-01-08 17:38:00','2018-01-08 19:08:00','None','No',1,'Yes','Approved','Pending','Pending','Yes','10066',NULL,NULL,NULL,'No','NTO','10061',NULL,NULL,NULL,NULL,NULL),(48737547,NULL,'Nungambakkam',NULL,'Vadapalani','MEETING','2018-01-08 17:39:00','2018-01-08 19:09:00','None','No',1,'Yes','Approved','Pending','Pending','Yes','10066',NULL,NULL,NULL,'No','NTO','10061',NULL,NULL,NULL,NULL,NULL),(48737548,NULL,'Nugambakkam',NULL,'Vadapalani','EMERGENCY','2018-01-08 17:47:00','2018-01-08 19:17:00','None','No',1,'Yes','Approved','Pending','Pending','Yes','10062',NULL,NULL,NULL,'No','NTO','10061',NULL,NULL,NULL,NULL,NULL),(48737549,NULL,'Andhra Pradesh, India',NULL,'Chennai, Tamil Nadu, India','TO DROP AT HOME','2018-01-08 17:48:00','2018-01-08 19:18:00','None','No',1,'Yes','Approved','Pending','Pending','Yes','10066',NULL,NULL,NULL,'No','NTO','10061',NULL,NULL,NULL,NULL,NULL),(48737550,NULL,'Nugambakkam',NULL,'Vadapalani','EMERGENCY','2018-01-08 17:52:00','2018-01-08 19:22:00','None','No',1,'Yes','Approved','Scheduled','Confirmed','Yes','10062',200003,3013,40003,'No','NTO','10061',NULL,'10003',NULL,NULL,NULL),(48737551,NULL,'Andhra Pradesh, India',NULL,'Chennai, Tamil Nadu, India','TO DROP AT HOME','2018-01-08 18:13:00','2018-01-08 19:43:00','None','No',1,'Yes','Approved','Scheduled','Confirmed','Yes','10066',200003,3010,40023,'No','NTO','10061',NULL,'10003',NULL,NULL,NULL),(48737552,NULL,'Nungambakkam, Chennai, Tamil Nadu, India',NULL,'Saidapet, Chennai, Tamil Nadu, India','HOME DROP','2018-01-08 18:20:00','2018-01-09 19:49:00','None','No',1,'No','Auto-Approved','Rejected','Rejected by HR','Yes','10061',NULL,NULL,NULL,'No','NTO','10061','10003',NULL,'no cab',NULL,NULL),(48737553,NULL,'Anna Nagar, Chennai, Tamil Nadu, India',NULL,'Adyar, Chennai, Tamil Nadu, India','HOME DROP','2018-01-08 18:22:00','2018-01-09 19:52:00','None','No',1,'No','Auto-Approved','Scheduled','Pending','Yes','10061',200007,NULL,NULL,'No','NTO','10061',NULL,'10003',NULL,NULL,NULL),(48737554,NULL,'Nugambakkam',NULL,'Vadapalani','EMERGENCY','2018-01-08 19:03:00','2018-01-08 20:33:00','None','No',1,'Yes','Approved','Scheduled','Confirmed','Yes','10062',200003,3010,40003,'No','NTO','10061',NULL,'10003',NULL,NULL,NULL),(48737555,NULL,'Andhra Pradesh, India',NULL,'Chennai, Tamil Nadu, India','TO DROP AT HOME','2018-01-08 19:04:00','2018-01-08 20:34:00','None','No',1,'Yes','Approved','Scheduled','Pending','Yes','10066',200004,NULL,NULL,'No','NTO','10061',NULL,'10003',NULL,NULL,NULL),(48737556,NULL,'Andhra Pradesh, India',NULL,'Chennai, Tamil Nadu, India','TO DROP AT HOME','2018-01-08 19:07:00','2018-01-08 20:37:00','None','No',1,'Yes','Approved','Scheduled','Pending','Yes','10066',200002,NULL,NULL,'No','NTO','10061',NULL,'10003',NULL,NULL,NULL),(48737557,NULL,'Nugambakkam',NULL,'Vadapalani','EMERGENCY','2018-01-08 19:10:00','2018-01-08 20:40:00','None','No',1,'Yes','Approved','Scheduled','Confirmed','Yes','10062',200003,3011,40063,'No','NTO','10061',NULL,'10003',NULL,NULL,NULL),(48737558,NULL,'Chennai, Tamil Nadu, India','Chennai, Tamil Nadu, India','Chennai, Tamil Nadu, India','Meeting','2018-01-08 19:11:00','2018-01-08 20:41:00','Pregnant employee, Need a sedan','Yes',1,'Yes','Pending','Pending','Pending','Yes','10017',NULL,NULL,NULL,'No','Admin',NULL,NULL,NULL,NULL,NULL,NULL),(48737559,NULL,'Secunderabad, Telangana, India','Secunderabad, Telangana, India','Surat, Gujarat, India','Meeting','2018-01-08 19:12:00','2018-01-08 20:42:00','Family emergency, need a separate car','Yes',1,'Yes','Pending','Pending','Pending','Yes','10017',NULL,NULL,NULL,'No','Admin',NULL,NULL,NULL,NULL,NULL,NULL),(48737560,NULL,'Andhra Pradesh, India',NULL,'Chennai, Tamil Nadu, India','TO DROP AT HOME','2018-01-08 19:13:00','2018-01-08 20:43:00','None','No',1,'Yes','Approved','Scheduled','Confirmed','Yes','10066',200003,3010,40003,'No','NTO','10061',NULL,'10003',NULL,NULL,NULL),(48737561,NULL,'Andhra Pradesh, India',NULL,'Chennai, Tamil Nadu, India','TO DROP AT HOME','2018-01-08 19:17:00','2018-01-08 20:47:00','None','No',1,'Yes','Approved','Scheduled','Pending','Yes','10066',200008,NULL,NULL,'No','NTO','10061',NULL,'10003',NULL,NULL,NULL),(48737562,NULL,'Andhra Pradesh, India',NULL,'Chennai, Tamil Nadu, India','TO DROP AT HOME','2018-01-08 19:19:00','2018-01-08 20:49:00','None','No',1,'Yes','Approved','Scheduled','Pending','Yes','10066',200006,NULL,NULL,'No','NTO','10061',NULL,'10003',NULL,NULL,NULL),(48737563,NULL,'Nugambakkam',NULL,'Vadapalani','EMERGENCY','2018-01-08 19:21:00','2018-01-08 20:51:00','None','No',1,'Yes','Approved','Scheduled','Pending','Yes','10062',200006,NULL,NULL,'No','NTO','10061',NULL,'10003',NULL,NULL,NULL),(48737564,NULL,'Nugambakkam',NULL,'Vadapalani','EMERGENCY','2018-01-08 19:26:00','2018-01-08 20:56:00','None','No',1,'Yes','Approved','Scheduled','Confirmed','Yes','10062',200003,3010,40003,'No','NTO','10061',NULL,'10003',NULL,NULL,NULL),(48737565,NULL,'Nugambakkam',NULL,'Vadapalani','EMERGENCY','2018-01-08 19:30:00','2018-01-08 21:00:00','None','No',1,'Yes','Approved','Scheduled','Confirmed','Yes','10062',200003,3010,40023,'No','NTO','10061',NULL,'10003',NULL,NULL,NULL),(48737566,NULL,'Nugambakkam',NULL,'Vadapalani','EMERGENCY','2018-01-08 19:33:00','2018-01-08 21:03:00','None','No',1,'Yes','Approved','Scheduled','Confirmed','Yes','10062',200003,3010,40003,'No','NTO','10061',NULL,'10003',NULL,NULL,NULL),(48737567,NULL,'Nugambakkam',NULL,'Vadapalani','EMERGENCY','2018-01-08 19:37:00','2018-01-08 21:07:00','None','No',1,'Yes','Approved','Scheduled','Confirmed','Yes','10062',200003,3013,40003,'No','NTO','10061',NULL,'10003',NULL,NULL,NULL),(48737568,NULL,'Nugambakkam',NULL,'Vadapalani','EMERGENCY','2018-01-08 19:42:00','2018-01-08 21:12:00','None','No',1,'Yes','Approved','Scheduled','Confirmed','Yes','10062',200003,3010,40003,'No','NTO','10061',NULL,'10003',NULL,NULL,NULL),(48737569,NULL,'Nugambakkam',NULL,'Vadapalani','EMERGENCY','2018-01-08 19:44:00','2018-01-08 21:14:00','None','No',1,'Yes','Approved','Scheduled','Confirmed','Yes','10062',200003,3011,40003,'No','NTO','10061',NULL,'10003',NULL,NULL,NULL),(48737570,NULL,'Nugambakkam',NULL,'Vadapalani','EMERGENCY','2018-01-08 19:49:00','2018-01-08 21:19:00','None','No',1,'Yes','Approved','Scheduled','Confirmed','Yes','10062',200003,3011,40003,'No','NTO','10061',NULL,'10003',NULL,NULL,NULL),(48737571,NULL,'Nugambakkam',NULL,'Vadapalani','EMERGENCY','2018-01-08 19:51:00','2018-01-08 21:21:00','None','No',1,'Yes','Approved','Scheduled','Confirmed','Yes','10062',200003,3013,40003,'No','NTO','10061',NULL,'10003',NULL,NULL,NULL),(48737572,NULL,'Andhra Pradesh, India',NULL,'Chennai, Tamil Nadu, India','TO DROP AT HOME','2018-01-08 19:59:00','2018-01-08 21:29:00','None','No',1,'Yes','Pending','Pending','Pending','Yes','10066',NULL,NULL,NULL,'No','NTO',NULL,NULL,NULL,NULL,NULL,NULL),(48737573,NULL,'Nungambakkam',NULL,'Vadapalani','MEETING','2018-01-08 20:03:00','2018-01-08 21:33:00','None','No',1,'Yes','Pending','Pending','Pending','Yes','10066',NULL,NULL,NULL,'No','NTO',NULL,NULL,NULL,NULL,NULL,NULL),(48737574,NULL,'Nungambakkam',NULL,'Vadapalani','MEETING','2018-01-08 20:04:00','2018-01-08 21:34:00','None','No',1,'Yes','Pending','Pending','Pending','Yes','10066',NULL,NULL,NULL,'No','NTO',NULL,NULL,NULL,NULL,NULL,NULL),(48737575,NULL,'Andhra Pradesh, India',NULL,'Chennai, Tamil Nadu, India','TO DROP AT HOME','2018-01-08 20:08:00','2018-01-08 21:38:00','None','No',1,'Yes','Pending','Pending','Pending','Yes','10066',NULL,NULL,NULL,'No','NTO',NULL,NULL,NULL,NULL,NULL,NULL),(48737576,NULL,'Andhra Pradesh, India',NULL,'Chennai, Tamil Nadu, India','TO DROP AT HOME','2018-01-08 20:09:00','2018-01-08 21:39:00','None','No',1,'Yes','Pending','Pending','Pending','Yes','10066',NULL,NULL,NULL,'No','NTO',NULL,NULL,NULL,NULL,NULL,NULL),(48737577,NULL,'Nungambakkam, Chennai, Tamil Nadu, India',NULL,'Mylapore, Chennai, Tamil Nadu, India','HOME DROP','2018-01-09 10:08:00','2018-01-09 11:37:00','None','No',1,'Yes','Approved','Pending','Pending','Yes','10066',NULL,NULL,NULL,'No','NTO','10061',NULL,NULL,NULL,NULL,NULL),(48737578,NULL,'Chennai, Tamil Nadu, India',NULL,'Tambaram, Chennai, Tamil Nadu, India','TRAVELLING','2018-01-09 11:45:00','2018-01-09 16:15:00','None','No',1,'No','Approved','Rejected','Rejected by HR','Yes','10066',NULL,NULL,NULL,'No','NTO','10061','10003','10003','No Cab',NULL,NULL),(48737579,NULL,'Chennai, Tamil Nadu, India',NULL,'Tambaram, Chennai, Tamil Nadu, India','TRAVELLING','2018-01-09 11:54:00','2018-01-09 13:24:00','None','No',1,'Yes','Approved','Scheduled','Pending','Yes','10066',200003,NULL,NULL,'No','NTO','10061',NULL,'10003',NULL,NULL,NULL),(48737580,NULL,'Chennai, Tamil Nadu, India',NULL,'Velachery, Chennai, Tamil Nadu, India','NTO TEAM MEETING','2018-01-09 11:56:00','2018-01-09 13:26:00','None','No',1,'Yes','Approved','Pending','Decline By Operator','Yes','10066',NULL,NULL,NULL,'No','NTO','10061','200003','10003',NULL,NULL,NULL),(48737581,NULL,'Chennai, Tamil Nadu, India',NULL,'Tambaram, Chennai, Tamil Nadu, India','TRAVELLING','2018-01-08 14:58:00','2018-01-08 16:28:00','None','No',2,'Yes','Auto-Approved','Scheduled','Confirmed','Yes','10061',200003,3010,40023,'No','NTO','10061',NULL,'10003',NULL,NULL,NULL);
/*!40000 ALTER TABLE `etms_booking_records` ENABLE KEYS */;
UNLOCK TABLES;

--
-- Table structure for table `etms_cab_drivers`
--

DROP TABLE IF EXISTS `etms_cab_drivers`;
/*!40101 SET @saved_cs_client     = @@character_set_client */;
/*!40101 SET character_set_client = utf8 */;
CREATE TABLE `etms_cab_drivers` (
  `driver_Id` int(15) NOT NULL AUTO_INCREMENT,
  `driver_First_Name` varchar(45) DEFAULT NULL,
  `driver_Middle_Name` varchar(45) DEFAULT NULL,
  `driver_Last_Name` varchar(45) DEFAULT NULL,
  `driver_Address` varchar(255) DEFAULT NULL,
  `driver_Phone_No` varchar(45) DEFAULT NULL,
  `email_Id` varchar(45) DEFAULT NULL,
  `driver_Status` varchar(45) DEFAULT NULL,
  `cab_Operator_Id` int(15) DEFAULT NULL,
  `profile_Photo` blob,
  `driver_Licence_Copy` varchar(45) DEFAULT NULL,
  `driver_Licence_No` varchar(100) DEFAULT NULL,
  PRIMARY KEY (`driver_Id`)
) ENGINE=InnoDB AUTO_INCREMENT=3119 DEFAULT CHARSET=utf8;
/*!40101 SET character_set_client = @saved_cs_client */;

--
-- Dumping data for table `etms_cab_drivers`
--

LOCK TABLES `etms_cab_drivers` WRITE;
/*!40000 ALTER TABLE `etms_cab_drivers` DISABLE KEYS */;
INSERT INTO `etms_cab_drivers` VALUES (3001,'Harsh','Ananth','Patel','142/e Habibullah Road, T Nagar,Chennai,Tamil Nadu','1873437564','harsh.p@cabatrip.com','Deleted',200002,'profile_Photo ','NULL','TN-75-2010-0008800'),(3002,'Devapriya','Ananth','Nagarajan','4/6, Kamarajar Salai, Mandhi Naicker Thottam, Royala Nagar, Ramapuram, Chennai,Tamil Nadu','1885426989','devaraj.n@cabatrip.com','Deleted',200002,'...','NULL','MH-09-2013-0003369'),(3003,'Gopal','Manoj','Murthy','96, Yeshwanthpura, Pondicherry','1885545654','gopal.m@cabatrip.com','Deleted',200002,'...','NULL','KA-19-2013-0085649'),(3004,'Satish ','Hari','Kumar','94, Binoya Society, Hadapsar,Lucknow,Uttar Pradesh','1455456554','satish .k@cabatrip.com','Active',200002,'...','NULL','WB-20-2016-0047638'),(3005,'Vishnu',NULL,'Chadda','No. 8, Third Cross Street, Sterling Road, Nungambakkam,Chennai,Tamil Nadu','1525896748','vishnu.c@cabatrip.com','Active',200002,'...','NULL','KL-24-2016-0062821'),(3006,'Shivash','Neiruban','Kumar','37/40,Near Mallikarjuna Temple,Kasaragod,Kerala','1259686874','shivash.k@cabatrip.com','Active',200002,'...','NULL','KA-34-2010-0085463'),(3007,'Unthavan',NULL,'Gohulan','99, 5rd, Bholawada, Kalbadevi, Mumbai, Maharashtra','1635926358','unthavan.g@cabatrip.com','Active',200002,'...','NULL','KA-53-2010-0084254'),(3008,'Miresh','Vikram','Venkatesh','Plot No.69, Sheela nagar, Madipakkam,Chennai,Tamil Nadu','1689745877','miresh.v@cabatrip.com','Active',200002,'','NULL','KA-04-2011-0025132'),(3009,'Mahesh',NULL,'Devarshan','414, 3rd Floor, 4th Block, 17th Main, 100 Feet Road Kelzar, Chandrapur,Maharashtra','1578596875','mahesh.d@cabopnow.com','Deleted',200003,'...','NULL','MH-34-2010-0073122'),(3010,'Vipul',NULL,'L','Gr Floor,6/15, 5, Vasunadhara Bldg, Bhulabahi Desai Road,Nagpur,Maharashtra','1674877752','vipul.l@cabopnow.com','Active',200003,'...','NULL','MH-31-2016-0051233'),(3011,'Divahar','Venesh','Komagan','kanjirathingal, Near Railway Station, Laloor,Trissur,Kerala','1674832569','divahar.k@cabopnow.com','Active',200003,'...','NULL','KL-08-2009-0015263'),(3012,'Anesh','Gopi','Pugal','1st Floor,Ambika Arcade,Mahatma Gandhi Road ,Trissur,Kerala','1526741958','anesh.p@cabopnow.com','Active',200003,'...','NULL','KL-08-2013-0011753'),(3013,'Abhinav','Parikh','A','12,Deep Chambers, Krupal Society, Manjalpur,Vadodara,Gujurat','1477236529','abhinav.a@cabopnow.com','Active',200003,'...','NULL','GJ-06-2015-0021758'),(3014,'Harsh',NULL,'Nagarajan','S2,Rangarajapuram 3rd Street,Kodambakkam,Chennai,Tamil Nadu','1563696648','harsh.n@cabopnow.com','Active',200003,'...','NULL','WB-02-2013-0078465'),(3015,'Narain',NULL,'Viswanathan','D27,shp17, Nakoda Plaza, Mount Road, Mount Road, Chennai, Tamil Nadu','1669635958','narain.v@cabopnow.com','Active',200003,'','NULL','TS-02-2013-0048559'),(3016,'Vathsan','Divakeerthi','Neiruban','310, Dopngre Building, Dr D B Marg, Lamington Road,Mumbai,Maharashtra','1885479623','vathsan.n@cabopnow.com','Active',200003,'','NULL','PB-12-2011-0014578'),(3017,'Arularasan',NULL,'U','17, Chowringhee Road, Dharmatala, Kolkata, West Bengal','1475484596','arularasan.u@tripvigo.com','Deleted',200005,'','NULL','RJ-32-2010-0085425'),(3018,'Jiththan','Sreenath','Hegadi','456, 2rd Floor, 6th Block, 20th Main, 100 Feet Road Mansar, Nagpur,Maharashtra','1254458963','jiththan.h@tripvigo.com','Active',200005,'','NULL','SK-18-2012-0052563'),(3019,'Rajendran','Methuraj','K','32/20, Dr Gurusamy Rd, Chetpet, Chennai, Tamil Nadu','1427452562','rajendran.k@tripvigo.com','Active',200005,'','NULL','TN-16-2008-0045256'),(3020,'Isai','Amuthan','P','Old No.625 NewNo.450,T H Rd, Tondiarpet, , Chennai, Tamil Nadu','1223633695','isai.p@tripvigo.com','Active',200005,'','NULL','TS-02-2009-0054869'),(3021,'Saanakyan','Anujaya','Tamilchelvan','Evrath Nagar, Eastern Express High Way, Sion,Mumbai,Maharashtra','1542545875','saanakyan.t@tripvigo.com','Active',200005,'','NULL','UP-11-2014-0052683'),(3022,'Sri','Hariprasath','Krishna','Plot No 4 Chandragiri Colony Main Road Trimulgherry Secundarabad,Telangana','1898568563','sri.k@tripvigo.com','Active',200005,'','NULL','BR-19-2011-0041572'),(3023,'Avanish',NULL,'Tharmehan','608, Th Road, Tondairpet, Chennai, Tamil Nadu','1554874589','avanish.t@tripvigo.com','Active',200005,'','NULL','WB-20-2009-0046878'),(3024,'Venkatesh',NULL,'Shivash','Door No.44, Rajani Bhawan,m.g.road, Indore, Madhya Pradesh','1458265320','venkatesh.s@tripvigo.com','Active',200005,'','NULL','TN-75-2008-0025416'),(3025,'Mithilen','Manoj','Kumar','59b, Lillypond Shpg Cplx, Mount Road, Park Town, Chennai, Tamil Nadu','1522569563','mithilen.k@trektaxi.com','Active',200006,'','NULL','MH-09-2011-0006347'),(3026,'Jiththan','Divakeerthi','L','5, Saraswathi Street, Mahalingapuram, Chennai, Tamil Nadu','1998756256','jiththan.l@trektaxi.com','Active',200006,'','NULL','KA-19-2013-0085448'),(3027,'Adithya',NULL,'Gopalaswami','15, Dhan Laxmi Apt, Mahakali Road, Andheri (west), Mumbai, Maharashtra','1475458458','adithya.g@trektaxi.com','Active',200006,'','NULL','WB-20-2014-0045985'),(3028,'Ananth','Vishnu','Murthy','935, Spencer Plaza Salai, Chintadripet, Chennai, Tamil Nadu','1425263521','ananth.m@trektaxi.com','Active',200006,'','NULL','KL-24-2012-0068412'),(3029,'Devaraj','Kopalan','L','19/2, 1-c, J P Towers, N H Road, Nungambakkam, Chennai,Tamil Nadu','1745625632','devaraj.l@trektaxi.com','Active',200006,'','NULL','KA-53-2010-002546'),(3030,'Divahar',NULL,'Hariprasath','36, Old No 18/5, Velachery Road, Little Mount, Saidapet,Chennai, Tamil Nadu','1452485965','divahar.h@trektaxi.com','Active',200006,'','NULL','KA-04-2008-0025496'),(3031,'Karsan','Balasubramanian','S','358 P H Road, Aminjikarai, Chennai, Tamil Nadu','1985687485','karsan.s@trektaxi.com','Active',200006,'','NULL','UP-17-2011-0054855'),(3032,'Sithan','Gangaivaanan','U','19/61, Mcnichols Road, Chetpet, Chennai, Tamil Nadu','1474152360','sithan.u@trektaxi.com','Deleted',200006,'','NULL','MH-34-2015-0075299'),(3033,'Sanjay','Prasad','P','C-54, Basement, Niti Bagh, Delhi','1521023652','sanjay.p@tripfirm.com','Active',200008,'','NULL','MH-35-2016-0056199'),(3034,'Illankoban','Chinnakili','Nuhilan','24, Aziz Mulk 4th St, Greams Road, Chennai, Tamil Nadu','1457220236','illankoban.n@tripfirm.com','Active',200008,'','NULL','KL-10-2013-0016332'),(3035,'Irfan','Sultan','I','549/3, Haribowli Road, Haribowli, Hyderabad, Andhra Pradesh','1455478452','irfan.i@tripfirm.com','Active',200008,'','NULL','KL-05-2011-0018846'),(3036,'Vaishnav',NULL,'Yarlchelvan','Opp Planetarium, Jaffer Khan Colony, Calicut, Kerala','1445726320','vaishnav.y@tripfirm.com','Active',200008,'','NULL','GJ-18-2011-0024465'),(3037,'Udaya',NULL,'Prathoshan','B-45 Sidco Indl Est, Villivakkam, Chennai, Tamil Nadu','1697223256','udaya.p@tripfirm.com','Active',200008,'','NULL','KL-14-2012-0016588'),(3038,'Pragunan','Yaavarthan','K','158, North Usman Road, T Nagar, Chennai, Tamil Nadu','1524154796','pragunan.k@tripfirm.com','Active',200008,'','NULL','WB-02-2013-0078465'),(3039,'Krithihan',NULL,'B','109, B M Grdn St, Alwarpet, Chennai, Tamil Nadu','1012422562','krithihan.b@tripfirm.com','Active',200008,'','NULL','PB-12-2009-0018447'),(3040,'Vaasudevan',NULL,'Anantharaj','Highway Arcade, 2nd Floor, TK Junction, Thalassery Road, Kannur, Kerala','1024574158','vaasudevan.a@tripfirm.com','Active',200008,'','NULL','RJ-38-2010-0085555'),(3041,'Vijval',NULL,'Gaur','743, Bharat Indl Est, Lbs Marg, Bhandup(w), Mumbai, Maharashtra','1263529856','vijval.g@journeyjob.com','Active',200009,'','NULL','SK-24-2014-0055588'),(3042,'Ishan','Harihara','S','Pettah Jn, Anayara Road, Pettah Junction, Trivandrum, Kerala','1025226359','ishan.s@journeyjob.com','Active',200009,'','NULL','TN-28-2015-0044333'),(3043,'Thanush',NULL,'Sarkeerthyan','323, Venkatachala St, Triplicane, Chennai, Tamil Nadu','1987898895','thanush.s@journeyjob.com','Active',200009,'','NULL','TS-12-2015-0066667'),(3044,'Visnudeva','Varman','J','48, Aarti Chambers, 189, Mount Road, Chennai, Tamil Nadu','1977584263','visnudeva.j@journeyjob.com','Active',200009,'','NULL','SK-28-2015-0054788'),(3045,'Sivarshan','Ramakrishnan','D','168, Narayana Mudali Street Sowcarpet, Chennai, Tamil Nadu','1985475269','sivarshan.d@journeyjob.com','Active',200009,'','NULL','UP-05-2014-0058743'),(3046,'Vakpati',NULL,'Sharma','No.8, S D Road, Hyderabad, Andhra Pradesh','1945752463','vakpati.s@journeyjob.com','Active',200009,'','NULL','BR-28-2015-0045561'),(3047,'Sunder',NULL,'Nandi','B-28/3, Maitri Pk, S T Rd, Chembur, Mumbai,  Maharashtra','1995685478','sunder.n@journeyjob.com','Active',200009,'','NULL','TN-43-2008-0005256'),(3048,'Rajendra','Daya','Misra','9/54, 4 Th Flr, Dhiraj Chamber, Hazarimal Somani Marg, Fort,  Mumbai,  Maharashtra','1663958745','rajendra.m@journeyjob.com','Active',200009,'','NULL','MH-15-2014-0005263'),(3049,'Gopal','Venkata','Ragunath','202, Amar Vijay Tower, Behind Hotel Man Singh, Sansar Chandra Road, Jaipur, Rajasthan','1566255798','gopal.r@trekpassages.com','Active',200011,'','NULL','KA-39-2012-0085288'),(3050,'Santosh',NULL,'Chaudhari','18/07, Ymca Kuppam 3rd Street, Tondairpet, Chennai, Tamil Nadu','1253656545','santosh.c@trekpassages.com','Active',200011,'','NULL','WB-27-2013-0044744'),(3051,'Lakshmana','Din','Mahanti','2, Kuppu Muthu Mudali Street, Chennai, Tamil Nadu','1546543636','lakshmana.m@trekpassages.com','Active',200011,'','NULL','KL-27-2011-0064999'),(3052,'Sumit','Jayavant','Jayavant','237, 1st Floor, North Usman Road, T Nagar, Chennai, Tamil Nadu','1658765465','sumit.j@trekpassages.com','Active',200011,'','NULL','KA-39-2013-0085665'),(3053,'Nilavazhagan',NULL,'Kamalesh','138, Sneh Nagar Main Road, Indore, Madhya Pradesh','1684764544','nilavazhagan.k@trekpassages.com','Active',200011,'','NULL','KA-23-2009-0085112'),(3054,'Ummaiyal',NULL,'Pirapakaran','376, Tamarai Nagar 3rd Street, Thirumullaivoyal, Chennai, Tamil Nadu','1765463543','ummaiyal.p@trekpassages.com','Active',200011,'','NULL','KA-19-2015-0028596'),(3055,'Yokeswaran','Dhaneesh','Nathyan','new No 123, Thumbu Chty St, Chennai, Tamil Nadu','1646543543','yokeswaran.n@trekpassages.com','Active',200011,'','NULL','MH-39-2010-0075555'),(3056,'Illam',NULL,'Kajaruban','703, 2nd Flr, Sidco Aiema Tower, 1st Main Road, Ambattur Indl Est, Chennai, Tamil Nadu','1687534377','illam.k@trekpassages.com','Active',200011,'','NULL','MH-15-2016-001256'),(3057,'Nithish','Kanna','I','105, G N Chetty, T Nagar, Chennai, Tamil Nadu','1536473633','nithish.i@voyagejob.com','Active',200012,'','NULL','KL-09-2014-0015522'),(3058,'Krishshanth','Vithyan','Venushanan','12 Ek Agraharam, Periamet, Chennai, Tamil Nadu','1658746536','krishshanth.v@voyagejob.com','Active',200012,'','NULL','KL-10-2008-0011111'),(3059,'Surya','Kumar','S','85, Vivekanadapuram 1st Street, West Mambalam, Chennai, Tamil Nadu','1657536386','surya.s@voyagejob.com','Active',200012,'','NULL','GJ-08-2015-0026996'),(3060,'Vidushan','Yaathith','Senen','Kiran Path, Suraj Nagar West, Civil Lines, Jaipur, Rajasthan','1534367685','vidushan.s@voyagejob.com','Active',200012,'','NULL','WB-02-2012-0073333'),(3061,'Suresh','Kumar','H','71, Ramakrishnapuram 1st Street, West Mambalam, Chennai, Tamil Nadu','1683768768','suresh.h@voyagejob.com','Active',200012,'','NULL','TS-02-2010-0044445'),(3062,'Sri','Veerasekar','Anoothan','16, Krishna Iyer St, Chennai, Tamil Nadu','1536767683','sri.a@voyagejob.com','Active',200012,'','NULL','PB-01-2015-0016945'),(3063,'Selvaraj',NULL,'Jaivardhan','Sidcup Towers Opp S T Divisio, Sidcup Towers, Opp S T Division, Race Course Circle, Vadodara, Gujarat','1538647356','selvaraj.j@voyagejob.com','Active',200012,'','NULL','TN-38-2013-0005319'),(3064,'Rajarishi','Naveendran','F','108-a, Whites Road, Royapettah, Chennai, Tamil Nadu','1687687687','rajarishi.f@voyagejob.com','Active',200012,'','NULL','MH-27-2013-0004587'),(3065,'Jaiadithya','Sajen','Nemalesh','Door N.25, Himgiri Apt, Manvelpada Rd, Virar, Mumbai, Maharashtra','1555968796','jaiadithya.n@trektask.com','Active',200014,'','NULL','KA-19-2013-0088748'),(3066,'Shiva',NULL,'Rajkumar','19a, Sunku Rama Chetty St, Parrys, Chennai, Tamil Nadu','1567563786','shiva.r@trektask.com','Active',200014,'','NULL','WB-17-2016-0047558'),(3067,'Ranjan','Kayal','Kapudia','Opposite to Towers, Kalambag Chowk to Law College Road, Near Law College, Gannipur, Bihar','1989797866','ranjan.k@trektask.com','Active',200014,'','NULL','KL-14-2016-0023621'),(3068,'Vijayragavan','Krishna','Kumar','20, Thambu Naicken Street, Triplicane, Chennai, Tamil Nadu','1647678987','vijayragavan.k@trektask.com','Active',200014,'','NULL','KA-37-2010-0034463'),(3069,'Tamanan',NULL,'Balakanthan','158, Vellala St, Kodambakkam, Chennai, Tamil Nadu','1687676973','tamanan.b@trektask.com','Active',200014,'','NULL','KA-11-2010-0083954'),(3070,'Nishant','Prakash','Gupta','35, Murugappamudalist, Purasaiwalkam, Chennai, Tamil Nadu','1365473636','nishant.g@trektask.com','Active',200014,'','NULL','KA-14-2009-0025272'),(3071,'Amar','Ram','Patel','727 Phase 5, Udyog Vihar, Haryana','1367367463','amar.p@trektask.com','Active',200014,'','NULL','MH-26-2011-0078522'),(3072,'Pradeep','Udhayanan','P','198, Rajaji Salai, Parrys, Chennai,Tamil Nadu','1386764364','pradeep.p@trektask.com','Active',200014,'','NULL','MH-22-2016-0053433'),(3073,'Karthik',NULL,'Kulkarni','67,sidco Nagar, Villivakkam, Chennai, Tamil Nadu','1986767498','karthik.k@funexpedition.com','Active',200015,'','NULL','KL-08-2012-0056263'),(3074,'Sashvin','Tharathan','V','25/181, Thakkar Bappa Colony, Cst Rd, Chembur (east), Mumbai, Maharashtra','1634769867','sashvin.v@funexpedition.com','Active',200015,'','NULL','KL-27-2013-0016753'),(3075,'Ramakrishna','Nandi','D','30new No-33, Evening Bazaar Parktown, Chennai, Tamil Nadu','1676845658','ramakrishna.d@funexpedition.com','Active',200015,'','NULL','GJ-06-2009-0025858'),(3076,'Surinder','Sankar','Mhasalkar','Plot No.39, S V Rd, Opp Sanmelan Hotel, Dahisar, Mumbai, Maharashtra','1654646464','surinder.m@funexpedition.com','Active',200015,'','NULL','WB-28-2013-0026465'),(3077,'Harish','Raghavendra','J','319, Pantheon Rd, Egmore, Chennai, Tamil Nadu','1564356476','harish.j@funexpedition.com','Active',200015,'','NULL','TS-11-2013-0047529'),(3078,'Ayaan',NULL,'Parachure','Gf/10, Sterling Centre, Alkapuri,  Vadodara, Gujarat','1658476549','ayaan.p@funexpedition.com','Active',200015,'','NULL','PB-02-2015-0015838'),(3079,'Aijay','Vedanth','Kalanjiyam','79, Sidco Indl Estate, Ambattur, Chennai, Tamil Nadu','1687465846','aijay.k@funexpedition.com','Active',200015,'','NULL','RJ-26-2010-0087625'),(3080,'Vivaan','Amaranayagan','I','23, 100 Feet,nextto Shivan Temple, South Sivan Koil St, Vadapalani, Chennai, Tamil Nadu','1367834765','vivaan.i@trekmemories.com','Active',200017,'','NULL','SK-04-2012-0083563'),(3081,'Rathan',NULL,'Prabanjan','Old 26,new 51, Gn Chetty Road, T Nagar, Chennai, Tamil Nadu','1684768796','rathan.p@trekmemories.com','Active',200017,'','NULL','TN-09-2012-0053356'),(3082,'Gagan','Navin','Thacker','Books Market Chowk, Jalandhar, Ludhiana, Punjab','1674684756','gagan.t@trekmemories.com','Active',200017,'','NULL','TS-31-2010-0054988'),(3083,'Sashikumar',NULL,'P','Bhuta House, Opp.panchal Steel Ind., Near Reliance, Mogra Road, Andheri (east), Mumbai, Maharashtra','1687654366','sashikumar.@trekmemories.com','Active',200017,'','NULL','UP-04-2011-0055773'),(3084,'Mayan',NULL,'Mohanraj','12, Flat No-7, R.r Flats, Venkatraman St, T Nagar, Chennai, Tamil Nadu','1465458868','mayan.m@trekmemories.com','Active',200017,'','NULL','BR-19-2011-0084472'),(3085,'Madhurnan','Abishankar','Acharya','98, Venkatachala Mudli Street, Park Town, Chennai, Tamil Nadu','1652364364','madhurnan.a@trekmemories.com','Active',200017,'','NULL','WB-23-2009-0036978'),(3086,'Dheyash',NULL,'Priyatharman','837, Regimental Bazar, Hyderabad, Andhra Pradesh','1536564598','dheyash.p@trekmemories.com','Active',200017,'','NULL','TN-39-2015-0022563'),(3087,'Priyatharman',NULL,'B','84, Woods Road, Ramaswamy Street, Anna Salai, Chennai, Tamil Nadu','1222546346','priyatharman.b@triprecalls.com','Active',200018,'','NULL','MH-19-2009-0006886'),(3088,'Siddhar',NULL,'Kopiram','169/a New No-40, Habibullah Road, Chennai, Tamil Nadu','1445476846','siddhar.k@triprecalls.com','Active',200018,'','NULL','KA-27-2012-0085543'),(3089,'Venkata',NULL,' Gupta','19/8 C, Ballygunge Place, Easkolka T, Ballygunj, Kolkata, West Bengal','1659865655','venkata. @triprecalls.com','Active',200018,'','NULL','WB-20-2014-0048385'),(3090,'Liroshan','Kumar','G','187, New No 8, Arunachalam Naicken Street, Chennai, Tamil Nadu','1687496876','liroshan.g@triprecalls.com','Active',200018,'','NULL','KL-26-2012-0068462'),(3091,'Priyankan',NULL,'S','105, Sindur Plaza, Luz Church Road, Mylapore, Chennai, Tamil Nadu','1687684765','priyankan.s@triprecalls.com','Active',200018,'','NULL','KA-33-2010-002587'),(3092,'Thayalan',NULL,'Senthan','424, Padi Road, Mogappair East, Chennai, Tamil Nadu','1634766968','thayalan.s@triprecalls.com','Active',200018,'','NULL','KA-12-2013-0026786'),(3093,'Gunal',NULL,'Sabareethan','L18 Ind Est Ambattur, Ambattur, Chennai, Tamil Nadu','1463584753','gunal.s@triprecalls.com','Active',200018,'','NULL','UP-07-2010-0054666'),(3094,'Megeshwaran',NULL,'Chirayu','41, 1st St, V V Koil St, Periamet, Chennai, Tamil Nadu','1465346566','megeshwaran.c@travelscenes.com','Active',200020,'','NULL','MH-13-0915-0011299'),(3095,'Ranushan','Yuhithan','Balashankar','A17, Balajingr,1ststreet., Ambattur, Chennai, Tamil Nadu','1554864855','ranushan.b@travelscenes.com','Active',200020,'','NULL','MH-21-2011-0051199'),(3096,'Visvangan','Pravesh','T','137, Strahans Road, Perambur Barracks, Chennai, Tamil Nadu','1564654565','visvangan.t@travelscenes.com','Active',200020,'','NULL','KL-10-2009-0016599'),(3097,'Karthikan',NULL,'Arthikeyan','19/8, Jyothi Appartments, Paper Mills Road, Perambur, Chennai, Tamil Nadu','1546466655','karthikan.a@travelscenes.com','Active',200020,'','NULL','KL-05-2014-0063146'),(3098,'Baibhav','Thakur','Shiravadakar','185,tass Indl Est., Behind Nepc, Chennai, Tamil Nadu','1465456486','baibhav.s@travelscenes.com','Active',200020,'','NULL','GJ-02-2011-0025965'),(3099,'Jayamravi','Mithurathan','K','236, 1st Flr,thalayari St, Royapettah, Chennai, Tamil Nadu','1546548888','jayamravi.k@travelscenes.com','Active',200020,'','NULL','KL-17-2012-0033388'),(3100,'Nivash','Vaitheekan','S','341-a Redhills Road, Kolathur, Chennai, Tamil Nadu','1545346663','nivash.s@travelscenes.com','Active',200020,'','NULL','KA-25-2011-0088523'),(3106,'Anu','priya','priya','No,12,TNHB','9874561235','pepenujilu@balanc3r.com','Deleted',200002,NULL,NULL,'TN 30 13133'),(3107,'Ravi','kumar','kumar','NO12,gundy','7894561236','ravi@gmaill.com','Active',200002,NULL,NULL,NULL),(3108,'Ravi rai','rai','rai','NO:124 ,anex cross street','78945612312','ravirai@gamill.com','Active',200002,NULL,NULL,NULL),(3109,'Bharat','rajesh','Kumar','17, South Ave, Srinagar Colony, West Saidapet, Chennai','7888976568','b.raja@tripvigo.com','Active',200003,NULL,NULL,'TN-07-5787-00647535'),(3110,'Saravanan','rajesh','Kumar','Friends Room','7888976555','s.k@gmmail.com','Deleted',200003,NULL,NULL,'TN-07-5787-00647535'),(3111,'alex',NULL,'karev','mylapore','9587463210','alex.k@gmaill.com','Deleted',200003,NULL,NULL,'TN-01-8765-0093874'),(3112,'shri',NULL,'harsha','chinthamani, anna nagar west, chennai','9874563210','harsha.s@gmaill.com','Active',200003,NULL,NULL,NULL),(3113,'Vimala',NULL,'J','vadapalani, chennai','9597292612','vimala.j@cabtrip.com','Active',200002,NULL,NULL,NULL),(3114,'Vikash',NULL,'Nagarajan','adyar','09876775677','v.n@gmaill.com','Deleted',200003,NULL,NULL,'TN 02 - AB - 9876 - 0098787'),(3115,'sss',NULL,'dddd','Gr Floor,6/15, 5, Vasunadhara Bldg, Bhulabahi Desai Road,Nagpur,Maharashtra','9849373859','asdcsd@smcd.asd','Deleted',200003,NULL,NULL,NULL),(3116,'ananti',NULL,'asd','dhfdjsfr33','545646514','jack@balanc3r.com','Active',200002,NULL,NULL,'sdsdasd'),(3117,'sfd','dsfsdf','dfdsf','dffsfaf','5145641651','jack@balanc3r.com1','Active',200002,NULL,NULL,NULL),(3118,'fsfsf','Manoj','sdsdsdsf','96, Yeshwanthpura, Pondicherry','5614651','jack@balanc3r.com2','Active',200002,NULL,NULL,'TN 20 CV23');
/*!40000 ALTER TABLE `etms_cab_drivers` ENABLE KEYS */;
UNLOCK TABLES;

--
-- Table structure for table `etms_cab_vehicles`
--

DROP TABLE IF EXISTS `etms_cab_vehicles`;
/*!40101 SET @saved_cs_client     = @@character_set_client */;
/*!40101 SET character_set_client = utf8 */;
CREATE TABLE `etms_cab_vehicles` (
  `vehicle_Id` int(11) NOT NULL AUTO_INCREMENT,
  `vehicle_Type` varchar(45) DEFAULT NULL,
  `vehicle_Model` varchar(45) DEFAULT NULL,
  `vehicle_Registration_No` varchar(45) DEFAULT NULL,
  `cab_Operator_Id` int(15) DEFAULT NULL,
  `vehicle_Status` varchar(45) DEFAULT NULL,
  `available_Seats` varchar(45) DEFAULT NULL,
  PRIMARY KEY (`vehicle_Id`)
) ENGINE=InnoDB AUTO_INCREMENT=40089 DEFAULT CHARSET=utf8;
/*!40101 SET character_set_client = @saved_cs_client */;

--
-- Dumping data for table `etms_cab_vehicles`
--

LOCK TABLES `etms_cab_vehicles` WRITE;
/*!40000 ALTER TABLE `etms_cab_vehicles` DISABLE KEYS */;
INSERT INTO `etms_cab_vehicles` VALUES (40001,'SUV','Mahindra XUV500','TN-04-DE-5347',200001,'Active','6'),(40002,'Hatchback','Hyundai Grand i10','TN-01-BA-1234',200002,'Deleted','4'),(40003,'Hatchback','Maruthi Suzuki Swift','TN-23-LT-6254',200003,'Active','4'),(40004,'Hatchback','Tata Tigor','TN-03-UB-8192',200004,'Active','4'),(40005,'Hatchback','Ford Figo','TN-08-DE-7324',200005,'Active','4'),(40006,'Luxury','BMW 7 Series','TN-10-AH-8342',200006,'Active','4'),(40007,'Luxury','Audi A8','TN-06-FZ-8359',200007,'Active','4'),(40008,'Luxury','Mercedes Benz S-Class','TN-35-CL-8585',200008,'Active','4'),(40009,'Sedan','Hyundai Verna','TN-32-PA- 6454',200009,'Active','4'),(40010,'Sedan','Honda City','TN-14-SZ-8467',200010,'Active','4'),(40011,'Sedan','Nissan Sunny','TN-15-DG-5364',200011,'Active','4'),(40012,'Sedan','Toyota Platinum Etios','TN-12-GA-4223',200012,'Active','4'),(40013,'SUV','Mahindra XUV500','TN-34-FV-7864',200013,'Active','6'),(40014,'SUV','Mahindra Xylo','TN-17-KF-7233',200014,'Active','6'),(40015,'SUV','Renault Duster','TN-08-GH-7355',200015,'Active','6'),(40016,'Bus','Volvo Non A/C','TN-25-CJ-6319',200016,'Active','55'),(40017,'Bus','Volva A/C','TN-19-DH-5867',200017,'Active','55'),(40018,'Van','Mahindra Supro','TN-18-SK-4536',200002,'Active','7'),(40019,'Van','Tempo Traveller','TN-11-FT-8223',200002,'Active','17'),(40020,'Van','Mahindra Tourister','TN-65-CS-9994',200002,'Active','24'),(40021,'Van','Mahindra Tourister','TN-15-CS-9956',200001,'Active','24'),(40022,'Van','Maruthi Eeco','TN-05-SC-9995',200002,'Active','6'),(40023,'Bus','Volva Non A/C','TN-04-AZ-5476',200003,'Active','55'),(40024,'Bus','Volva A/C','TN-07-HB-3684',200004,'Active','55'),(40025,'Luxury','Jaguar XF','TN-06-FA-8355',200005,'Active','4'),(40026,'Hatchback','Tata Tiago','TN-01-ZH-1234',200006,'Active','4'),(40027,'Van','Mahindra Tourister','TN-01-JA-1235',200007,'Active','24'),(40028,'SUV','Mahindra Xylo','TN-01-AB-1233',200008,'Active','6'),(40029,'Hatchback','Maruthi Suzuki Swift','TN-19-KS-1239',200009,'Active','4'),(40030,'Hatchback','Ford Figo','TN-01-HT-1295',200010,'Active','4'),(40031,'Luxury','Jaguar XF','TN-06-F-8356',200011,'Active','4'),(40032,'Luxury','Mercedes Benz S-Class','TN-01-BT-9856',200012,'Active','4'),(40033,'Sedan','Hyundai Verna','TN-10-AN-6354',200013,'Active','4'),(40034,'Sedan','Nissan Sunny','TN-02-GE-7321',200014,'Active','4'),(40035,'Luxury','Jaguar XF','TN-21-VY-3656',200015,'Active','4'),(40036,'Sedan','Hyundai Verna','TN-18-NA-6132',200016,'Active','4'),(40037,'Sedan','Nissan Sunny','TN-09-FS-9332',200017,'Active','4'),(40038,'Sedan','Toyota Platinum Etios','TN-18-AW-1822',200018,'Active','4'),(40039,'Sedan','Honda City','TN-10-ZA-6243',200019,'Active','4'),(40040,'Luxury','BMW 7 Series','TN-02-FD-6142',200020,'Active','4'),(40041,'Luxury','BMW 7 Series','TN-16-DA-6154',200001,'Active','4'),(40042,'Luxury','Audi A8','TN-11-KS-9354',200002,'Active','4'),(40043,'Luxury','Mercedes Benz S-Class','TN-04-HA-6254',200003,'Active','4'),(40044,'Luxury','Mercedes Benz S-Class','TN-04-LA-7428',200004,'Active','4'),(40045,'SUV','Renault Duster','TN-34-FG-9475',200005,'Active','6'),(40046,'SUV','Mahindra XUV500','TN-26-JA-8122',200006,'Active','6'),(40047,'SUV','Mahindra XUV500','TN-22-KR-5286',200007,'Active','6'),(40048,'SUV','Mahindra Xylo','TN-25-CR-4166',200008,'Active','6'),(40049,'SUV','Mahindra Xylo','TN-17-MR-9127',200009,'Active','6'),(40050,'Van','Tempo Traveller','TN-36-JT-9178',200010,'Active','17'),(40051,'Van','Maruthi Eeco','TN-10-FO-4365',200011,'Active','6'),(40052,'Van','Maruthi Eeco','TN-13-JY-4359',200012,'Active','6'),(40053,'Van','Mahindra Supro','TN-15-KT-5171',200013,'Active','7'),(40054,'Van','Mahindra Supro','TN-05-NC-7286',200014,'Active','7'),(40055,'Van','Mahindra Tourister','TN-01-CL-7945',200015,'Active','24'),(40056,'Van','Mahindra Tourister','TN-09-BK-8401',200016,'Active','24'),(40057,'Hatchback','Hyundai Grand i10','TN-29-BP-7298',200017,'Active','4'),(40058,'Hatchback','Hyundai Grand i10','TN-27-HO-6495',200018,'Active','4'),(40059,'Luxury','Mercedes Benz S-Class','TN-18-JU-9865',200019,'Active','4'),(40060,'Hatchback','Maruthi Suzuki Swift','TN-14-VU-8364',200020,'Active','4'),(40061,'Hatchback','Tata Tiago','TN-16-DA-8644',200001,'Active','4'),(40062,'Hatchback','Tata Tiago','TN-37-RT-7684',200002,'Active','4'),(40063,'Hatchback','Ford Figo','TN-33-PF-6545',200003,'Active','4'),(40064,'Hatchback','Ford Figo','TN-09-MN-3652',200004,'Active','4'),(40065,'Bus','Volva Non A/C','TN-02-ZK-5643',200005,'Active','55'),(40066,'Luxury','BMW 7 Series','TN-36-LM-5453',200006,'Active','4'),(40067,'Luxury','Audi A8','TN-06-VC-3986',200007,'Active','4'),(40068,'Luxury','Audi A8','TN-05-FK-6798',200008,'Active','4'),(40069,'Luxury','Jaguar XF','TN-33-HA-8349',200009,'Active','4'),(40070,'Sedan','Nissan Sunny','TN-19-GI-9867',200010,'Active','4'),(40071,'Sedan','Hyundai Verna','TN-23-LR-9876',200011,'Active','4'),(40072,'Sedan','Hyundai Verna','TN-12-RE-1532',200012,'Active','4'),(40073,'Sedan','Honda City','TN-05-SA-1264',200013,'Active','4'),(40074,'Sedan','Honda City','TN-25-CX-2536',200014,'Active','4'),(40075,'Sedan','Toyota Platinum Etios','TN-22-JH-3658',200015,'Active','4'),(40076,'Sedan','Toyota Platinum Etios','TN-32-DT-8796',200016,'Active','4'),(40077,'Bus','Volvo A/C','TN-31-YT-4871',200017,'Active','55'),(40078,'Bus','Volvo A/C','TN-39-KV-8471',200018,'Active','55'),(40079,'Bus','Volvo Non A/C','TN-33-JA-8654',200019,'Active','55'),(40080,'Van','Maruthi Eeco','TN-26-SC-5863',200020,'Active','6'),(40081,'Van','Mahindra Supro','TN-25-UI-1536',200001,'Active','7'),(40082,'Van','Mahindra Supro','TN-18-SY-5437',200002,'Active','7'),(40083,'Van','Tempo Traveller','TN-08-HB-8647',200003,'Active','17'),(40084,'Van','Tempo Traveller','TN-09-XO-3618',200004,'Active','17'),(40085,'car','A/C','TN 02 AV 9090',200003,'Active','4'),(40086,'car','SWIFT','TN-03-9786',200003,'Active','4'),(40087,'SUV','SWIFT','TN-10-AH-8388',200003,'Active','5'),(40088,'car','suv','3454835',200003,'Deleted','7');
/*!40000 ALTER TABLE `etms_cab_vehicles` ENABLE KEYS */;
UNLOCK TABLES;

--
-- Table structure for table `etms_caboperators_role`
--

DROP TABLE IF EXISTS `etms_caboperators_role`;
/*!40101 SET @saved_cs_client     = @@character_set_client */;
/*!40101 SET character_set_client = utf8 */;
CREATE TABLE `etms_caboperators_role` (
  `role_Id` int(15) NOT NULL DEFAULT '0',
  `description` varchar(255) DEFAULT NULL,
  `role_Name` varchar(45) DEFAULT NULL,
  PRIMARY KEY (`role_Id`)
) ENGINE=InnoDB DEFAULT CHARSET=utf8;
/*!40101 SET character_set_client = @saved_cs_client */;

--
-- Dumping data for table `etms_caboperators_role`
--

LOCK TABLES `etms_caboperators_role` WRITE;
/*!40000 ALTER TABLE `etms_caboperators_role` DISABLE KEYS */;
INSERT INTO `etms_caboperators_role` VALUES (6,'Registered Operators have access to assign drivers and vehicles ','OPERATOR_USER');
/*!40000 ALTER TABLE `etms_caboperators_role` ENABLE KEYS */;
UNLOCK TABLES;

--
-- Table structure for table `etms_caboperators_user`
--

DROP TABLE IF EXISTS `etms_caboperators_user`;
/*!40101 SET @saved_cs_client     = @@character_set_client */;
/*!40101 SET character_set_client = utf8 */;
CREATE TABLE `etms_caboperators_user` (
  `id` bigint(20) DEFAULT '0',
  `cab_Operator_Id` int(15) NOT NULL AUTO_INCREMENT,
  `first_Name` varchar(255) DEFAULT NULL,
  `middle_Name` varchar(45) DEFAULT NULL,
  `last_Name` varchar(255) DEFAULT NULL,
  `username` varchar(255) DEFAULT NULL,
  `email_Id` varchar(45) NOT NULL,
  `password` varchar(255) DEFAULT NULL,
  `employee_Id` bigint(20) DEFAULT '0',
  `department` varchar(45) DEFAULT NULL,
  `operator_Phone_No` varchar(45) DEFAULT NULL,
  `contact_Address` varchar(100) DEFAULT NULL,
  `engagement_Type` varchar(100) DEFAULT NULL,
  `vendor_Id` varchar(45) DEFAULT NULL,
  `branch_Location` varchar(255) DEFAULT NULL,
  `operator_Status` varchar(45) DEFAULT NULL,
  `enable` varchar(25) DEFAULT NULL,
  `confirmation_Token` varchar(255) DEFAULT NULL,
  `company_Name` varchar(255) DEFAULT NULL,
  PRIMARY KEY (`cab_Operator_Id`),
  UNIQUE KEY `cab_Operator_Id_UNIQUE` (`cab_Operator_Id`),
  UNIQUE KEY `username_UNIQUE` (`username`)
) ENGINE=InnoDB AUTO_INCREMENT=200079 DEFAULT CHARSET=utf8;
/*!40101 SET character_set_client = @saved_cs_client */;

--
-- Dumping data for table `etms_caboperators_user`
--

LOCK TABLES `etms_caboperators_user` WRITE;
/*!40000 ALTER TABLE `etms_caboperators_user` DISABLE KEYS */;
INSERT INTO `etms_caboperators_user` VALUES (2,200002,'Helen',NULL,'Chris','helen.c','helen.c@cabatrip.com','$2a$09$rZJxFTelNzIoLkdBAwARq.3N/0nE3WYs3sTKlxcgbnXMyvZlgXxX6',200002,'Operator','9874562121','135, Triplicane High Road, Triplicane,Chennai','Agency',NULL,'Chennai','Active','1','673e9f7e-72e5-4ae9-acf4-533f3381ff04',NULL),(3,200003,'Lakshmi',NULL,'Kumar','lakshmi.k','lakshmi.k@cabopnow.com','$2a$09$rZJxFTelNzIoLkdBAwARq.3N/0nE3WYs3sTKlxcgbnXMyvZlgXxX6',200003,'Operator','1454748562','No.243/247, Opp. Ram Theater, Arcot Road, Kodambakkam,Chennai','Company',NULL,'Chennai','Active','1','673e9f7e-72e5-4ae9-acf4-533f3381ff05',NULL),(4,200004,'Kalyan ','Kumar','R','kalyan.r','kalyan.r@gmyill.com','$2a$09$rZJxFTelNzIoLkdBAwARq.3N/0nE3WYs3sTKlxcgbnXMyvZlgXxX6',200004,'Operator','1256859744','17, South Ave, Srinagar Colony, West Saidapet, Chennai','Individual',NULL,'Chennai','Active','1','673e9f7e-72e5-4ae9-acf4-533f3381ff06',NULL),(5,200005,'Rajesh','Kannan','M','rajesh.m','rajesh.m@tripvigo.com','$2a$09$rZJxFTelNzIoLkdBAwARq.3N/0nE3WYs3sTKlxcgbnXMyvZlgXxX6',200005,'Operator','1457485962','21/9 Pycrofts Road, Triplicane,Chennai','Agency',NULL,'Chennai','DeActive','0','673e9f7e-72e5-4ae9-acf4-533f3381ff07',NULL),(6,200006,'Gopal ',NULL,'Krishnan','gopal .k','gopal.k@trektaxi.com','$2a$09$rZJxFTelNzIoLkdBAwARq.3N/0nE3WYs3sTKlxcgbnXMyvZlgXxX6',200006,'Operator','1896854145','B-10, Industrial Estate, Mogappair West,Chennai','Company',NULL,'Chennai','Active','1','673e9f7e-72e5-4ae9-acf4-533f3381ff08',NULL),(7,200007,'Nitish','Kumar','Sarkuna','nitish.s','nithis.s@gmyill.com','$2a$09$rZJxFTelNzIoLkdBAwARq.3N/0nE3WYs3sTKlxcgbnXMyvZlgXxX6',200007,'Operator','1635269854','2nd Floor, Flat No-11, Somasundaram St, T Nagar,Chennai','Individual',NULL,'Chennai','Active','1','673e9f7e-72e5-4ae9-acf4-533f3s381ff4',NULL),(8,200008,'Gokul','Prasath','Warshanthan','gokul.w','gokul.w@tripfirm.com','$2a$09$rZJxFTelNzIoLkdBAwARq.3N/0nE3WYs3sTKlxcgbnXMyvZlgXxX6',200008,'Operator','1587102023','147, Redhills Road,velavan Nagar, Kolathur,Chennai','Agency',NULL,'Chennai','Active','1','673e9f7e-72e5-4ae9-acf4-533f3381ffff',NULL),(9,200009,'Gopinath','Sujaysan','Manohar','gopinath.m','gopinath.m@journeyjob.com','$2a$09$rZJxFTelNzIoLkdBAwARq.3N/0nE3WYs3sTKlxcgbnXMyvZlgXxX6',200009,'Operator','1474201256','50, Mayor Chittibabu St, Triplicane,Chennai','Company',NULL,'Chennai','Active','1','673e9f7e-72e5-4ae9-acf4-533f3381ff94',NULL),(10,200010,'Yaavanan',NULL,'Valaravan','yaavanan.v','yaavanan.v@gmyill.com','$2a$09$rZJxFTelNzIoLkdBAwARq.3N/0nE3WYs3sTKlxcgbnXMyvZlgXxX6',200010,'Operator','1427845963','T H Road, Tiruvottriyur,Chennai','Individual',NULL,'Chennai','Active','1','673e9f7e-72e5-4ae9-acf4-533f3383ff04',NULL),(11,200011,'Presad','Vithurshan','Isaikannan','presad.i','presad.i@treckpassages.com','$2a$09$rZJxFTelNzIoLkdBAwARq.3N/0nE3WYs3sTKlxcgbnXMyvZlgXxX6',200011,'Operator','1024587459','No 81,bazullah Road, T Nagar,Chennai','Agency',NULL,'Chennai','Active','1','673e9f7e-72e5-4ae9-acf4-533f3381ff04',NULL),(12,200012,'Sathya','Maavilan ','K','sathya.k','sathya.k@voyagejob.com','$2a$09$rZJxFTelNzIoLkdBAwARq.3N/0nE3WYs3sTKlxcgbnXMyvZlgXxX6',200012,'Operator','1478459655','108, Poonamallee Road, Ekkatuthangal,Chennai','Company',NULL,'Chennai','Active','1','673e9f7e-72e5-4ae9-acf4-533f3381ff04',NULL),(13,200013,'Naveen',NULL,'Mahindhan','naveen.m','naveen.m@gmyill.com','$2a$09$rZJxFTelNzIoLkdBAwARq.3N/0nE3WYs3sTKlxcgbnXMyvZlgXxX6',200013,'Operator','1544857586','117 Halls Road, Egmore,Chennai','Individual',NULL,'Chennai','Active','1','673e9f7e-72e5-4ae9-acf4-533f3381ff04',NULL),(14,200014,'Sabarinath','Ilanchithirai','T','sabarinath.t','sabarinath.t@trektask.com','$2a$09$rZJxFTelNzIoLkdBAwARq.3N/0nE3WYs3sTKlxcgbnXMyvZlgXxX6',200014,'Operator','1474784599','4th Main Road,u I Colony, Kodambakkam,Chennai','Agency',NULL,'Chennai','Active','1','673e9f7e-72e5-4ae9-acf4-533f3381ff04',NULL),(15,200015,'Agadesvaran','Daya','Maran','agadesvaran.m','agadesvaran.m@funexpedition.com','$2a$09$rZJxFTelNzIoLkdBAwARq.3N/0nE3WYs3sTKlxcgbnXMyvZlgXxX6',200015,'Operator','1454256395','109, Mambalam High Road, T Nagar,Chennai','Company',NULL,'Chennai','Deleted','0','673e9f7e-72e5-4ae9-acf4-533f3381ff04',NULL),(16,200016,'Vibul','Aatheesh','Maliyan','vibul.m','vibul.m@gmyill.com','$2a$09$rZJxFTelNzIoLkdBAwARq.3N/0nE3WYs3sTKlxcgbnXMyvZlgXxX6',200016,'Operator','1242784562','681, Anna Salai, Thousand Lights,Chennai','Individual',NULL,'Chennai','Deleted','0','673e9f7e-72e5-4ae9-acf4-533f3381ff04',NULL),(17,200017,'Gajamuhan',NULL,'H','gajamuhan.h','gajamuhan.h@trekmemories.com','$2a$09$rZJxFTelNzIoLkdBAwARq.3N/0nE3WYs3sTKlxcgbnXMyvZlgXxX6',200017,'Operator','1025245222','59, Ellis Road, Mount Road,Chennai','Agency',NULL,'Chennai','DeActive','0','673e9f7e-72e5-4ae9-acf4-533f3381ff04',NULL),(18,200018,'Rama','Thulasi','Vaamanen','rama.v','rama.v@triprecalls.com','$2a$09$rZJxFTelNzIoLkdBAwARq.3N/0nE3WYs3sTKlxcgbnXMyvZlgXxX6',200018,'Operator','1474863395','114, Audiappa Street, Purasaiwalkam,Chennai','Company',NULL,'Chennai','Active','0','673e9f7e-72e5-4ae9-acf4-533f3381ff04',NULL),(19,200019,'Karthick',NULL,'Raj','karthick.r','karthick.r@gmyill.com','$2a$09$rZJxFTelNzIoLkdBAwARq.3N/0nE3WYs3sTKlxcgbnXMyvZlgXxX6',200019,'Operator','1587556235','94/113, Ekambareswar Agraharam, Park Town,Chennai','Individual',NULL,'Chennai','Active','0','673e9f7e-72e5-4ae9-acf4-533f3381ff04',NULL),(20,200020,'Vijayantha','Varman','N','vijayantha.n','vijayantha.n@travelscenes.com','$2a$09$rZJxFTelNzIoLkdBAwARq.3N/0nE3WYs3sTKlxcgbnXMyvZlgXxX6',200020,'Operator','1544758579','182, Lattice Bridge Road, Thiruvanmiyur,Chennai','Agency',NULL,'Chennai','Active','0','673e9f7e-72e5-4ae9-acf4-533f3381ff04',NULL),(NULL,200041,'arul','murugan','murugan',NULL,'arulmurugan.p@focusite.com','$2a$10$r7nPDbF/tsmxjI1iDfV4U./Lb0Q4gfv5UZ3d2Q2iAjsdZNdQ.qlRm',NULL,NULL,'34534535435','chennai','Contract',NULL,'chen','Active','1','95bd498f-ed82-40dc-95af-24e10a1a8269',NULL),(NULL,200044,'Deepika',NULL,'chandru',NULL,'deepika.c@focusite.com',NULL,NULL,NULL,'9876543210','18th main road, anna nagar, chennai -600040',NULL,NULL,NULL,'Deleted','0','aaacd01f-14b8-474c-81d1-8aff45468a0b',NULL),(NULL,200045,'Deepika',NULL,'chandru',NULL,'deepika.c@focusite.com','$2a$10$m0DwKBEJSBRoXrbFEGrtkO2Oj5LNpv7zy1X9unxDwJRDWrsshrCWK',NULL,NULL,'9876543210','18th main road, anna nagar, chennai -600040','Contract',NULL,'Chennai','Deleted','1','f32e1afe-ac03-4bb4-aad8-cbbb76f1a7fd',NULL),(NULL,200046,'run','','rom',NULL,'ruvocugo@ax80mail.com','$2a$10$EvUas42E0UE/uDaccOxTMenwyx.ipW.hCyy0EBun4Mi1r7zhlsf4G',NULL,NULL,'78915926345','135, Triplicane High Road, Triplicane,Chennaighghg','Agency',NULL,'Avadi','Active','1','4c794478-fe80-4282-8647-f5a53a14ddbc',NULL),(NULL,200047,NULL,NULL,NULL,NULL,'sneha.v@focusite.com',NULL,NULL,NULL,'7888976568',NULL,NULL,NULL,NULL,'Deleted','0','543a9154-c2f5-48bb-9347-7d348cb32c1a',NULL),(NULL,200048,NULL,NULL,NULL,NULL,'sneha.v@focusite.com',NULL,NULL,NULL,'7888976568',NULL,NULL,NULL,NULL,'Deleted','0','fd594a3e-69f6-4957-bd90-9dbe379ea1c9',NULL),(NULL,200049,NULL,NULL,NULL,NULL,'magesh0407@gmail.com',NULL,NULL,NULL,'8807851237',NULL,NULL,NULL,NULL,'Deleted','0','36b65332-a91d-4df7-b8de-fba3d6d2ed9b',NULL),(NULL,200050,NULL,NULL,NULL,NULL,'magesh0407@gmail.com',NULL,NULL,NULL,'8807851237',NULL,NULL,NULL,NULL,'Deleted','0','812b5c74-fb4c-4676-a7c4-a8540f82ad5d',NULL),(NULL,200051,'Deepika',NULL,'chandru',NULL,'deepika.c@focusite.com','$2a$10$HqrPFvzw7Lb9mWmWElf5XO1VCPqykldy/WZLb7z9DbBbDsyGUEjhS',NULL,NULL,'7888976568','18th main road, anna nagar, chennai -600040','Contract',NULL,'Chennai','Deleted','1','6432170a-3c37-497c-a357-a1ca3e76a972',NULL),(NULL,200052,'Deepika',NULL,'chandru',NULL,'deepika.c@focusite.com','$2a$10$JVIgGePE2OyIS7sXDlEnpecfqtSTmwBUy.CpMmU4TvN3p8AS8ErF6',NULL,NULL,'7888976568','18th main road, anna nagar, chennai -600040','Agency',NULL,'Chennai','Deleted','1','8128f7ff-de85-4a93-9a5b-d9e9b4cd31da',NULL),(NULL,200053,NULL,NULL,NULL,NULL,'deepika.c@focusite.com',NULL,NULL,NULL,'9874563210',NULL,NULL,NULL,NULL,'Deleted','0','ce0993fc-f204-47e4-b787-b83aada80622',NULL),(NULL,200054,NULL,NULL,NULL,NULL,'deepika.c@focusite.com',NULL,NULL,NULL,'9874563210',NULL,NULL,NULL,NULL,'Deleted','0','120c7961-2b6e-4b3c-b9df-d1736cef72fb',NULL),(NULL,200055,NULL,NULL,NULL,NULL,'deepika.c@focusite.com',NULL,NULL,NULL,'9874563210',NULL,NULL,NULL,NULL,'Deleted','0','b49434a0-651f-4b2c-b746-60191c40b276',NULL),(NULL,200056,NULL,NULL,NULL,NULL,'deepika.c@focusite.com',NULL,NULL,NULL,'9874563210',NULL,NULL,NULL,NULL,'Deleted','0','64f3b71f-784d-4da7-abca-8e2b7e865aa9',NULL),(NULL,200057,NULL,NULL,NULL,NULL,'deepika.c@focusite.com',NULL,NULL,NULL,'9874563210',NULL,NULL,NULL,NULL,'Deleted','0','821a4422-2c60-4133-9a09-c3c87493a272',NULL),(NULL,200058,NULL,NULL,NULL,NULL,'deepika.c@focusite.com',NULL,NULL,NULL,'987466210',NULL,NULL,NULL,NULL,'Deleted','0','488f1b9e-0b53-4244-93fd-6132c5da4f26',NULL),(NULL,200059,NULL,NULL,NULL,NULL,'deepika.c@focusite.com',NULL,NULL,NULL,'987466210',NULL,NULL,NULL,NULL,'Deleted','0','83cff6d1-a8df-4181-bfc4-540dc7abb153',NULL),(NULL,200060,NULL,NULL,NULL,NULL,'menaka.K@focusite.com',NULL,NULL,NULL,'564',NULL,NULL,NULL,NULL,'Deleted','0','1703d036-de62-48f9-9d56-2d5b5fb48ecb',NULL),(NULL,200061,'Deepika',NULL,'chandru',NULL,'deepika.c@focusite.com','$2a$10$YH.omh8A2VCqZuIPR64P9u7/aLUfBdow7QQCXC1Khih/BMaZiBAfa',NULL,NULL,'7888976568',NULL,NULL,NULL,NULL,'Deleted','1','6b86f5e5-9df4-47c0-8029-7d78c56be817',NULL),(NULL,200062,'Deepika',NULL,'chandru',NULL,'deepika.c@focusite.com','$2a$10$b3Xs0rLM.zeb0FJFSZGOy.seKirCXqWfSrTMJGqxbkH3bN.A6RrB6',NULL,NULL,'7888976568','17, South Ave, Srinagar Colony, West Saidapet, Chennai','Agency',NULL,'chennai','Deleted','1','52725876-a3a4-4bcf-ae8d-707a30b521fc',NULL),(NULL,200063,'Deepika',NULL,'chandru',NULL,'deepika.c@focusite.com','$2a$10$quwnZ1LNaWNJXa4FiriXKe60WthfNiAhnT84TvIXf3treFFw.7a3G',NULL,NULL,'7888976568','nungambakkam','Contract',NULL,'chennai','Deleted','1','8b1d948d-7b87-43f0-b149-cfa976f81788',NULL),(NULL,200064,NULL,NULL,NULL,NULL,'joswa@gmaaa.com',NULL,NULL,NULL,'345345345435',NULL,NULL,NULL,NULL,'Deleted','0','52c43508-4550-40d6-946a-10790b349f20',NULL),(NULL,200065,NULL,NULL,NULL,NULL,'deepika.c@focusite.com',NULL,NULL,NULL,'9587463210',NULL,NULL,NULL,NULL,'Deleted','0','d3a950c3-0247-41e0-86c9-1d16e75b78e2',NULL),(NULL,200066,NULL,NULL,NULL,NULL,'deepika.c@focusite.com',NULL,NULL,NULL,'978676772334',NULL,NULL,NULL,NULL,'Deleted','0','e99161b6-53eb-4ac0-b02e-96956d3252e2',NULL),(NULL,200067,'Deepika',NULL,'chandru',NULL,'deepika.c@focusite.com','$2a$10$NNHKX.HiS254TUpxvOqa1OMUf21iKJ1aEVd1vOl4n7swp0EWE3uIm',NULL,NULL,'9874563210','18th main road, anna nagar, chennai -600040','Contract',NULL,'chennai','Deleted','1','3c74b598-9038-44c5-986a-62821b58518e',NULL),(NULL,200068,NULL,NULL,NULL,NULL,'vimala.j@focusite.com',NULL,NULL,NULL,'997292612',NULL,NULL,NULL,NULL,'InActive','0','abd2601c-bf86-4ac3-8bb1-81c94f1f51e8',NULL),(NULL,200069,NULL,NULL,NULL,NULL,'vimala.j@focusite.com',NULL,NULL,NULL,'997292612',NULL,NULL,NULL,NULL,'Deleted','0','70979326-52ee-4c03-a8f1-39a12c7b8ff6',NULL),(NULL,200070,NULL,NULL,NULL,NULL,'vimala.j@focusite.com',NULL,NULL,NULL,'997292612',NULL,NULL,NULL,NULL,'Deleted','0','a80a06f0-95fe-4c29-8041-898063673f3a',NULL),(NULL,200071,NULL,NULL,NULL,NULL,'vimala.j@focusite.com',NULL,NULL,NULL,'997292612',NULL,NULL,NULL,NULL,'Deleted','0','9f05b11a-e21e-47e8-a57e-05a89ba80533',NULL),(NULL,200072,'Deepika',NULL,'chandru',NULL,'deepika.c@focusite.com','$2a$10$u8DRvPAS84K3e0LoMl4gs.dIpTORaJTz/nopVJfr6mBvTNvxIBPyi',NULL,NULL,'7888976568',NULL,NULL,NULL,NULL,'Deleted','1','ad37f875-2bc4-4b8c-aa4e-7eb7397a3d53',NULL),(NULL,200073,'Deepika',NULL,'chandru',NULL,'deepika.c@focusite.com','$2a$10$IrF9ejnMrNPJjMPOn/H6v.DqlsG34Wl9los7LnthFyH3hpYiIVHiG',NULL,NULL,'7888976568','18th main road, anna nagar, chennai -600040','Contract',NULL,'chennai','Deleted','1','4cc82f02-3919-44fb-a0cb-f222fc4d2108',NULL),(NULL,200074,NULL,NULL,NULL,NULL,'deepika.c@focusite.com',NULL,NULL,NULL,'7888976568',NULL,NULL,NULL,NULL,'Deleted','0','e7fd8e3c-cd34-46c6-abe3-fa021d9061f1',NULL),(NULL,200075,NULL,NULL,NULL,NULL,'deepika.c@focusite.com',NULL,NULL,NULL,'7888976568',NULL,NULL,NULL,NULL,'Deleted','0','c650e280-80f9-4b0b-9fbd-864e33005e9c',NULL),(NULL,200076,NULL,NULL,NULL,NULL,'deepika.c@focusite.com',NULL,NULL,NULL,'7888976568',NULL,NULL,NULL,NULL,'InActive','0','847d11d4-4f2c-41d0-adc8-e5694609d8b8',NULL),(NULL,200077,NULL,NULL,NULL,NULL,'lakshminarayanan.s@focusite.com',NULL,NULL,NULL,'1234567',NULL,NULL,NULL,NULL,'Deleted','0','03ee9a79-a0c2-4bf3-af04-c994d0261dcc',NULL),(NULL,200078,NULL,NULL,NULL,NULL,'lakshminarayanan.s@focusite.com',NULL,NULL,NULL,'1234567',NULL,NULL,NULL,NULL,'Deleted','0','5322bbe2-8c60-4b9f-a552-d2f740c0fc74',NULL);
/*!40000 ALTER TABLE `etms_caboperators_user` ENABLE KEYS */;
UNLOCK TABLES;

--
-- Table structure for table `etms_caboperators_user_role`
--

DROP TABLE IF EXISTS `etms_caboperators_user_role`;
/*!40101 SET @saved_cs_client     = @@character_set_client */;
/*!40101 SET character_set_client = utf8 */;
CREATE TABLE `etms_caboperators_user_role` (
  `cab_Operator_Id` int(15) NOT NULL,
  `role_Id` int(15) DEFAULT NULL,
  KEY `cab_Role_Id` (`role_Id`),
  KEY `cab_operator_id_idx` (`cab_Operator_Id`),
  CONSTRAINT `cab_Role_Id` FOREIGN KEY (`role_Id`) REFERENCES `etms_caboperators_role` (`role_Id`) ON DELETE NO ACTION ON UPDATE NO ACTION,
  CONSTRAINT `cab_operator_id` FOREIGN KEY (`cab_Operator_Id`) REFERENCES `etms_caboperators_user` (`cab_Operator_Id`) ON DELETE NO ACTION ON UPDATE NO ACTION
) ENGINE=InnoDB DEFAULT CHARSET=utf8;
/*!40101 SET character_set_client = @saved_cs_client */;

--
-- Dumping data for table `etms_caboperators_user_role`
--

LOCK TABLES `etms_caboperators_user_role` WRITE;
/*!40000 ALTER TABLE `etms_caboperators_user_role` DISABLE KEYS */;
INSERT INTO `etms_caboperators_user_role` VALUES (200002,6),(200003,6),(200004,6),(200005,6),(200006,6),(200007,6),(200008,6),(200009,6),(200010,6),(200011,6),(200012,6),(200013,6),(200015,6),(200016,6),(200017,6),(200018,6),(200019,6),(200020,6),(200041,6),(200045,6),(200046,6),(200051,6),(200052,6),(200061,6),(200062,6),(200063,6),(200067,6),(200072,6),(200073,6);
/*!40000 ALTER TABLE `etms_caboperators_user_role` ENABLE KEYS */;
UNLOCK TABLES;

--
-- Table structure for table `etms_communitcationsystem_controller`
--

DROP TABLE IF EXISTS `etms_communitcationsystem_controller`;
/*!40101 SET @saved_cs_client     = @@character_set_client */;
/*!40101 SET character_set_client = utf8 */;
CREATE TABLE `etms_communitcationsystem_controller` (
  `Id` int(11) NOT NULL AUTO_INCREMENT,
  `action_Scenario` varchar(45) DEFAULT NULL,
  `action_By` tinytext,
  `action_For` tinytext,
  `mail_System_Active` tinytext,
  `sms_System_Active` tinytext,
  `team_Notification` tinytext,
  `hod_Notification` tinytext,
  `hr_Notification` tinytext,
  `client_Notification` tinytext,
  `operator_Notification` tinytext,
  `self_Notification` tinytext,
  PRIMARY KEY (`Id`)
) ENGINE=InnoDB AUTO_INCREMENT=534341 DEFAULT CHARSET=utf8;
/*!40101 SET character_set_client = @saved_cs_client */;

--
-- Dumping data for table `etms_communitcationsystem_controller`
--

LOCK TABLES `etms_communitcationsystem_controller` WRITE;
/*!40000 ALTER TABLE `etms_communitcationsystem_controller` DISABLE KEYS */;
INSERT INTO `etms_communitcationsystem_controller` VALUES (534325,'New Request','EMPLOYEE_USER',NULL,'Yes','Yes','Yes','Yes','No','No','No','No'),(534326,'New Request','HOD_USER',NULL,'Yes','Yes','Yes','No','Yes','Yes','No','No'),(534327,'New Request','HR_USER',NULL,'Yes','Yes','Yes','Yes','No','Yes','No','No'),(534328,'Edit Request','EMPLOYEE_USER',NULL,'Yes','Yes','Yes','Yes','No','No','No','No'),(534329,'Edit Request','HOD_USER',NULL,'Yes','Yes','Yes','No','Yes','No','No','No'),(534330,'Edit Request','HR_USER',NULL,'Yes','Yes','Yes','Yes','No','No','No','No'),(534331,'Cancel Request','EMPLOYEE_USER',NULL,'Yes','Yes','Yes','Yes','No','No','Yes','No'),(534332,'Cancel Request','HOD_USER',NULL,'Yes','Yes','Yes','No','No','Yes','Yes','No'),(534333,'Cancel Request','HR_USER',NULL,'Yes','Yes','Yes','Yes','Yes','Yes','Yes','No'),(534334,'Request Approved','HOD_USER',NULL,'No','No','No','No','No','No','No','No'),(534335,'Request Rejected','HOD_USER',NULL,'Yes','Yes','Yes','No','No','Yes','Yes','No'),(534336,'Request Assign','HR_USER',NULL,'Yes','Yes','No','No','No','No','Yes','No'),(534337,'Request Reject','HR_USER',NULL,'Yes','Yes','Yes','Yes','Yes','Yes','Yes','No'),(534338,'Operator Schedule','OPERATOR_USER',NULL,'Yes','Yes','Yes','No','No','Yes','No','Yes'),(534339,'Operator Decline','OPERATOR_USER',NULL,'Yes','Yes','Yes','No','Yes','No','No','Yes'),(534340,'Urgent Request','ALL',NULL,'Yes','Yes','Yes','Yes','Yes','Yes','Yes','Yes');
/*!40000 ALTER TABLE `etms_communitcationsystem_controller` ENABLE KEYS */;
UNLOCK TABLES;

--
-- Table structure for table `etms_employee_role`
--

DROP TABLE IF EXISTS `etms_employee_role`;
/*!40101 SET @saved_cs_client     = @@character_set_client */;
/*!40101 SET character_set_client = utf8 */;
CREATE TABLE `etms_employee_role` (
  `role_Id` int(15) NOT NULL DEFAULT '0',
  `description` varchar(255) DEFAULT NULL,
  `role_Name` varchar(45) DEFAULT NULL,
  PRIMARY KEY (`role_Id`)
) ENGINE=InnoDB DEFAULT CHARSET=utf8;
/*!40101 SET character_set_client = @saved_cs_client */;

--
-- Dumping data for table `etms_employee_role`
--

LOCK TABLES `etms_employee_role` WRITE;
/*!40000 ALTER TABLE `etms_employee_role` DISABLE KEYS */;
INSERT INTO `etms_employee_role` VALUES (1,'Has access to configure','ADMIN_USER'),(2,'Has partial access to configure','HOD_HR_USER'),(3,'Has access to schedule or reject booking requests ','HR_USER'),(4,'Has access to approve or reject booking requests ','HOD_USER'),(5,'Has access create booking requests','EMPLOYEE_USER');
/*!40000 ALTER TABLE `etms_employee_role` ENABLE KEYS */;
UNLOCK TABLES;

--
-- Table structure for table `etms_employee_user`
--

DROP TABLE IF EXISTS `etms_employee_user`;
/*!40101 SET @saved_cs_client     = @@character_set_client */;
/*!40101 SET character_set_client = utf8 */;
CREATE TABLE `etms_employee_user` (
  `id` bigint(20) NOT NULL AUTO_INCREMENT,
  `employee_Id` varchar(30) DEFAULT NULL,
  `first_Name` varchar(255) DEFAULT NULL,
  `middle_Name` varchar(45) DEFAULT NULL,
  `last_Name` varchar(255) DEFAULT NULL,
  `username` varchar(255) DEFAULT NULL,
  `email_Id` varchar(45) DEFAULT NULL,
  `password` varchar(255) DEFAULT NULL,
  `employee_Phone_No` varchar(45) DEFAULT NULL,
  `department` varchar(45) DEFAULT NULL,
  `designation` varchar(45) DEFAULT NULL,
  `employee_Status` varchar(45) DEFAULT 'Active',
  `enable` varchar(45) DEFAULT '0',
  `confirmation_Token` varchar(255) DEFAULT NULL,
  `reporting_Manager` varchar(255) DEFAULT NULL,
  `location` varchar(245) DEFAULT NULL,
  `home_Address` varchar(255) DEFAULT NULL,
  `work_Address` varchar(255) DEFAULT NULL,
  `password_Reset_Token` varchar(245) DEFAULT NULL,
  UNIQUE KEY `id_UNIQUE` (`id`),
  UNIQUE KEY `employee_Id_UNIQUE` (`employee_Id`),
  UNIQUE KEY `username_UNIQUE` (`username`)
) ENGINE=InnoDB AUTO_INCREMENT=10116 DEFAULT CHARSET=utf8;
/*!40101 SET character_set_client = @saved_cs_client */;

--
-- Dumping data for table `etms_employee_user`
--

LOCK TABLES `etms_employee_user` WRITE;
/*!40000 ALTER TABLE `etms_employee_user` DISABLE KEYS */;
INSERT INTO `etms_employee_user` VALUES (1,'10001','Lalitha',NULL,'M','lalitha.m','lalitha.m@focuscite.com','$2a$09$rZJxFTelNzIoLkdBAwARq.3N/0nE3WYs3sTKlxcgbnXMyvZlgXxX6','1485855796','Human Resources','Lead HR','DeActive','1','673e9f7e-72e5-4ae9-acf4-1533f3381ff04',NULL,NULL,NULL,NULL,NULL),(2,'10002','Rajesh',NULL,'Natarajan','rajesh.n','rajesh.n@focuscite.com','$2a$09$rZJxFTelNzIoLkdBAwARq.3N/0nE3WYs3sTKlxcgbnXMyvZlgXxX6','1574152453',NULL,'Sr.Executive HR','DeActive','1','673e9f7e-72e5-4sdae9-acf4-533f3381ff04',NULL,'chennai','chennai','1',NULL),(3,'10003','Subarna',NULL,'P','subarna.p','deepika.cl@focusite.com','$2a$10$V.U2JPfWVFUI4v/6mU5aTOxfilBU9UMHEo2oHv/zshgpFPPKczxJ6','1314247415','SDC','Receptionist','DeActive','1','673e9f7e-72eg5-4ae9-acf4-533f3381ff04',NULL,'chennai','chennai','1','2bde1637-b962-46b4-a9dc-efef40f7d7d1'),(4,'10004','Chitra',NULL,'N','chitra.n','chitra.n@focuscite.com','$2a$09$rZJxFTelNzIoLkdBAwARq.3N/0nE3WYs3sTKlxcgbnXMyvZlgXxX6','1548963359','SDC','QMS Lead Auditor','Active','1','673e9f7e-72e5-q4ae9-acf4-533f3381ff04',NULL,'chennai','kodambakkam','1',NULL),(5,'10005','Tamil','Llakkia','P','tamil.p','tamil.p@focuscite.com','$2a$09$rZJxFTelNzIoLkdBAwARq.3N/0nE3WYs3sTKlxcgbnXMyvZlgXxX6','1878787451','Human Resources','Executive HR','Active','1','673e9f7e-72e5-4aemkj9-acf4-533f3381ff04',NULL,NULL,NULL,NULL,NULL),(6,'10006','Angel','Mery','Prince','angel.p','angel.p@focuscite.com','$2a$09$rZJxFTelNzIoLkdBAwARq.3N/0nE3WYs3sTKlxcgbnXMyvZlgXxX6','1441021452','Marketing','Sales Manager','Active','1','673e9f7e-72e5-4ae9-acf4p0-533f3381ff04',NULL,'chennai','chennai','3',NULL),(7,'10007','Prabakaran',NULL,'L','prabakaran.l','prabakaran.l@focuscite.com','$2a$09$rZJxFTelNzIoLkdBAwARq.3N/0nE3WYs3sTKlxcgbnXMyvZlgXxX6','1542258968','Sales ','Sr.Sales Executive','Active','1','673e9f7e-72e5-4ae9-qacf4-533f3381ff04',NULL,NULL,NULL,NULL,NULL),(8,'10008','Elumalai',NULL,'M','elumalai.m','elumalai.m@focuscite.com','$2a$09$rZJxFTelNzIoLkdBAwARq.3N/0nE3WYs3sTKlxcgbnXMyvZlgXxX6','1714541863','Sales ','Sales Executive','DeActive','1','673e9fhcsa7e-72e5-4ae9-acf4-533f3381ff55',NULL,NULL,NULL,NULL,NULL),(9,'10009','Harsha','Vardhan','TS','harsha.t','cajedamif@tm2mail.com','$2a$09$rZJxFTelNzIoLkdBAwARq.3N/0nE3WYs3sTKlxcgbnXMyvZlgXxX6','1574147418','Sales ','Tele Sales Executive','Active','1','673e9f7e-72e5sd-4ae9-acf4-533f3381ff04',NULL,NULL,NULL,NULL,NULL),(10,'10010','Sneha','Ghanshyam','Singh','sneha.s','sneha.s@focuscite.com','$2a$09$rZJxFTelNzIoLkdBAwARq.3N/0nE3WYs3sTKlxcgbnXMyvZlgXxX6','1686845247','Sales ','Tele Sales Executive','Active','1','673e9f7e-72e5-4aweae9-acf4-533f3381ff04',NULL,NULL,NULL,NULL,NULL),(11,'10011','Abhimanyu','Haripriya','Pakshoothra','abhimanyu.p','abhimanyu.p@focuscite.com','$2a$09$rZJxFTelNzIoLkdBAwARq.3N/0nE3WYs3sTKlxcgbnXMyvZlgXxX6','1547856963','Marketing','Marketing Manager','Active','1','673e9f7e-72e5-422ae9-acf4-533f3381ff04',NULL,NULL,NULL,NULL,NULL),(12,'10012','Bharat','Nambiar','Aditya','bharat.a','bharat.a@focuscite.com','$2a$09$rZJxFTelNzIoLkdBAwARq.3N/0nE3WYs3sTKlxcgbnXMyvZlgXxX6','1625415478','Marketing','Marketing Executive','Active','1','673e9f7e-72e5-4ae9-a1cf4-533f3381ff04',NULL,NULL,NULL,NULL,NULL),(13,'10013','Bharat',NULL,'Raj','bharat.r','bharat.r@focuscite.com','$2a$09$rZJxFTelNzIoLkdBAwARq.3N/0nE3WYs3sTKlxcgbnXMyvZlgXxX6','1365287685','Marketing','Sr.Marketing Executive','Active','1','673e9f7e-72e5-4ae9-acf24-533f3381ff04',NULL,NULL,NULL,NULL,NULL),(14,'10014','Bhavya',NULL,'Aryan','bhavya.a','bhavya.a@focuscite.com','$2a$09$rZJxFTelNzIoLkdBAwARq.3N/0nE3WYs3sTKlxcgbnXMyvZlgXxX6','1412548623','Marketing','Digital Marketing Executive','Active','1','673e9f7e-72e5-4ae9-acf4-3533f3381ff04',NULL,NULL,NULL,NULL,NULL),(15,'10015','Chidambaram',NULL,'Pericheappan','chidambaram.p','chidambaram.p@focuscite.com','$2a$09$rZJxFTelNzIoLkdBAwARq.3N/0nE3WYs3sTKlxcgbnXMyvZlgXxX6','1455263856','Marketing','Marketing Executive','Active','1','673e9f7e-72e5-4ae9-acf4-5433f3381ff04',NULL,NULL,NULL,NULL,NULL),(16,'10016','Dandy','Lourdes','SG','dandy.s','dandy.s@focuscite.com','$2a$09$rZJxFTelNzIoLkdBAwARq.3N/0nE3WYs3sTKlxcgbnXMyvZlgXxX6','1142110102','Admin','Admin Manager','Active','1','673e9f7e-72e5-4ae9-acf4-5335f63381ff04',NULL,NULL,NULL,NULL,NULL),(17,'10017','Karthikeyan',NULL,'E','karthikeyan.e','karthikeyan.e@focuscite.com','$2a$09$rZJxFTelNzIoLkdBAwARq.3N/0nE3WYs3sTKlxcgbnXMyvZlgXxX6','1674125845','Admin','Sr.Admin Executive','Active','1','673e9f7e-72e5-4ae9-acf4-533f33871ff04',NULL,NULL,NULL,NULL,NULL),(18,'10018','Narayanan',NULL,'M','narayanan.m','narayanan.m@focuscite.com','$2a$09$rZJxFTelNzIoLkdBAwARq.3N/0nE3WYs3sTKlxcgbnXMyvZlgXxX6','1212543625','Admin','Office Coordinator','Active','1','673e9f7e-72e5-4ae9-acf4-533f3381ff084',NULL,NULL,NULL,NULL,NULL),(19,'10019','Maria','Ann','Dsilva','maria.d','maria.d@focuscite.com','$2a$09$rZJxFTelNzIoLkdBAwARq.3N/0nE3WYs3sTKlxcgbnXMyvZlgXxX6','1362534582','Admin','Receptionist','Active','1','673e9f7e-72e5-4ae9-acf4-533f3381ff048',NULL,NULL,NULL,NULL,NULL),(20,'10020','Muralidharan',NULL,'MK','muralidharan.m','muralidharan.m@focuscite.com','$2a$09$rZJxFTelNzIoLkdBAwARq.3N/0nE3WYs3sTKlxcgbnXMyvZlgXxX6','1635263587','Admin','Admin Executive','Active','1','673e9f7e-72e5-4ae9-acf4-533f3381ff049',NULL,NULL,NULL,NULL,NULL),(21,'10021','Aditi','Edathua','Padma','aditi.p','hg@balanc3r.com','$2a$09$rZJxFTelNzIoLkdBAwARq.3N/0nE3WYs3sTKlxcgbnXMyvZlgXxX6','1941214511','Admin','Admin Executive','Active','1','673e9f7e-72e5-4ae9-acf4-533f3381ff041',NULL,NULL,NULL,NULL,NULL),(22,'10022','Angelin',NULL,'Ashilba','angelin.a','angelin.a@focuscite.coms','$2a$09$rZJxFTelNzIoLkdBAwARq.3N/0nE3WYs3sTKlxcgbnXMyvZlgXxX6','1648748526','Admin','Receptionist','Active','1','673e9f7e-72e5-4ae9-acf4-533f3381ff04q',NULL,'AAAVadi','adfdsf','0',NULL),(23,'10023','Haresh',NULL,'Nishant','haresh.n','haresh.n@focuscite.com','$2a$09$rZJxFTelNzIoLkdBAwARq.3N/0nE3WYs3sTKlxcgbnXMyvZlgXxX6','1332025120','Admin','Office Administrator','Active','1','673e9f7e-72e5-4ae9-acf4-533f3381ff04w',NULL,NULL,NULL,NULL,NULL),(24,'10024','Hari','Vignesh','Bharathi','hari.b','hari.b@focuscite.com','$2a$09$rZJxFTelNzIoLkdBAwARq.3N/0nE3WYs3sTKlxcgbnXMyvZlgXxX6','1334157210','Admin','Office Administrator','Active','1','673e9f7e-72e5-4ae9-acf4-533f3381ff04e',NULL,NULL,NULL,NULL,NULL),(25,'10025','Hazel',NULL,'John','hazel.j','hazel.j@focuscite.com','$2a$09$rZJxFTelNzIoLkdBAwARq.3N/0nE3WYs3sTKlxcgbnXMyvZlgXxX6','1935222548','Admin','Office Administrator','Active','1','673e9f7e-72e5-4ae9-acf4-533f3381ff04r',NULL,NULL,NULL,NULL,NULL),(26,'10026','Helen',NULL,'Matthew','helen.m','helen.m@focuscite.com','$2a$09$rZJxFTelNzIoLkdBAwARq.3N/0nE3WYs3sTKlxcgbnXMyvZlgXxX6','1652145274','Network Infrastructure','Networking Manager','Active','1','673e9f7e-72e5-4ae9-acf4-533f3381ff04t',NULL,NULL,NULL,NULL,NULL),(27,'10027','Aisha',NULL,'Pallav','aisha.p','aisha.p@focuscite.com','$2a$09$rZJxFTelNzIoLkdBAwARq.3N/0nE3WYs3sTKlxcgbnXMyvZlgXxX6','1225698595','Network Infrastructure','Network Engineer','Active','1','673e9f7e-72e5-4ae9-acf4-533f3381ff04y',NULL,NULL,NULL,NULL,NULL),(28,'10028','Ilakkiya',NULL,'Raghavi','ilakkiya.r','ilakkiya.r@focuscite.com','$2a$09$rZJxFTelNzIoLkdBAwARq.3N/0nE3WYs3sTKlxcgbnXMyvZlgXxX6','1925412568','Network Infrastructure','Network Analyst','Active','1','673e9f7e-72e5-4ae9-acf4-533f3381ff04u',NULL,NULL,NULL,NULL,NULL),(29,'10029','Jayashree','Venkat','Krishnan','jayashree.k','jayashree.k@focuscite.com','$2a$09$rZJxFTelNzIoLkdBAwARq.3N/0nE3WYs3sTKlxcgbnXMyvZlgXxX6','1348712245','Network Infrastructure','Network Administrator','Active','1','673e9f7e-72e5-4ae9-acf4-533f3381ff04i',NULL,NULL,NULL,NULL,NULL),(30,'10030','Kalyan','Kumar','S','kalyan.s','kalyan.r@focuscite.com','$2a$09$rZJxFTelNzIoLkdBAwARq.3N/0nE3WYs3sTKlxcgbnXMyvZlgXxX6','1321568720','Network Infrastructure','Hardware Engineer','Active','1','673e9f7e-72e5-4ae9-acf4-533f3381ff04o',NULL,NULL,NULL,NULL,NULL),(31,'10031','Kanthival',NULL,'Gopal','kanthival.g','kanthival.g@focuscite.com','$2a$09$rZJxFTelNzIoLkdBAwARq.3N/0nE3WYs3sTKlxcgbnXMyvZlgXxX6','1301457152','Network Infrastructure','Network Security Engineer','Active','1','673e9f7e-72e5-4ae9-acf4-533f3381ff04p',NULL,NULL,NULL,NULL,NULL),(32,'10032','Joshua','Jeffrey','Josanne','joshua.j','joshua.j@focuscite.com','$2a$09$rZJxFTelNzIoLkdBAwARq.3N/0nE3WYs3sTKlxcgbnXMyvZlgXxX6','1600587458','Network Infrastructure','Network Security Engineer','Active','1','673e9f7e-72e5-4ae9-acf4-533f3381ff04a',NULL,NULL,NULL,NULL,NULL),(33,'10033','Lakshmi',NULL,'Anath','lakshmi.a','lakshmi.a@focuscite.com','$2a$09$rZJxFTelNzIoLkdBAwARq.3N/0nE3WYs3sTKlxcgbnXMyvZlgXxX6','1685658565','Network Infrastructure','Sr.Network Administrator','Active','1','673e9f7e-72e5-4ae9-acf4-533f3381ff04s',NULL,NULL,NULL,NULL,NULL),(34,'10034','Lakshmi','Das','Vasan','lakshmi.v','lakshmi.v@focuscite.com','$2a$09$rZJxFTelNzIoLkdBAwARq.3N/0nE3WYs3sTKlxcgbnXMyvZlgXxX6','1662478745','Network Infrastructure','Network Support Associate','Active','1','673e9f7e-72e5-4ae9-acf4-533f3381ff04d',NULL,NULL,NULL,NULL,NULL),(35,'10035','Lily',NULL,'Singh','lily.s','lily.s@focuscite.com','$2a$09$rZJxFTelNzIoLkdBAwARq.3N/0nE3WYs3sTKlxcgbnXMyvZlgXxX6','1965235845','Network Infrastructure','Network Support Associate','Active','1','673e9f7e-72e5-4ae9-acf4-533f3381ff04673e9f7e-72e5-4ae9-acf4-533f3381fff04',NULL,NULL,NULL,NULL,NULL),(36,'10036','Malini','Selva','Raju','malini.r','malini.r@focuscite.com','$2a$09$rZJxFTelNzIoLkdBAwARq.3N/0nE3WYs3sTKlxcgbnXMyvZlgXxX6','1236969563','QMS','QMS Manager','Active','1','673e9f7e-72e5-4ae9-acf4-533f3381ff04g',NULL,NULL,NULL,NULL,NULL),(37,'10037','Radha',NULL,'Krishna','radha.k','radha.k@focuscite.com','$2a$09$rZJxFTelNzIoLkdBAwARq.3N/0nE3WYs3sTKlxcgbnXMyvZlgXxX6','1014574158','NTO','Receptionist','Active','1','673e9f7e-72e5-4ae9-acf4-533f3381ff04673e9f7e-72e5-4ae9-acf4-533f3381ff0h4',NULL,'CHENNAI','chenna','1',NULL),(38,'10038','Kamini',NULL,'Pradhakar','kamini.p','kamini.p@focuscite.com','$2a$09$rZJxFTelNzIoLkdBAwARq.3N/0nE3WYs3sTKlxcgbnXMyvZlgXxX6','1910243368','QMS','QMS Lead Auditor','Active','1','673e9f7e-72e5-4ae9-acf4-533f3381ff04if',NULL,NULL,NULL,NULL,NULL),(39,'10039','Raja','Prasad','E','raja.e','raja.e@focuscite.com','$2a$09$rZJxFTelNzIoLkdBAwARq.3N/0nE3WYs3sTKlxcgbnXMyvZlgXxX6','1398568745','QMS','QMS Lead Auditor','Active','1','673e9f7e-72e5-4ae9-acf4-533f3381ff04j',NULL,NULL,NULL,NULL,NULL),(40,'10040','Sathya',NULL,'Narayanan','sathya.n','sathya.n@focuscite.com','$2a$09$rZJxFTelNzIoLkdBAwARq.3N/0nE3WYs3sTKlxcgbnXMyvZlgXxX6','1686358745','QMS','QMS Associate','Active','1','673e9f7e-72e5-4ae9-acf4-533f3381ff04k',NULL,NULL,NULL,NULL,NULL),(41,'10041','Divya ','Balamani','Ravi','divya .r','divya .r@focuscite.com','$2a$09$rZJxFTelNzIoLkdBAwARq.3N/0nE3WYs3sTKlxcgbnXMyvZlgXxX6','1102563987','QMS','QMS Associate','Active','1','673e9f7e-72e5-4ae9-acf4-533f3381ff04l',NULL,NULL,NULL,NULL,NULL),(42,'10042','Dia','Shree','Mohankumar','dia.m','dia.m@focuscite.com','$2a$09$rZJxFTelNzIoLkdBAwARq.3N/0nE3WYs3sTKlxcgbnXMyvZlgXxX6','1352645214','QMS','QMS Associate','Active','1','673e9f7e-72e5-4ae9-acf4-533f3381ff04m',NULL,NULL,NULL,NULL,NULL),(43,'10043','Daamodar',NULL,'D','daamodar.d','daamodar.d@focuscite.com','$2a$09$rZJxFTelNzIoLkdBAwARq.3N/0nE3WYs3sTKlxcgbnXMyvZlgXxX6','1652365241','QMS','QMS Associate','Active','1','673e9f7e-72e5-4ae9-acf4-533f3381ff04n',NULL,NULL,NULL,NULL,NULL),(44,'10044','Elisha','Edathua','Mitul','elisha.m','elisha.m@focuscite.com','$2a$09$rZJxFTelNzIoLkdBAwARq.3N/0nE3WYs3sTKlxcgbnXMyvZlgXxX6','1745125856','QMS','QMS Associate','Active','1','673e9f7e-72e5-4ae9-acf4-533f3381ff04z',NULL,NULL,NULL,NULL,NULL),(45,'10045','Finley','Rosamma','Babu','finley.b','finley.b@focuscite.com','$2a$09$rZJxFTelNzIoLkdBAwARq.3N/0nE3WYs3sTKlxcgbnXMyvZlgXxX6','1254875623','QMS','QMS Associate','Active','1','673e9f7e-72e5-4ae9-acf4-533f3381ff04x',NULL,NULL,NULL,NULL,NULL),(46,'10046','Naveen','Arul','Murthy','naveen.m','naveen.m@focuscite.com','$2a$09$rZJxFTelNzIoLkdBAwARq.3N/0nE3WYs3sTKlxcgbnXMyvZlgXxX6','1102458741','SDC','Sr.Project Manager','Active','1','673e9f7e-72e5-4ae9-acf4-533f3381ff04673e9f7e-72e5-4ae9-acf4-533f3381ff0c4',NULL,NULL,NULL,NULL,NULL),(47,'10047','Priya',NULL,'E','priya.e','priya.e@focuscite.com','$2a$09$rZJxFTelNzIoLkdBAwARq.3N/0nE3WYs3sTKlxcgbnXMyvZlgXxX6','1685325625','SDC','Project Manager','Active','1','673e9f7e-72e5-4ae9-acf4-533f3381ff04cv',NULL,NULL,NULL,NULL,NULL),(48,'10048','Venketasrinath',NULL,'Yelchuru','venketasrinath.y','venketasrinath.y@focuscite.com','$2a$09$rZJxFTelNzIoLkdBAwARq.3N/0nE3WYs3sTKlxcgbnXMyvZlgXxX6','1256587419','SDC','Technical Lead','Active','1','673e9f7e-72e5-4ae9-acf4-533f3381ff04vc',NULL,NULL,NULL,NULL,NULL),(49,'10049','Patel','Mohammed','Irfan','patel.i','patel.i@focuscite.com','$2a$09$rZJxFTelNzIoLkdBAwARq.3N/0nE3WYs3sTKlxcgbnXMyvZlgXxX6','1541247852','SDC','Technical Manager','Active','1','673e9f7e-72e5-4ae9-acf4-533f3381ff04sd',NULL,NULL,NULL,NULL,NULL),(50,'10050','Mohamed','sheik','M','mohamed.m','mohamed.m@focuscite.com','$2a$09$rZJxFTelNzIoLkdBAwARq.3N/0nE3WYs3sTKlxcgbnXMyvZlgXxX6','1635218541','SDC','Sr.Software Engineer','Active','1','673e9f7e-72e5-4ae9-acf4-533f3381ff04ass',NULL,NULL,NULL,NULL,NULL),(51,'10051','Palaniappan',NULL,'V','palaniappan.v','palaniappan.v@focuscite.com','$2a$09$rZJxFTelNzIoLkdBAwARq.3N/0nE3WYs3sTKlxcgbnXMyvZlgXxX6','1124747263','SDC','Sr.Software Engineer','Active','1','673e9f7e-72e5-4ae9-acf4-533f3381ff04673e9f7e-72e5-4ae9-acf4-533f3381ff0d4',NULL,NULL,NULL,NULL,NULL),(52,'10052','Siva',NULL,'N','siva.n','siva.n@focuscite.com','$2a$09$rZJxFTelNzIoLkdBAwARq.3N/0nE3WYs3sTKlxcgbnXMyvZlgXxX6','1632555841','SDC','Sr.Software Engineer','Active','1','673e9f7e-72e5-4ae9-acf4-533f3381ff04sfgw',NULL,'chennai','sdasf','1',NULL),(53,'10053','Ravindran',NULL,'N','ravindran.n','ravindran.n@focuscite.com','$2a$09$rZJxFTelNzIoLkdBAwARq.3N/0nE3WYs3sTKlxcgbnXMyvZlgXxX6','1636412585','SDC','Software Engineer','Active','1','673e9f7e-72e5-4ae9-acf4-533f3381ff04uu',NULL,NULL,NULL,NULL,NULL),(54,'10054','Guru',NULL,'Nagarajan','guru.n','guru.n@focuscite.com','$2a$09$rZJxFTelNzIoLkdBAwARq.3N/0nE3WYs3sTKlxcgbnXMyvZlgXxX6','1145763585','SDC','Software Engineer','DeActive','1','673e9f7e-72e5-4ae9-acf4-533f3381ff04te',NULL,NULL,NULL,NULL,NULL),(55,'10055','Manesh','Vinod','Mohandas','manesh.m','manesh.m@focuscite.com','$2a$09$rZJxFTelNzIoLkdBAwARq.3N/0nE3WYs3sTKlxcgbnXMyvZlgXxX6','1632654125','SDC','Software Engineer Trainee','Active','1','673e9f7e-72e5-4ae9-acf4-533f3381ff04rty',NULL,'Chenna','Address','3',NULL),(56,'10056','Menaka',NULL,'Ram','menaka.r','menaka.r@focuscite.com','$2a$09$rZJxFTelNzIoLkdBAwARq.3N/0nE3WYs3sTKlxcgbnXMyvZlgXxX6','1102487638','SDC','Software Engineer Trainee','Active','1','673e9f7e-72e5-4ae9-acf4-533f3381ff04djk',NULL,NULL,NULL,NULL,NULL),(57,'10057','Mitali',NULL,'Anurag','mitali.a','mitali.a@focuscite.com','$2a$09$rZJxFTelNzIoLkdBAwARq.3N/0nE3WYs3sTKlxcgbnXMyvZlgXxX6','1665652842','SDC','Software Engineer Trainee','Active','1','673e9f7e-72e5-4ae9-acf4-533f3381ff04lu',NULL,NULL,NULL,NULL,NULL),(58,'10058','Monika','Thampan','Jacob','monika.j','monika.j@focuscite.com','$2a$09$rZJxFTelNzIoLkdBAwARq.3N/0nE3WYs3sTKlxcgbnXMyvZlgXxX6','1952354152','SDC','Software Engineer Trainee','Active','1','673e9f7e-72e5-4ae9-acf4-533f3381ff0412',NULL,NULL,NULL,NULL,NULL),(59,'10059','Nandhini',NULL,'Baskar','nandhini.b','nandhini.b@focuscite.com','$2a$09$rZJxFTelNzIoLkdBAwARq.3N/0nE3WYs3sTKlxcgbnXMyvZlgXxX6','1658741250','SDC','Software Engineer Trainee','Active','1','673e9f7e-72e5-4ae9-acf4-533f3381ff0423',NULL,NULL,NULL,NULL,NULL),(60,'10060','Nandhini','Bala','Subramanian','nandhini.s','nandhini.s@focuscite.com','$2a$09$rZJxFTelNzIoLkdBAwARq.3N/0nE3WYs3sTKlxcgbnXMyvZlgXxX6','1235414745','SDC','Software Engineer Trainee','Active','1','673e9f7e-72e5-4ae9-acf4-533f3381ff0445',NULL,NULL,NULL,NULL,NULL),(61,'10061','Shivashankari',NULL,'Nedunchezhiyan','shivashankari.n','shivashankari.n@focuscite.com','$2a$09$rZJxFTelNzIoLkdBAwARq.3N/0nE3WYs3sTKlxcgbnXMyvZlgXxX6','9790963383','NTO','Sr.Product Manager','Active','1','673e9f7e-72e5-4ae9-acf4-533f3381ff0456',NULL,NULL,NULL,NULL,NULL),(62,'10062','Anish','Ephrem','Arulanandam','anish.a','anish.a@focuscite.com','$2a$09$rZJxFTelNzIoLkdBAwARq.3N/0nE3WYs3sTKlxcgbnXMyvZlgXxX6','9884886685','NTO','Project Manager','Active','1','673e9f7e-72e5-4ae9-acf4-533f3381ff0467',NULL,NULL,NULL,NULL,NULL),(63,'10063','Rajasekar',NULL,'T','rajasekar.t','rajasekar.t@focuscite.com','$2a$09$rZJxFTelNzIoLkdBAwARq.3N/0nE3WYs3sTKlxcgbnXMyvZlgXxX6','9790660132','NTO','Technical Lead','Invite Cancelled','0','673e9f7e-72e5-4ae9-acf4-533f3381ff04673e9f7e-72e5-4ae9-acf4-533f3381ff0478',NULL,NULL,NULL,NULL,NULL),(64,'10064','Arul','Murugan','Perumal','arul.p','hg@balanc3r.com','$2a$09$rZJxFTelNzIoLkdBAwARq.3N/0nE3WYs3sTKlxcgbnXMyvZlgXxX6','9489335955','NTO','Technical Program Manager','Active','1','9eertret34dft',NULL,NULL,NULL,NULL,NULL),(65,'10065','Lakshmi','Narayanan','S','lakshmi.s','lakshmi.s@focuscite.com','$2a$09$rZJxFTelNzIoLkdBAwARq.3N/0nE3WYs3sTKlxcgbnXMyvZlgXxX6','7397247015','NTO','Technical Program Manager','Active','1','1673e9f7e-72e5-4ae9-acf4-533f3381ff04',NULL,'chennai','salem','1',NULL),(66,'10066','Menaka',NULL,'Kumar','menaka.k','menaka.k@focuscite.com','$2a$09$rZJxFTelNzIoLkdBAwARq.3N/0nE3WYs3sTKlxcgbnXMyvZlgXxX6','8144958544','NTO','Software Engineer','Active','1','122sfsdfsdsert',NULL,NULL,NULL,NULL,NULL),(67,'10067','Helen','Christina','Rajakumari','helen.r','cajedamif@tm2mail.com','$2a$09$rZJxFTelNzIoLkdBAwARq.3N/0nE3WYs3sTKlxcgbnXMyvZlgXxX6','9176477684','NTO','Software Engineer','Active','1','673e9f7e-72e5-4ae9-acf4-533f3381ff04see',NULL,NULL,NULL,NULL,NULL),(68,'10068','Sneha',NULL,'Verghese','sneha.v','sneha.v@focuscite.com','$2a$09$rZJxFTelNzIoLkdBAwARq.3N/0nE3WYs3sTKlxcgbnXMyvZlgXxX6','9094248813','NTO','Software Engineer','Active','1','673e9f7e-72e5-4ae9-acf4-533f3381ff04now',NULL,'chennai','shanthi colony','2',NULL),(69,'10069','Prabakaran',NULL,'A','prabakaran.a','prabakaran.a@focuscite.com','$2a$09$rZJxFTelNzIoLkdBAwARq.3N/0nE3WYs3sTKlxcgbnXMyvZlgXxX6','1547856235','NTO','Software Engineer','Active','1','673e9f7e-72e5-4ae9-acf4-533f3381ff04buddy',NULL,NULL,NULL,NULL,NULL),(70,'10070','Mohammad','Navaskhan','A','mohammad.a','mohammad.a@focuscite.com','$2a$09$rZJxFTelNzIoLkdBAwARq.3N/0nE3WYs3sTKlxcgbnXMyvZlgXxX6','1547859562','NTO','Software Engineer','Active','1','673e9f7e-72e5-4ae9-acf4-533f3381ff04hello',NULL,NULL,NULL,NULL,NULL),(71,'10071','Sathya',NULL,'Moorthy','sathya.m','sathya.m@focuscite.com','$2a$09$rZJxFTelNzIoLkdBAwARq.3N/0nE3WYs3sTKlxcgbnXMyvZlgXxX6','1874589650','NTO','Software Engineer','Active','1','673e9f7e-72e5-4ae9-acf4-533f3381ff04world',NULL,NULL,NULL,NULL,NULL),(72,'10072','Rahul','Deep','R','rahul.r','rahul.r@focuscite.com','$2a$09$rZJxFTelNzIoLkdBAwARq.3N/0nE3WYs3sTKlxcgbnXMyvZlgXxX6','1744857492','NTO','Software Engineer Trainee','Active','1','673e9f7e-72e5-4ae9-acf4-533f3381ff04what',NULL,NULL,NULL,NULL,NULL),(73,'10073','Nisha',NULL,'R','nisha.r','nisha.r@focuscite.com','$2a$09$rZJxFTelNzIoLkdBAwARq.3N/0nE3WYs3sTKlxcgbnXMyvZlgXxX6','1479879855','NTO','Software Engineer Trainee','Active','1','673e9f7e-72e5-4ae9-acf4-533f3381ff04the',NULL,NULL,NULL,NULL,NULL),(74,'10074','Ram','Kumar','P','ram.p','ram.p@focuscite.com','$2a$09$rZJxFTelNzIoLkdBAwARq.3N/0nE3WYs3sTKlxcgbnXMyvZlgXxX6','1475889236','NTO','Software Engineer Trainee','Active','1','673e9f7e-72e5-4ae9-acf4-533f3381ff04hell',NULL,NULL,NULL,NULL,NULL),(75,'10075','Polamreddy',NULL,'Suresh','polamreddy.s','polamreddy.s@focuscite.com','$2a$09$rZJxFTelNzIoLkdBAwARq.3N/0nE3WYs3sTKlxcgbnXMyvZlgXxX6','1477452359','NTO','Software Engineer Trainee','Active','1','673e9f7e-72e5-4ae9-acf4-533f3381ff04is',NULL,NULL,NULL,NULL,NULL),(76,'10076','Parthiban',NULL,'R','parthiban.r','parthiban.r@focuscite.com','$2a$09$rZJxFTelNzIoLkdBAwARq.3N/0nE3WYs3sTKlxcgbnXMyvZlgXxX6','1474523185','NTO','Software Engineer Trainee','Active','1','673e9f7e-72e5-4ae9-acf4-533f3381ff04going',NULL,NULL,NULL,NULL,NULL),(77,'10077','Revathi',NULL,'Ramesh','revathi.r','revathi.r@focuscite.com','$2a$09$rZJxFTelNzIoLkdBAwARq.3N/0nE3WYs3sTKlxcgbnXMyvZlgXxX6','1713623541','NTO','Release Engineer','Active','1','673e9f7e-72e5-4ae9-acf4-533f3381ff04on',NULL,NULL,NULL,NULL,NULL),(78,'10078','Revathi','Raja','Srinivas','revathi.s','revathi.s@focuscite.com','$2a$09$rZJxFTelNzIoLkdBAwARq.3N/0nE3WYs3sTKlxcgbnXMyvZlgXxX6','1714547477','NTO','Release Engineer','Active','1','673e9f7e-72e5-4ae9-acf4-533f3381ff04sick',NULL,NULL,NULL,NULL,NULL),(79,'10079','Reeja','Josekutty','Bose','reeja.b','reeja.b@focuscite.com','$2a$09$rZJxFTelNzIoLkdBAwARq.3N/0nE3WYs3sTKlxcgbnXMyvZlgXxX6','1458762635','NTO','Release Engineer','Active','1','673e9f7e-72e5-4ae9-acf4-533f3381ff04hesdfsfa',NULL,NULL,NULL,NULL,NULL),(80,'10080','Rexy','Rosamma','Joseph','rexy.j','rexy.j@focuscite.com','$2a$09$rZJxFTelNzIoLkdBAwARq.3N/0nE3WYs3sTKlxcgbnXMyvZlgXxX6','1365214585','NTO','Release Engineer','Active','1','673e9f7e-72e5-4ae9-acf4-533f3381ff04673e9f7e-72e5-4ae9-acf4-533f3381ff04wow',NULL,NULL,NULL,NULL,NULL),(81,'10081','Rehman',NULL,'Reheem','rehman.r','rehman.r@focuscite.com','$2a$09$rZJxFTelNzIoLkdBAwARq.3N/0nE3WYs3sTKlxcgbnXMyvZlgXxX6','1365214875','NTO','Release Engineer','Active','1','673e9f7e-72e5-4ae9-acf4-533f3381ff04jeeva',NULL,NULL,NULL,NULL,NULL),(82,'10082','Ria','Ramachandra','Rao','ria.r','ria.r@focuscite.com','$2a$09$rZJxFTelNzIoLkdBAwARq.3N/0nE3WYs3sTKlxcgbnXMyvZlgXxX6','1634125712','NTO','Release Engineer','Active','1','673e9f7e-72e5-4ae9-acf4-533f3381ff04rocket',NULL,NULL,NULL,NULL,NULL),(83,'10083','Rosanne',NULL,'Robinson','rosanne.r','rosanne.r@focuscite.com','$2a$09$rZJxFTelNzIoLkdBAwARq.3N/0nE3WYs3sTKlxcgbnXMyvZlgXxX6','1025125163','NTO','Release Engineer','Active','1','673e9f7e-72e5-4ae9-acf4-533f3381ff04workwork',NULL,NULL,NULL,NULL,NULL),(84,'10084','Sahaana',NULL,'Ram','sahaana.r','sahaana.r@focuscite.com','$2a$09$rZJxFTelNzIoLkdBAwARq.3N/0nE3WYs3sTKlxcgbnXMyvZlgXxX6','1336274815','NTO','Release Engineer','Active','1','673e9f7e-72e5-4ae9-acf4-533f3381ff04spacex',NULL,NULL,NULL,NULL,NULL),(85,'10085','Sandya',NULL,'Prathap','sandya.p','sandya.p@focuscite.com','$2a$09$rZJxFTelNzIoLkdBAwARq.3N/0nE3WYs3sTKlxcgbnXMyvZlgXxX6','1302154418','NTO','Release Engineer','Active','1','673e9f7e-72e5-4ae9-acf4-533f3381ff04masterx',NULL,NULL,NULL,NULL,NULL),(86,'10086','Sathya','Pillai','Kumar','sathya.k','sathya.k@focuscite.com','$2a$09$rZJxFTelNzIoLkdBAwARq.3N/0nE3WYs3sTKlxcgbnXMyvZlgXxX6','1124763584','NTO','Release Engineer','Active','1','673e9f7e-72e5-4ae9-acf4-533f3381ff04random',NULL,NULL,NULL,NULL,NULL),(87,'10087','Sangkaave',NULL,'Sri','sangkaave.s','sangkaave.s@focuscite.com','$2a$09$rZJxFTelNzIoLkdBAwARq.3N/0nE3WYs3sTKlxcgbnXMyvZlgXxX6','1123405263','NTO','QA Manager','Active','1','673e9f7e-72e5-4ae9-acf4-533f3381ff04universe',NULL,NULL,NULL,NULL,NULL),(88,'10088','Seema',NULL,'Mukesh','seema.m','seema.m@focuscite.com','$2a$09$rZJxFTelNzIoLkdBAwARq.3N/0nE3WYs3sTKlxcgbnXMyvZlgXxX6','1641571235','NTO','QA Manager','Active','1','673e9f7e-72e5-4ae9-acf4-533f3381ff04cops',NULL,NULL,NULL,NULL,NULL),(89,'10089','Sibiah','Sherine','Julindra','sibiah.j','sibiah.j@focuscite.com','$2a$09$rZJxFTelNzIoLkdBAwARq.3N/0nE3WYs3sTKlxcgbnXMyvZlgXxX6','1638417025','NTO','QA Manager','Active','1','673e9f7e-72e5-4ae9-acf4-533f3381ff04singam',NULL,NULL,NULL,NULL,NULL),(90,'10090','Siya',NULL,'Shivam','siya.s','siya.s@focuscite.com','$2a$09$rZJxFTelNzIoLkdBAwARq.3N/0nE3WYs3sTKlxcgbnXMyvZlgXxX6','1932716854','NTO','QA Manager','Active','1','673e9f7e-72e5-4ae9-acf4-533f3381ff04s3',NULL,NULL,NULL,NULL,NULL),(91,'10091','Shaheen',NULL,'Aadil','shaheen.a','shaheen.a@focuscite.com','$2a$09$rZJxFTelNzIoLkdBAwARq.3N/0nE3WYs3sTKlxcgbnXMyvZlgXxX6','1427158635','NTO','Business Analyst','Active','1','673e9f7e-72e5-4ae9-acf4-533f3381ff04samuga',NULL,NULL,NULL,NULL,NULL),(92,'10092','Shalini',NULL,'Premkumar','shalini.p','shalini.p@focuscite.com','$2a$09$rZJxFTelNzIoLkdBAwARq.3N/0nE3WYs3sTKlxcgbnXMyvZlgXxX6','1246387810','NTO','Business Analyst','Active','1','673e9f7e-72e5-4ae9-acf4-533f3381ff04whata match',NULL,NULL,NULL,NULL,NULL),(93,'10093','Shamili',NULL,'Prabas','shamili.p','shamili.p@focuscite.com','$2a$09$rZJxFTelNzIoLkdBAwARq.3N/0nE3WYs3sTKlxcgbnXMyvZlgXxX6','1174457152','NTO','Business Analyst','Active','1','673e9f7e-72e5-4ae9-acf4-533f3381ff04bliss ',NULL,NULL,NULL,NULL,NULL),(94,'10094','Sheela','Ann','Abraham','sheela.a','sheela.a@focuscite.com','$2a$09$rZJxFTelNzIoLkdBAwARq.3N/0nE3WYs3sTKlxcgbnXMyvZlgXxX6','1568452178','NTO','Business Analyst','Active','1','673e9f7e-72e5-4ae9-acf4-533f3381ff04nba',NULL,NULL,NULL,NULL,NULL),(95,'10095','Shesha','Vasu','Sharma','shesha.s','shesha.s@focuscite.com','$2a$09$rZJxFTelNzIoLkdBAwARq.3N/0nE3WYs3sTKlxcgbnXMyvZlgXxX6','1647120352','NTO','Software Development Manager','Active','1','673e9f7e-72e5-4ae9-acf4-533f3381ff04football',NULL,NULL,NULL,NULL,NULL),(96,'10096','Solomen','Maythil','Simon','solomen.s','solomen.s@focuscite.com','$2a$09$rZJxFTelNzIoLkdBAwARq.3N/0nE3WYs3sTKlxcgbnXMyvZlgXxX6','1451203841','NTO','Software Development Manager','Active','1','673e9f7e-72e5-4ae9-acf4-533f3381ff04cricket',NULL,NULL,NULL,NULL,NULL),(97,'10097','Suman',NULL,'Nandha','suman.n','suman.n@focuscite.com','$2a$09$rZJxFTelNzIoLkdBAwARq.3N/0nE3WYs3sTKlxcgbnXMyvZlgXxX6','1924157120','NTO','Software Development Manager','Active','1','673e9f7e-72e5-4ae9-acf4-533f3381ff04chicken',NULL,NULL,NULL,NULL,NULL),(98,'10098','Tanya',NULL,'Jhonson','tanya.j','tanya.j@focuscite.com','$2a$09$rZJxFTelNzIoLkdBAwARq.3N/0nE3WYs3sTKlxcgbnXMyvZlgXxX6','1674257632','NTO','Data Scientist','Active','1','673e9f7e-72e5-4ae9-acf4-533f3381ff04hen',NULL,NULL,NULL,NULL,NULL),(99,'10099','Thana','Kaimal','Ranjani','thana.r','thana.r@focuscite.com','$2a$09$rZJxFTelNzIoLkdBAwARq.3N/0nE3WYs3sTKlxcgbnXMyvZlgXxX6','1412410385','NTO','Data Scientist','Active','1','673e9f7e-72e5-4ae9-acf4-533f3381ff04egg',NULL,NULL,NULL,NULL,NULL),(100,'10100','Vaithiswari',NULL,'Vedika','vaithiswari.v','vaithiswari.v@focuscite.com','$2a$09$rZJxFTelNzIoLkdBAwARq.3N/0nE3WYs3sTKlxcgbnXMyvZlgXxX6','1317411258','NTO','Data Scientist','Active','1','673e9f7e-72e5-4ae9-acf4-533f3381ff04bread',NULL,'chennai','chennai','1',NULL),(10053,'30000','lakshmi','S','Luck','lakshmi.l','lakshminarayanan.s@focusite.com','$2a$09$rZJxFTelNzIoLkdBAwARq.3N/0nE3WYs3sTKlxcgbnXMyvZlgXxX6','0987654321','Admin','Admin','Active','1','f3bc7a2c-f9a2-42a6-95f5-dba468277317beard',NULL,'vadapalani','vadapalani','1',NULL),(10068,'22','rassdsd','sd','sdsdsd','sdsd','foro@minex-coin.com','$2a$10$rR35pxoCjFRt5bGQt3zgiebSzvoaUzVXIVhDEULe07IIklIcQGAm.','3434343343','Marketing','Technical Manager','Active','1','16e77cef-08ca-4a4a-9721-7c9c4b8a0dd6',NULL,'dfdf','dfdf','2',NULL),(10069,'34','dsfds','sd','sdfsdf','dsfsdf','bigoboranu@tm2mail.com','$2a$10$BUeCXvyVsOrunqSrrlJs3OCjQaS0ej2M7JnCHI7K2elfYc6lDvkZ2','45454545454','Network Infrastructure','Technical Lead','DeActive','1','90edb80a-3bb9-4c85-ba6a-a9a849ee572b',NULL,'cvcv','cv','2',NULL),(10070,'33','dfdfd',NULL,'dfdfd','dfdf','dapaz@hitbts.com','$2a$10$Quz8M5oe2WKCg.LQ845sVunzKghZf1P404gJjHwVXo5YyGZguskaa','34343434','Network Infrastructure','Technical Manager','DeActive','1','ef38f09d-4544-46d4-a611-9f9682c02c43',NULL,'cvcv','cvvcv','1',NULL),(10071,'10111','Deepika',NULL,'Chandru','deepika.c','deepikaa.c@focusite.com','1','9876543210','NTO','Software Engineer','Invite Cancelled','0','2a0e54f8-b379-47cd-89f1-6090033468bc',NULL,'chennai','shanthi colony, anna nagar','2',NULL),(10072,'109205','sneha',NULL,'vergese','snehaa.v','sneha.v@focusite.com','2','9874561123','NTO','Software Engineer Trainee','Invite Cancelled','0','1b8e4778-2c71-40e7-b79f-420fe60ff4b6',NULL,'chennai','kodambakkam','1',NULL),(10073,'EM30001','saravanan','sara','kumar','saravanan','sara@gamill.com','3','8521479632','Admin','Software Engineer','Invite Cancelled','0','1f9e6782-296f-4cfb-9301-b3a13d56ba2e',NULL,'cvcv','NO:12,Avadi','0',NULL),(10074,'EMP12000','saravanan','sara','sdsdsd','Kumar','sarakumar@gmaill.com','4','789456101220','Admin','Software Engineer Trainee','InActive','0','dd90102b-7e33-46ae-b4c3-81b42809199e',NULL,'Vadapalani','TNHB T nagar','1',NULL),(10075,'102665','Prince',NULL,'Robert','prince.r','prince.r@focussite.com','5','9003100455','NTO','Software Engineer','Invite Cancelled','0','529623f5-62c1-4428-b6d7-76f627d7f466',NULL,'chennai','Ennore','1',NULL),(10076,'102210','John',NULL,'David','john.d','john.d@gmaill.com','6','9845754555','OMS','Software Engineer Trainee','InActive','0','6745e0cc-595a-41a5-9df2-efbb2b08ef6b',NULL,'chennai','kodambakkam','1',NULL),(10077,'421022','johnny',NULL,'kumar','johnny.k','johnny.k@gmaill.com','7','987456210','NTO','Software Engineer Trainee','InActive','0','30027c68-1b1c-48c8-a188-46414e132876',NULL,'chennai','kodambakkam','1',NULL),(10078,'102120','prince',NULL,'Robert','prince.b','prince.b@gmaill.com','8','649751674','NTO','Software Engineer','InActive','0','7d57a871-3725-4e60-8a3c-0d920d8878d8',NULL,'chennai','shanthi colony, anna nagar','1',NULL),(10079,'E10060','tamilselvi','','Ram','tamilselvi.r','tamilselvi.r@gmaill.com','$2a$10$chxfPvIRLFkl/.ERoaW0TO996YP1Lr/a8rAbc9NPqbjxl.CCTi1kS','9879876543','8','100003','InActive','0','59daebd4-09b7-442e-8421-cbfbb16ea4f1','10062','K K Nagar','8, Raj Street','2',NULL),(10080,'rezi@hitbts.com','rezi@hitbts.com',NULL,'rezi@hitbts.com','rezi@hitbts.com','rezi@hitbts.com','$2a$10$2t1AUPEws6ann1aS6XNk4eFrFKEML1nY1AhloCAk/8mVNCmrt366G','rezi@hitbts.com','OMS','QMS Manager','DeActive','1','c25dc776-d2c8-4578-955d-52ab5e823690',NULL,'chennai','chennai','1',NULL),(10081,'EMP789456','naven','nav','navkumar','naven.k','1@balanc3r.com','$2a$10$A9XZ4vd7xyLCyKPWm4vEb.A/Kxlk20VktJLwe1OUKjB3VDzjsV0/a','7412589631','Marketing','Sr.Software Engineer','Active','1','176c3448-1904-4050-8dbd-df9e4a0f012f',NULL,'Vadapalani','dsf','1',NULL),(10082,'12354','sara1','nav','kumar','sara.k','2@balanc3r.com','$2a$10$1UWsu4xSJvILB51QvMhOCucd/.RLGOwcNuR/ic3ozJKl4dBpCA1du','7854123698','Human Resources','Sr.Software Engineer','Active','1','79ddcfcf-4355-43df-b7a2-d9537b392e35',NULL,'AAAVadi','dsf','1',NULL),(10083,'EMP2345','sara2',NULL,'kumar2','sara2.K','wolufeniv@crymail2.com','$2a$10$1qHe2JorOVjgizRnp9ssfO4lidaGz95dPkxs0vbsnBckGB84fY2Wq','789451478','Human Resources','Sr.Project Manager','Active','1','ce0d5329-79aa-4ff5-8216-9798ff1f6125',NULL,'Vadapalani','dsf','1',NULL),(10084,'123Emp','sara3',NULL,'kumar3','sara3.k','tajegusaxo@ax80mail.com','$2a$10$rg8T5kj5SZ4fWJVbVHN6u.cdj7sZW0ELWRALigTJXQevoiuUX8tTm','7894561236','Admin','Software Engineer','Active','1','81e665fc-483c-471a-9130-470d86e86a33',NULL,'Vadapalani','NO:12,Avadi',NULL,NULL),(10085,'emp789','sara4',NULL,'kumar4','sara4.k','rabel@muimail.com','$2a$10$0muwbf//OvkQZOM4Ske.3uesCxW5FAWIK4k0ATxhw40/0TerurdNe','741258','Human Resources','Admin','DeActive','1','5171de76-e8ba-463c-9006-6b6fa705ea00',NULL,'AAAVadi','NO:12,Avadi','1',NULL),(10086,'Emap54564','sara5',NULL,'kumar5','sara5.k','sapuvuj@minex-coin.com','$2a$10$2Ol8flOxxYGGTRnu.y.xNuG/n0q1nhsHKncmNcGsSSKCF.R2k.DKq','7845123698','Human Resources','Software Engineer','DeActive','1','fb7095fc-1257-446c-a3e3-b86b82d7d2b5',NULL,'cvcv','cvvcv','2',NULL),(10087,'sfdfd789','sara1',NULL,'sudha','adkl','yazefiki@crymail2.com','$2a$10$MZsv5gIGlSBYX95DaT4N5OmzIxjqhImzAtvbfcdMA9eWNGxdNc43K','78945612','Admin','Software Engineer','DeActive','1','bfae01b5-a792-406b-b984-c1db81648d35',NULL,'Vadapalani','cvvcv','2',NULL),(10088,'111','rathika111',NULL,'mani','asd','raxa@crymail2.com','$2a$10$1rCPjIj4zDxSbpkzZ8mz8ObWCA1Trlu/oajSw/X6cX8CEW78OtZ4C','9659167099','NTO','Admin Executive','DeActive','1','f46592d5-bb97-4cc5-8f3f-60a699986f46',NULL,'ss','ss','3',NULL),(10089,'234234','asdasd','asd','asd','dsfsdfsd','povihiza@crymail2.com','$2a$10$NRriTFqd/5/EoHpFHA.5Rukl0eyKcrH8nnJJKZw9q3Nk4s5W.tOV2','856565656','NTO','Office Coordinator','DeActive','1','22a2bfa0-11fd-40ed-8d41-196017d70e37',NULL,'asdasd','asdasd','2',NULL),(10090,'dlf78945','sara5',NULL,'Kumar','sara.d','scooby@balanc3r.com','$2a$10$MkZlmQBXeYc.YnswEKsstu1RwOrpXM9nGnDcHwkYO3UKmWoILS1vW','7894564444','Admin','Software Engineer','DeActive','1','8f34d90c-dd36-4f2a-ade6-40c0d4fb7701',NULL,'Vadapalani','dsf','1',NULL),(10091,'105646','shri',NULL,'Harshini','shri.h','shri.h@gmaill.com','9','987462102','NTO','Software Engineer Trainee','InActive','0','76542afd-d681-4a97-b321-10a8467d952c',NULL,'chennai','shanthi colony','1',NULL),(10092,'101010','John','','Mathew','john.mathew','john.mathew@gmaill.com','$2a$10$7wqiX.S8zz9iQyK8RVBV0.vllRLjWuHrRnhFi1rwg4O4yZKqU3SFu','9874563210','Network Infrastructure','100007','InActive','0','249ee443-bd69-433c-a7ce-ac8da6982e46',NULL,'T Nagar','Shanthi colony','1',NULL),(10093,'101011','Henry','','David','henry.d','henry.d@gmail.com','$2a$10$ZYzJ9rlY4ZuTg4ydTZ4m1eaOR12iXsMxjyprZzb6cwG.CSvnff6Ca','9548762542','Marketing','100025','InActive','0','9a8b325e-abdf-4e15-a360-5b7eb56fd4cb',NULL,'Vadapalani','kodambakkam','2',NULL),(10094,'101013','James','','Bond','james.b','james.b@gmaill.com','$2a$10$Nk/6Lb0jLro1ZjBN5H0P0.JpShhVlfcUni4N78BLY6OfALsNm17/S','9587463210','Admin','100018','InActive','0','a9ed250a-645b-4d17-b4ac-44cc67d2e52d',NULL,'T Nagar','Vadapalani','1',NULL),(10097,'105420','shri',NULL,'harshini','harshi.s','deepikaa.c@focusite.com','10','982978483','Admin','Admin','InActive','0','43a42c4b-390f-49b5-bc25-77b91df8ba73',NULL,'chennai','kodambakkam','1',NULL),(10098,'10154','Bharat',NULL,'Kumar','bharat.kumar','bharat.kumar@focucitecabs.com','11','982978482','Human Resources','Software Engineer','DeActive','0','657dcb97-c6cc-4596-a57f-a2b48a980bbd',NULL,'chennai','kodambakkam','1',NULL),(10099,'1092059','Deepika',NULL,'chandru','deepikaa.c','deepika.c@focusite.com','$2a$10$DxeuycoKktKW/iydzrKvgu5VgAFy2AP5J27e3HJCgt5.WZsk/AMK.','9874563210','NTO','Software Engineer','DeActive','1','5daf10ca-41f0-49ef-af44-7463fb589aef',NULL,'chennai','shanthi colony, anna nagar','1',NULL),(10100,'2533365','deepika',NULL,'chandru','d.c','d.c@gmaill.com','13','87283765789','NTO','Software Engineer','InActive','0','810d10da-14d6-413f-8184-cd06cb7df5fc',NULL,'chennai','anna nagar','1',NULL),(10101,'109204','Deepika',NULL,'chandru','deepikkaa.c','deepika.c@focusite.com','$2a$10$CxRsMJlSWDU7e38sOME2Ge./fY881bGi0FZisYgc9g70ywBjeeCVq','982978483','Admin','Software Engineer','DeActive','1','d2bb12c4-0260-4c20-98d7-4bee0e5754f8',NULL,'chennai','shanthi colony, anna nagar','1',NULL),(10102,'F21855','Vimala',NULL,'Jeyakumar','vimala.j','vimala.j@focusite.com','$2a$10$os/Wq6RH2aLdFqpeOs9OUe7zcnVwl7yiHAG2/DaVFuGzPvHxFzr/.','9597292612','NTO','Software Engineer','Active','1','10864023-d5b6-46fd-b131-dc14d81a6673',NULL,'chennai','Chennai','1',NULL),(10106,'FI2342','ar','ar','ar','arul','arulmurugan.p@focusite.com','$2a$10$uXso002uKQ2ZAUv45CHDBuFU6xtAbHz3/DXC3gaPPBw5R9D2Mh0Ey','34343422323','QMS','QMS Manager','Active','1','8ebb4468-d75d-4178-bfd4-69d9cb4895a7',NULL,'chennai','chennai','1',NULL),(10107,'desfsd','cdsed',NULL,'sdf','asdcsd','fdfdf@gmail.com1','14','sddsfsdf','Admin','Office Coordinator','InActive','0','fbc8e88a-f77c-46c2-a8fc-f3bff5bdeea5',NULL,'dfdsf','dsfsrf','1',NULL),(10108,'dsfsf','dsfds',NULL,'dfdfd','dsfsa','menaksda.K@focusite.com','15','7854123698','Human Resources','Technical Manager','InActive','0','c61eece8-48ae-4784-8362-a9a730d619a1',NULL,'dfdf','dsf','0',NULL),(10110,'jack','ananti',NULL,'sdfsdf','sd','jack3@balanc3r.com','16','515614','Human Resources','Sr.Software Engineer','InActive','0','d135bc6d-a869-4c96-ba45-f256cd79bee6',NULL,'djf','adfdsf','1',NULL),(10111,'fdsf','sara10',NULL,'sdsad','dfdsf','jack5@balanc3r.com','17','545649684','Human Resources','Software Engineer','InActive','0','74add871-fcd2-433e-a8f5-a7fd1f49ce8c',NULL,'Vadapalani','dsf','1',NULL),(10112,'dsfas','fddsa',NULL,'afdsfsa','df','menakadf.K@focusite.com','28','7854123698df','Marketing','Admin Executive','InActive','0','d5bd8a59-828e-491c-8f9b-a7138a15984a',NULL,'dcddf','dsf','2',NULL),(10113,'109203','Deepika',NULL,'chandru','deepiika.c','deepika.c@focusite.com','$2a$10$Iuy3jY8WHrqO6N3oZIr0mOU3lOz0oz0skccnrl5AmjW3sWjQrMcUa','987463210','NTO','Software Engineer','DeActive','1','bee2db33-55ab-4a0a-aa8b-9c5355741293',NULL,'chennai','shanthi colony, anna nagar','1',NULL),(10114,'E123442','Nisha',NULL,'Prem','nisha.p','nisha.r@focusite.com','$2a$10$du7bdXxF3rUYT.KoQTH9g.YmOJJGCw.6bUs3qwfeJD.i65IIrW1dy','9790775796','NTO','QMS Associate','Active','1','37677701-13a7-4a49-9993-ff1383f349cd',NULL,'Chennai','Chennai','3',NULL),(10115,'1092053','Deepika',NULL,'chandru','deepka.c','deepika.c@focusite.com','$2a$10$p12MFTbigPDQf006dwrc9O/gqCuK/mGDJehPOryQWDIHDUS.to2Ym','982978483','NTO','Software Engineer','Active','1','a3cdd760-d61e-4bcb-a6cb-ac09bda059d3',NULL,'chennai','shanthi colony, anna nagar','1',NULL);
/*!40000 ALTER TABLE `etms_employee_user` ENABLE KEYS */;
UNLOCK TABLES;

--
-- Table structure for table `etms_employee_user_role`
--

DROP TABLE IF EXISTS `etms_employee_user_role`;
/*!40101 SET @saved_cs_client     = @@character_set_client */;
/*!40101 SET character_set_client = utf8 */;
CREATE TABLE `etms_employee_user_role` (
  `employee_Id` varchar(30) NOT NULL,
  `role_Id` int(15) DEFAULT NULL,
  KEY `employee_Id_idx` (`employee_Id`),
  KEY `r_idx` (`role_Id`),
  CONSTRAINT `r` FOREIGN KEY (`role_Id`) REFERENCES `etms_employee_role` (`role_Id`) ON DELETE NO ACTION ON UPDATE NO ACTION
) ENGINE=InnoDB DEFAULT CHARSET=utf8;
/*!40101 SET character_set_client = @saved_cs_client */;

--
-- Dumping data for table `etms_employee_user_role`
--

LOCK TABLES `etms_employee_user_role` WRITE;
/*!40000 ALTER TABLE `etms_employee_user_role` DISABLE KEYS */;
INSERT INTO `etms_employee_user_role` VALUES ('10001',2),('10002',3),('10003',3),('10004',2),('10005',5),('10006',1),('10007',5),('10008',5),('10009',5),('10010',5),('10011',4),('10012',5),('10013',5),('10014',5),('10015',5),('10016',4),('10017',1),('10018',5),('10019',5),('10020',5),('10021',5),('10022',5),('10023',5),('10024',5),('10025',5),('10026',4),('10027',5),('10028',5),('10029',5),('10030',5),('10031',5),('10032',5),('10033',5),('10034',5),('10035',5),('10036',4),('10037',5),('10038',5),('10039',5),('10040',5),('10041',5),('10042',5),('10043',5),('10044',5),('10045',5),('10046',4),('10047',5),('10048',5),('10049',5),('10050',5),('10051',5),('10052',5),('10053',5),('10054',5),('10055',5),('10056',5),('10057',5),('10058',5),('10059',5),('10060',5),('10061',4),('10062',5),('10063',5),('10064',5),('10065',5),('10066',5),('10067',5),('10068',5),('10069',5),('10070',5),('10071',5),('10072',5),('10073',5),('10074',5),('10075',5),('10076',5),('10077',5),('10078',5),('10079',5),('10080',5),('10081',5),('10082',5),('10083',5),('10084',5),('10085',5),('10086',5),('10087',5),('10088',5),('10089',5),('10090',5),('10091',5),('10092',5),('10093',5),('10094',5),('10095',5),('10096',5),('10097',5),('10098',5),('10099',5),('10100',5),('10101',5),('30000',1),('E132',3),('E133',3),('E134',3),('E135',3),('E136',3),('E137',3),('E138',3),('E139',3),('E140',3),('E100',2),('E000122',2),('E23445',2),('EN120',2),('22',2),('34',2),('33',3),('10111',5),('109205',5),('EM30001',1),('EMP12000',1),('102665',5),('102210',5),('421022',5),('102120',5),('E10060',5),('rezi@hitbts.com',1),('EMP789456',2),('12354',2),('EMP2345',1),('123Emp',2),('emp789',2),('Emap54564',2),('sfdfd789',3),('111',2),('234234',2),('dlf78945',2),('105646',5),('101010',5),('101011',5),('101013',1),('105420',1),('10154',5),('1092059',5),('2533365',5),('109204',1),('F21855',5),('FI2342',1),('desfsd',3),('dsfsf',2),('jack',1),('fdsf',3),('dsfas',2),('109203',5),('E123442',4),('1092053',5);
/*!40000 ALTER TABLE `etms_employee_user_role` ENABLE KEYS */;
UNLOCK TABLES;

--
-- Table structure for table `etms_holiday_calendar`
--

DROP TABLE IF EXISTS `etms_holiday_calendar`;
/*!40101 SET @saved_cs_client     = @@character_set_client */;
/*!40101 SET character_set_client = utf8 */;
CREATE TABLE `etms_holiday_calendar` (
  `sno` bigint(20) NOT NULL AUTO_INCREMENT,
  `holiday_Date` datetime DEFAULT NULL,
  `holiday_Name` varchar(45) DEFAULT NULL,
  PRIMARY KEY (`sno`)
) ENGINE=InnoDB AUTO_INCREMENT=4 DEFAULT CHARSET=utf8;
/*!40101 SET character_set_client = @saved_cs_client */;

--
-- Dumping data for table `etms_holiday_calendar`
--

LOCK TABLES `etms_holiday_calendar` WRITE;
/*!40000 ALTER TABLE `etms_holiday_calendar` DISABLE KEYS */;
INSERT INTO `etms_holiday_calendar` VALUES (3,'2018-01-08 00:00:00','Telungu New Year');
/*!40000 ALTER TABLE `etms_holiday_calendar` ENABLE KEYS */;
UNLOCK TABLES;

--
-- Table structure for table `etms_logs`
--

DROP TABLE IF EXISTS `etms_logs`;
/*!40101 SET @saved_cs_client     = @@character_set_client */;
/*!40101 SET character_set_client = utf8 */;
CREATE TABLE `etms_logs` (
  `thread_Id` varchar(220) NOT NULL,
  `event_Timestamp` datetime NOT NULL,
  `triggerd_Package` varchar(50) NOT NULL,
  `event_Mode` varchar(10) NOT NULL,
  `event_Report` varchar(1000) NOT NULL,
  `log_Id` bigint(20) NOT NULL AUTO_INCREMENT,
  `event_Duration` varchar(45) DEFAULT NULL,
  `event_By` varchar(45) DEFAULT NULL,
  `event_Data` longtext,
  `remote_Address` varchar(45) DEFAULT NULL,
  `remote_Port` varchar(45) DEFAULT NULL,
  `request_Header` varchar(245) DEFAULT NULL,
  `request_Method` varchar(245) DEFAULT NULL,
  `response_Code` varchar(45) DEFAULT NULL,
  `event_Type` varchar(45) DEFAULT NULL,
  `user_name` varchar(100) DEFAULT NULL,
  PRIMARY KEY (`log_Id`)
) ENGINE=InnoDB AUTO_INCREMENT=10000001143 DEFAULT CHARSET=latin1;
/*!40101 SET character_set_client = @saved_cs_client */;

--
-- Dumping data for table `etms_logs`
--

LOCK TABLES `etms_logs` WRITE;
/*!40000 ALTER TABLE `etms_logs` DISABLE KEYS */;
INSERT INTO `etms_logs` VALUES ('http-nio-5566-exec-1','2017-12-01 13:17:07','com.etms.bookingcontroller.EmployeeController:159','INFO','New Booking',10000000084,'0','10064','48736613','192.168.1.80','50524','org.apache.tomcat.util.http.NamesEnumerator@68bff832','POST','200','Booking','arul.p'),('http-nio-5566-exec-4','2017-12-01 13:19:49','com.etms.bookingcontroller.EmployeeController:460','INFO','Update Booking',10000000085,'162425','10064','48736613','192.168.1.80','50535','org.apache.tomcat.util.http.NamesEnumerator@51fb44df','PUT','200','Booking','arul.p'),('http-nio-5566-exec-6','2017-12-01 13:21:10','com.etms.bookingcontroller.EmployeeController:460','INFO','Update Booking',10000000086,'243360','10064','48736613','192.168.1.80','50542','org.apache.tomcat.util.http.NamesEnumerator@6cc63701','PUT','200','Booking','arul.p'),('http-nio-5566-exec-4','2017-12-01 13:22:06','com.etms.bookingcontroller.EmployeeController:460','INFO','Update Booking',10000000087,'299258','10064','48736613','192.168.1.80','50543','org.apache.tomcat.util.http.NamesEnumerator@6929dc5f','PUT','200','Booking','arul.p'),('http-nio-5566-exec-5','2017-12-01 13:25:22','com.etms.bookingcontroller.HodController:162','INFO','HOD Approved Booking',10000000088,'494986','10061','48736613','192.168.1.80','50561','org.apache.tomcat.util.http.NamesEnumerator@33af0b54','PUT','200','','shivashankari.n'),('http-nio-5566-exec-3','2017-12-01 13:25:50','com.etms.bookingcontroller.HrController:195','INFO','HR Scheduled Booking',10000000089,'523708','10003','48736613','192.168.1.80','50561','org.apache.tomcat.util.http.NamesEnumerator@7d4cda9f','PUT','200','','subarna.p'),('http-nio-5566-exec-7','2017-12-01 13:26:28','com.etms.bookingcontroller.OperatorController:126','INFO','Operator Confirmed Booking',10000000090,'561287','200003','48736613','192.168.1.80','50569','org.apache.tomcat.util.http.NamesEnumerator@793b4ec5','PUT','200','','lakshmi.k@cabopnow.com'),('http-nio-5566-exec-4','2017-12-01 13:26:33','com.etms.bookingcontroller.OperatorController:126','INFO','Operator Confirmed Booking',10000000091,'566246','200003','48736613','192.168.1.80','50569','org.apache.tomcat.util.http.NamesEnumerator@444afdbe','PUT','200','','lakshmi.k@cabopnow.com'),('http-nio-5566-exec-7','2017-12-01 13:37:07','com.etms.bookingcontroller.EmployeeController:159','INFO','New Booking',10000000092,'1200582','10064','48736614','192.168.1.80','50596','org.apache.tomcat.util.http.NamesEnumerator@56be5a8e','POST','200','Booking','arul.p'),('http-nio-5566-exec-9','2017-12-01 13:38:37','com.etms.bookingcontroller.EmployeeController:460','INFO','Update Booking',10000000093,'1290230','10064','48736614','192.168.1.80','50608','org.apache.tomcat.util.http.NamesEnumerator@1a855896','PUT','200','Booking','arul.p'),('http-nio-5566-exec-8','2017-12-01 14:05:13','com.etms.bookingcontroller.EmployeeController:460','INFO','Update Booking',10000000094,'2886595','10066','48736612','192.168.1.83','54078','org.apache.tomcat.util.http.NamesEnumerator@5279eb9b','PUT','200','Booking','menaka.k'),('http-nio-5566-exec-9','2017-12-01 14:18:38','com.etms.bookingcontroller.EmployeeController:159','INFO','New Booking',10000000095,'3691181','10062','48736615','192.168.1.76','50599','org.apache.tomcat.util.http.NamesEnumerator@77117f01','POST','200','Booking','anish.a'),('http-nio-5566-exec-9','2017-12-01 14:20:09','com.etms.bookingcontroller.EmployeeController:159','INFO','New Booking',10000000096,'3782341','10062','48736616','192.168.1.76','50599','org.apache.tomcat.util.http.NamesEnumerator@739d674a','POST','200','Booking','anish.a'),('http-nio-5566-exec-2','2017-12-01 14:26:29','com.etms.bookingcontroller.EmployeeController:159','INFO','New Booking',10000000097,'4162865','10061','48736617','192.168.1.80','55354','org.apache.tomcat.util.http.NamesEnumerator@48424a4','POST','200','Booking','shivashankari.n'),('http-nio-5566-exec-3','2017-12-01 14:30:14','com.etms.bookingcontroller.HrController:195','INFO','HR Scheduled Booking',10000000098,'4387460','10003','48736617','192.168.1.80','55511','org.apache.tomcat.util.http.NamesEnumerator@47aeb8c5','PUT','200','','subarna.p'),('http-nio-5566-exec-10','2017-12-01 14:30:32','com.etms.bookingcontroller.OperatorController:126','INFO','Operator Confirmed Booking',10000000099,'4405317','200003','48736617','192.168.1.80','55511','org.apache.tomcat.util.http.NamesEnumerator@1452e884','PUT','200','','lakshmi.k@cabopnow.com'),('http-nio-5566-exec-6','2017-12-01 14:34:08','com.etms.bookingcontroller.EmployeeController:159','INFO','New Booking',10000000100,'4621091','10061','48736618','192.168.1.80','55543','org.apache.tomcat.util.http.NamesEnumerator@1acd5e7c','POST','200','Booking','shivashankari.n'),('http-nio-5566-exec-9','2017-12-01 14:36:20','com.etms.bookingcontroller.EmployeeController:159','INFO','New Booking',10000000101,'4753712','10061','48736619','192.168.1.80','55548','org.apache.tomcat.util.http.NamesEnumerator@2e431610','POST','200','Booking','shivashankari.n'),('http-nio-5566-exec-6','2017-12-01 14:37:44','com.etms.bookingcontroller.EmployeeController:460','INFO','Update Booking',10000000102,'4837435','10061','48736619','192.168.1.80','55556','org.apache.tomcat.util.http.NamesEnumerator@4557359b','PUT','200','Booking','shivashankari.n'),('http-nio-5566-exec-3','2017-12-01 14:38:45','com.etms.bookingcontroller.EmployeeController:159','INFO','New Booking',10000000103,'4898748','10061','48736620','192.168.1.80','55556','org.apache.tomcat.util.http.NamesEnumerator@66478865','POST','200','Booking','shivashankari.n'),('http-nio-5566-exec-3','2017-12-01 14:41:16','com.etms.bookingcontroller.EmployeeController:159','INFO','New Booking',10000000104,'5049093','10061','48736621','192.168.1.80','55563','org.apache.tomcat.util.http.NamesEnumerator@2eb5928','POST','200','Booking','shivashankari.n'),('http-nio-5566-exec-7','2017-12-01 14:48:26','com.etms.bookingcontroller.EmployeeController:334','INFO','Cancel Booking',10000000105,'5479624','10066','48736610','192.168.1.83','61724','org.apache.tomcat.util.http.NamesEnumerator@50622bf7','PUT','200','Booking','menaka.k'),('http-nio-5566-exec-4','2017-12-01 14:51:32','com.etms.bookingcontroller.HodController:173','INFO','HOD Rejected Booking',10000000106,'5665045','10061','48736615','192.168.1.83','61993','org.apache.tomcat.util.http.NamesEnumerator@7c52e5e','PUT','200','','shivashankari.n'),('http-nio-5566-exec-5','2017-12-01 14:52:15','com.etms.bookingcontroller.HrController:195','INFO','HR Scheduled Booking',10000000107,'5708812','10003','48736618','192.168.1.83','61993','org.apache.tomcat.util.http.NamesEnumerator@6e9807a9','PUT','200','','subarna.p'),('http-nio-5566-exec-4','2017-12-01 14:52:30','com.etms.bookingcontroller.HrController:206','INFO','HR Rejected Booking',10000000108,'5723815','10003','48736619','192.168.1.83','62087','org.apache.tomcat.util.http.NamesEnumerator@74aa0c21','PUT','200','','subarna.p'),('http-nio-5566-exec-1','2017-12-01 14:54:43','com.etms.bookingcontroller.OperatorController:126','INFO','Operator Confirmed Booking',10000000109,'5855969','200002','48736618','192.168.1.83','62219','org.apache.tomcat.util.http.NamesEnumerator@73bcc97e','PUT','200','','helen.c@cabatrip.com'),('http-nio-5566-exec-9','2017-12-01 14:55:04','com.etms.bookingcontroller.HrController:195','INFO','HR Scheduled Booking',10000000110,'5877413','10003','48736620','192.168.1.83','62219','org.apache.tomcat.util.http.NamesEnumerator@3e1a3a4d','PUT','200','','subarna.p'),('http-nio-5566-exec-6','2017-12-01 14:55:20','com.etms.bookingcontroller.OperatorController:193','INFO','Operator Declined Booking',10000000111,'5893496','200002','48736620','192.168.1.83','62219','org.apache.tomcat.util.http.NamesEnumerator@1206958e','PUT','200','','helen.c@cabatrip.com'),('http-nio-5566-exec-5','2017-12-01 15:14:02','com.etms.bookingcontroller.EmployeeController:159','INFO','New Booking',10000000112,'7015552','10061','48736622','192.168.1.80','55944','org.apache.tomcat.util.http.NamesEnumerator@72c71f8f','POST','200','Booking','shivashankari.n'),('http-nio-5566-exec-8','2017-12-01 15:16:16','com.etms.bookingcontroller.EmployeeController:460','INFO','Update Booking',10000000113,'7149512','10061','48736622','192.168.1.80','55948','org.apache.tomcat.util.http.NamesEnumerator@5b04e906','PUT','200','Booking','shivashankari.n'),('http-nio-5566-exec-8','2017-12-01 15:18:09','com.etms.bookingcontroller.EmployeeController:460','INFO','Update Booking',10000000114,'7262688','10061','48736622','192.168.1.80','55951','org.apache.tomcat.util.http.NamesEnumerator@1440862d','PUT','200','Booking','shivashankari.n'),('http-nio-5566-exec-3','2017-12-01 15:18:18','com.etms.bookingcontroller.EmployeeController:460','INFO','Update Booking',10000000115,'7270952','10061','48736622','192.168.1.80','55951','org.apache.tomcat.util.http.NamesEnumerator@3de988f6','PUT','200','Booking','shivashankari.n'),('http-nio-5566-exec-2','2017-12-01 15:39:34','com.etms.bookingcontroller.EmployeeController:460','INFO','Update Booking',10000000116,'8547488','10061','48736622','192.168.1.80','56059','org.apache.tomcat.util.http.NamesEnumerator@73ba633c','PUT','200','Booking','shivashankari.n'),('http-nio-5566-exec-10','2017-12-01 15:48:35','com.etms.bookingcontroller.EmployeeController:159','INFO','New Booking',10000000117,'9088632','10003','48736623','192.168.1.80','56106','org.apache.tomcat.util.http.NamesEnumerator@2f98e81e','POST','200','Booking','subarna.p'),('http-nio-5566-exec-7','2017-12-01 15:48:45','com.etms.bookingcontroller.EmployeeController:460','INFO','Update Booking',10000000118,'9097932','10003','48736623','192.168.1.80','56109','org.apache.tomcat.util.http.NamesEnumerator@1574fca3','PUT','200','Booking','subarna.p'),('http-nio-5566-exec-5','2017-12-01 15:48:54','com.etms.bookingcontroller.EmployeeController:460','INFO','Update Booking',10000000119,'9107807','10003','48736623','192.168.1.80','56109','org.apache.tomcat.util.http.NamesEnumerator@1dfbc45a','PUT','200','Booking','subarna.p'),('http-nio-5566-exec-9','2017-12-01 15:53:10','com.etms.bookingcontroller.EmployeeController:460','INFO','Update Booking',10000000120,'9363855','10003','48736623','192.168.1.80','56127','org.apache.tomcat.util.http.NamesEnumerator@3aa527a4','PUT','200','Booking','subarna.p'),('http-nio-5566-exec-1','2017-12-01 17:10:30','com.etms.bookingcontroller.EmployeeController:159','INFO','New Booking',10000000121,'14003518','10064','48736624','192.168.1.80','56672','org.apache.tomcat.util.http.NamesEnumerator@1b97a91b','POST','200','Booking','arul.p'),('http-nio-5566-exec-2','2017-12-01 17:27:01','com.etms.bookingcontroller.EmployeeController:159','INFO','New Booking',10000000122,'14994166','10003','48736625','192.168.1.80','56779','org.apache.tomcat.util.http.NamesEnumerator@56591bbd','POST','200','Booking','subarna.p'),('http-nio-5566-exec-2','2017-12-01 17:27:20','com.etms.bookingcontroller.HodController:162','INFO','HOD Approved Booking',10000000123,'15013591','10001','48736625','192.168.1.80','56779','org.apache.tomcat.util.http.NamesEnumerator@47865933','PUT','200','','lalitha.m'),('http-nio-5566-exec-3','2017-12-01 17:27:29','com.etms.bookingcontroller.HrController:195','INFO','HR Scheduled Booking',10000000124,'15022471','10003','48736625','192.168.1.80','56779','org.apache.tomcat.util.http.NamesEnumerator@233918ff','PUT','200','','subarna.p'),('http-nio-5566-exec-6','2017-12-01 17:27:44','com.etms.bookingcontroller.OperatorController:126','INFO','Operator Confirmed Booking',10000000125,'15037445','200003','48736625','192.168.1.80','56779','org.apache.tomcat.util.http.NamesEnumerator@23782d14','PUT','200','','lakshmi.k@cabopnow.com'),('http-nio-5566-exec-2','2017-12-01 17:28:45','com.etms.bookingcontroller.EmployeeController:159','INFO','New Booking',10000000126,'15098887','10064','48736626','192.168.1.80','56783','org.apache.tomcat.util.http.NamesEnumerator@4e17104c','POST','200','Booking','arul.p'),('http-nio-5566-exec-3','2017-12-01 17:29:18','com.etms.bookingcontroller.HodController:173','INFO','HOD Rejected Booking',10000000127,'15131225','10061','48736626','192.168.1.80','56783','org.apache.tomcat.util.http.NamesEnumerator@2491d98b','PUT','200','','shivashankari.n'),('http-nio-5566-exec-3','2017-12-01 17:29:36','com.etms.bookingcontroller.EmployeeController:460','INFO','Update Booking',10000000128,'15149338','10064','48736626','192.168.1.80','56805','org.apache.tomcat.util.http.NamesEnumerator@5c4c0092','PUT','200','Booking','arul.p'),('http-nio-5566-exec-1','2017-12-01 17:29:46','com.etms.bookingcontroller.HodController:162','INFO','HOD Approved Booking',10000000129,'15159019','10061','48736626','192.168.1.80','56805','org.apache.tomcat.util.http.NamesEnumerator@2e561c7c','PUT','200','','shivashankari.n'),('http-nio-5566-exec-5','2017-12-01 17:29:54','com.etms.bookingcontroller.HrController:195','INFO','HR Scheduled Booking',10000000130,'15166984','10003','48736626','192.168.1.80','56805','org.apache.tomcat.util.http.NamesEnumerator@3cf8b45','PUT','200','','subarna.p'),('http-nio-5566-exec-9','2017-12-04 11:29:07','com.etms.bookingcontroller.EmployeeController:159','INFO','New Booking',10000000131,'0','10064','48736627','192.168.1.80','52862','org.apache.tomcat.util.http.NamesEnumerator@750c18c0','POST','200','Booking','arul.p'),('http-nio-5566-exec-9','2017-12-04 11:29:28','com.etms.bookingcontroller.HodController:162','INFO','HOD Approved Booking',10000000132,'21204','10061','48736627','192.168.1.80','52861','org.apache.tomcat.util.http.NamesEnumerator@63cbdfb5','PUT','200','','shivashankari.n'),('http-nio-5566-exec-8','2017-12-04 11:29:41','com.etms.bookingcontroller.HrController:195','INFO','HR Scheduled Booking',10000000133,'33728','10003','48736627','192.168.1.80','52861','org.apache.tomcat.util.http.NamesEnumerator@7a5982b0','PUT','200','','subarna.p'),('http-nio-5566-exec-7','2017-12-04 11:30:57','com.etms.bookingcontroller.EmployeeController:159','INFO','New Booking',10000000134,'109699','10003','48736628','192.168.1.80','52862','org.apache.tomcat.util.http.NamesEnumerator@420167','POST','200','Booking','subarna.p'),('http-nio-5566-exec-2','2017-12-04 12:21:41','com.etms.bookingcontroller.EmployeeController:334','INFO','Cancel Booking',10000000135,'3153971','10003','48736628','192.168.1.80','52661','org.apache.tomcat.util.http.NamesEnumerator@728d751','PUT','200','Booking','subarna.p'),('http-nio-5566-exec-9','2017-12-04 12:28:56','com.etms.bookingcontroller.EmployeeController:159','INFO','New Booking',10000000136,'3589408','10064','48736629','192.168.1.80','52736','org.apache.tomcat.util.http.NamesEnumerator@75ac730f','POST','200','Booking','arul.p'),('http-nio-5566-exec-7','2017-12-04 12:29:58','com.etms.bookingcontroller.EmployeeController:159','INFO','New Booking',10000000137,'3650735','10064','48736630','192.168.1.80','52736','org.apache.tomcat.util.http.NamesEnumerator@5639e408','POST','200','Booking','arul.p'),('http-nio-5566-exec-6','2017-12-04 12:35:06','com.etms.bookingcontroller.EmployeeController:159','INFO','New Booking',10000000138,'3959010','10064','48736631','192.168.1.80','52848','org.apache.tomcat.util.http.NamesEnumerator@9561670','POST','200','Booking','arul.p'),('http-nio-5566-exec-9','2017-12-04 12:36:51','com.etms.bookingcontroller.EmployeeController:159','INFO','New Booking',10000000139,'4063942','10064','48736632','192.168.1.80','52848','org.apache.tomcat.util.http.NamesEnumerator@55eb1422','POST','200','Booking','arul.p'),('http-nio-5566-exec-3','2017-12-04 12:38:22','com.etms.bookingcontroller.EmployeeController:460','INFO','Update Booking',10000000140,'4155686','10064','48736631','192.168.1.80','52881','org.apache.tomcat.util.http.NamesEnumerator@3928ebe7','PUT','200','Booking','arul.p'),('http-nio-5566-exec-2','2017-12-04 12:38:34','com.etms.bookingcontroller.EmployeeController:460','INFO','Update Booking',10000000141,'4166926','10064','48736629','192.168.1.80','52881','org.apache.tomcat.util.http.NamesEnumerator@5e19180d','PUT','200','Booking','arul.p'),('http-nio-5566-exec-9','2017-12-04 12:38:39','com.etms.bookingcontroller.EmployeeController:460','INFO','Update Booking',10000000142,'4172353','10064','48736632','192.168.1.80','52878','org.apache.tomcat.util.http.NamesEnumerator@64a6b911','PUT','200','Booking','arul.p'),('http-nio-5566-exec-5','2017-12-04 12:42:01','com.etms.bookingcontroller.HodController:162','INFO','HOD Approved Booking',10000000143,'4374652','10061','48736630','192.168.1.80','52879','org.apache.tomcat.util.http.NamesEnumerator@74b2f6a4','PUT','200','','shivashankari.n'),('http-nio-5566-exec-9','2017-12-04 12:43:57','com.etms.bookingcontroller.EmployeeController:159','INFO','New Booking',10000000144,'4489803','10003','48736633','192.168.1.80','52905','org.apache.tomcat.util.http.NamesEnumerator@209dd3f8','POST','200','Booking','subarna.p'),('http-nio-5566-exec-2','2017-12-04 12:45:15','com.etms.bookingcontroller.EmployeeController:159','INFO','New Booking',10000000145,'4568366','10003','48736634','192.168.1.80','52879','org.apache.tomcat.util.http.NamesEnumerator@45a1f3a9','POST','200','Booking','subarna.p'),('http-nio-5566-exec-10','2017-12-04 12:45:47','com.etms.bookingcontroller.EmployeeController:460','INFO','Update Booking',10000000146,'4600688','10003','48736634','192.168.1.80','52878','org.apache.tomcat.util.http.NamesEnumerator@45b0387b','PUT','200','Booking','subarna.p'),('http-nio-5566-exec-7','2017-12-04 12:45:58','com.etms.bookingcontroller.EmployeeController:460','INFO','Update Booking',10000000147,'4611359','10003','48736633','192.168.1.80','52878','org.apache.tomcat.util.http.NamesEnumerator@6572d060','PUT','200','Booking','subarna.p'),('http-nio-5566-exec-1','2017-12-04 12:46:06','com.etms.bookingcontroller.EmployeeController:460','INFO','Update Booking',10000000148,'4619189','10003','48736634','192.168.1.80','52878','org.apache.tomcat.util.http.NamesEnumerator@3be27186','PUT','200','Booking','subarna.p'),('http-nio-5566-exec-5','2017-12-04 12:55:31','com.etms.bookingcontroller.EmployeeController:159','INFO','New Booking',10000000149,'0','10064','48736635','192.168.1.80','53003','org.apache.tomcat.util.http.NamesEnumerator@116024d7','POST','200','Booking','arul.p'),('http-nio-5566-exec-9','2017-12-04 12:57:45','com.etms.bookingcontroller.EmployeeController:159','INFO','New Booking',10000000150,'133706','10061','48736636','192.168.1.94','57086','org.apache.tomcat.util.http.NamesEnumerator@60958558','POST','200','Booking','shivashankari.n'),('http-nio-5566-exec-1','2017-12-04 13:03:42','com.etms.bookingcontroller.EmployeeController:159','INFO','New Booking',10000000151,'490388','10061','48736637','192.168.1.94','57409','org.apache.tomcat.util.http.NamesEnumerator@748887e3','POST','200','Booking','shivashankari.n'),('http-nio-5566-exec-2','2017-12-04 13:05:18','com.etms.bookingcontroller.EmployeeController:159','INFO','New Booking',10000000152,'586450','10061','48736638','192.168.1.94','57408','org.apache.tomcat.util.http.NamesEnumerator@66e3d08a','POST','200','Booking','shivashankari.n'),('http-nio-5566-exec-3','2017-12-04 13:20:43','com.etms.bookingcontroller.EmployeeController:159','INFO','New Booking',10000000153,'1511522','10061','48736639','192.168.1.94','58697','org.apache.tomcat.util.http.NamesEnumerator@127f9c65','POST','200','Booking','shivashankari.n'),('http-nio-5566-exec-2','2017-12-04 13:22:59','com.etms.bookingcontroller.HrController:195','INFO','HR Scheduled Booking',10000000154,'1647938','10003','48736630','192.168.1.94','58850','org.apache.tomcat.util.http.NamesEnumerator@460be482','PUT','200','','subarna.p'),('http-nio-5566-exec-5','2017-12-04 13:23:14','com.etms.bookingcontroller.HrController:206','INFO','HR Rejected Booking',10000000155,'1662964','10003','48736637','192.168.1.94','58850','org.apache.tomcat.util.http.NamesEnumerator@1cd5d6b9','PUT','200','','subarna.p'),('http-nio-5566-exec-1','2017-12-04 13:23:30','com.etms.bookingcontroller.HrController:195','INFO','HR Scheduled Booking',10000000156,'1679101','10003','48736638','192.168.1.94','58850','org.apache.tomcat.util.http.NamesEnumerator@4d7f8867','PUT','200','','subarna.p'),('http-nio-5566-exec-4','2017-12-04 13:26:01','com.etms.bookingcontroller.HrController:195','INFO','HR Scheduled Booking',10000000157,'1829437','10003','48736636','192.168.1.94','58859','org.apache.tomcat.util.http.NamesEnumerator@68e93867','PUT','200','','subarna.p'),('http-nio-5566-exec-10','2017-12-04 13:26:06','com.etms.bookingcontroller.HrController:195','INFO','HR Scheduled Booking',10000000158,'1834934','10003','48736639','192.168.1.94','58859','org.apache.tomcat.util.http.NamesEnumerator@512f2451','PUT','200','','subarna.p'),('http-nio-5566-exec-8','2017-12-04 13:47:31','com.etms.bookingcontroller.EmployeeController:159','INFO','New Booking',10000000159,'0','10017','48736640','192.168.1.80','53374','org.apache.tomcat.util.http.NamesEnumerator@72b3c12c','POST','200','Booking','karthikeyan.e'),('http-nio-5566-exec-5','2017-12-04 16:10:30','com.etms.bookingcontroller.EmployeeController:159','INFO','New Booking',10000000160,'0','10064','48736641','192.168.1.74','63857','org.apache.tomcat.util.http.NamesEnumerator@1765d976','POST','200','Booking','arul.p'),('http-nio-5566-exec-5','2017-12-04 18:03:05','com.etms.bookingcontroller.HrController:195','INFO','HR Scheduled Booking',10000000161,'0','10003','48736630','192.168.1.80','59617','org.apache.tomcat.util.http.NamesEnumerator@6bda23d6','PUT','200','','subarna.p'),('http-nio-5566-exec-9','2017-12-04 18:04:00','com.etms.bookingcontroller.HrController:195','INFO','HR Scheduled Booking',10000000162,'55242','10003','48736638','192.168.1.80','59623','org.apache.tomcat.util.http.NamesEnumerator@78d253ea','PUT','200','','subarna.p'),('http-nio-5566-exec-6','2017-12-04 18:04:03','com.etms.bookingcontroller.HrController:195','INFO','HR Scheduled Booking',10000000163,'58238','10003','48736638','192.168.1.80','59623','org.apache.tomcat.util.http.NamesEnumerator@cb6072a','PUT','200','','subarna.p'),('http-nio-5566-exec-8','2017-12-04 18:04:23','com.etms.bookingcontroller.HrController:195','INFO','HR Scheduled Booking',10000000164,'77875','10003','48736636','192.168.1.80','59623','org.apache.tomcat.util.http.NamesEnumerator@657e34b0','PUT','200','','subarna.p'),('http-nio-5566-exec-3','2017-12-04 18:08:43','com.etms.bookingcontroller.EmployeeController:460','INFO','Update Booking',10000000165,'338292','10003','48736633','192.168.1.80','59644','org.apache.tomcat.util.http.NamesEnumerator@5ca4f917','PUT','200','Booking','subarna.p'),('http-nio-5566-exec-7','2017-12-04 18:08:51','com.etms.bookingcontroller.EmployeeController:460','INFO','Update Booking',10000000166,'346424','10003','48736634','192.168.1.80','59644','org.apache.tomcat.util.http.NamesEnumerator@ce7a4a2','PUT','200','Booking','subarna.p'),('http-nio-5566-exec-10','2017-12-04 18:13:34','com.etms.bookingcontroller.EmployeeController:159','INFO','New Booking',10000000167,'0','10064','48736642','192.168.1.80','59666','org.apache.tomcat.util.http.NamesEnumerator@1e3334cb','POST','200','Booking','arul.p'),('http-nio-5566-exec-7','2017-12-04 18:14:23','com.etms.bookingcontroller.HodController:173','INFO','HOD Rejected Booking',10000000168,'49118','10061','48736642','192.168.1.80','59666','org.apache.tomcat.util.http.NamesEnumerator@331c217f','PUT','200','','shivashankari.n'),('http-nio-5566-exec-7','2017-12-04 20:20:59','com.etms.bookingcontroller.OperatorController:367','INFO','Vehicle Profile Updated',10000000169,'1','200002','40002','192.168.1.94','53664','org.apache.tomcat.util.http.NamesEnumerator@b754a1d','PUT','200','','helen.c@cabatrip.com'),('http-nio-5566-exec-2','2017-12-04 20:21:04','com.etms.bookingcontroller.OperatorController:367','INFO','Vehicle Profile Updated',10000000170,'4952','200002','40022','192.168.1.94','53664','org.apache.tomcat.util.http.NamesEnumerator@255adbe6','PUT','200','','helen.c@cabatrip.com'),('http-nio-5566-exec-10','2017-12-04 20:23:05','com.etms.bookingcontroller.OperatorController:327','INFO','New Vehicle Added',10000000171,'126473','200002','40088','192.168.1.94','53877','org.apache.tomcat.util.http.NamesEnumerator@33e1d94b','POST','200','','helen.c@cabatrip.com'),('http-nio-5566-exec-4','2017-12-04 20:33:09','com.etms.bookingcontroller.OperatorController:237','INFO','New Driver Added',10000000172,'729929','200002','3104','192.168.1.94','54814','org.apache.tomcat.util.http.NamesEnumerator@10d6ded2','POST','200','','helen.c@cabatrip.com'),('http-nio-5566-exec-10','2017-12-04 20:58:52','com.etms.bookingcontroller.EmployeeController:159','INFO','New Booking',10000000173,'2273312','10066','48736643','192.168.1.94','57366','org.apache.tomcat.util.http.NamesEnumerator@3260cf56','POST','200','Booking','menaka.k'),('http-nio-5566-exec-10','2017-12-05 11:31:37','com.etms.bookingcontroller.EmployeeController:159','INFO','New Booking',10000000174,'0','10064','48736644','192.168.1.80','56393','org.apache.tomcat.util.http.NamesEnumerator@6917ec18','POST','200','Booking','arul.p'),('http-nio-5566-exec-1','2017-12-05 11:35:43','com.etms.bookingcontroller.EmployeeController:460','INFO','Update Booking',10000000175,'246650','10064','48736644','192.168.1.80','56481','org.apache.tomcat.util.http.NamesEnumerator@59d055c','PUT','200','Booking','arul.p'),('http-nio-5566-exec-5','2017-12-05 11:35:54','com.etms.bookingcontroller.EmployeeController:460','INFO','Update Booking',10000000176,'257114','10064','48736644','192.168.1.80','56483','org.apache.tomcat.util.http.NamesEnumerator@6885b4ad','PUT','200','Booking','arul.p'),('http-nio-5566-exec-2','2017-12-05 11:36:10','com.etms.bookingcontroller.EmployeeController:460','INFO','Update Booking',10000000177,'273911','10064','48736644','192.168.1.80','56481','org.apache.tomcat.util.http.NamesEnumerator@29c8b36c','PUT','200','Booking','arul.p'),('http-nio-5566-exec-8','2017-12-05 11:36:12','com.etms.bookingcontroller.EmployeeController:460','INFO','Update Booking',10000000178,'275791','10064','48736644','192.168.1.80','56484','org.apache.tomcat.util.http.NamesEnumerator@3132ed84','PUT','200','Booking','arul.p'),('http-nio-5566-exec-4','2017-12-05 11:36:15','com.etms.bookingcontroller.EmployeeController:460','INFO','Update Booking',10000000179,'278472','10064','48736644','192.168.1.80','56485','org.apache.tomcat.util.http.NamesEnumerator@293c294f','PUT','200','Booking','arul.p'),('http-nio-5566-exec-7','2017-12-05 11:36:15','com.etms.bookingcontroller.EmployeeController:460','INFO','Update Booking',10000000180,'278504','10064','48736644','192.168.1.80','56485','org.apache.tomcat.util.http.NamesEnumerator@3fd40e6d','PUT','200','Booking','arul.p'),('http-nio-5566-exec-9','2017-12-05 11:36:15','com.etms.bookingcontroller.EmployeeController:460','INFO','Update Booking',10000000181,'278722','10064','48736644','192.168.1.80','56485','org.apache.tomcat.util.http.NamesEnumerator@58addf8c','PUT','200','Booking','arul.p'),('http-nio-5566-exec-5','2017-12-05 11:36:15','com.etms.bookingcontroller.EmployeeController:460','INFO','Update Booking',10000000182,'278754','10064','48736644','192.168.1.80','56485','org.apache.tomcat.util.http.NamesEnumerator@4392b5de','PUT','200','Booking','arul.p'),('http-nio-5566-exec-10','2017-12-05 11:36:15','com.etms.bookingcontroller.EmployeeController:460','INFO','Update Booking',10000000183,'278769','10064','48736644','192.168.1.80','56485','org.apache.tomcat.util.http.NamesEnumerator@5b0a485','PUT','200','Booking','arul.p'),('http-nio-5566-exec-3','2017-12-05 11:36:15','com.etms.bookingcontroller.EmployeeController:460','INFO','Update Booking',10000000184,'278800','10064','48736644','192.168.1.80','56485','org.apache.tomcat.util.http.NamesEnumerator@1c321764','PUT','200','Booking','arul.p'),('http-nio-5566-exec-1','2017-12-05 11:36:15','com.etms.bookingcontroller.EmployeeController:460','INFO','Update Booking',10000000185,'278816','10064','48736644','192.168.1.80','56485','org.apache.tomcat.util.http.NamesEnumerator@29cc3100','PUT','200','Booking','arul.p'),('http-nio-5566-exec-2','2017-12-05 11:36:16','com.etms.bookingcontroller.EmployeeController:460','INFO','Update Booking',10000000186,'279288','10064','48736644','192.168.1.80','56487','org.apache.tomcat.util.http.NamesEnumerator@742c97f5','PUT','200','Booking','arul.p'),('http-nio-5566-exec-4','2017-12-05 11:36:16','com.etms.bookingcontroller.EmployeeController:460','INFO','Update Booking',10000000187,'279351','10064','48736644','192.168.1.80','56485','org.apache.tomcat.util.http.NamesEnumerator@61d2d5f0','PUT','200','Booking','arul.p'),('http-nio-5566-exec-3','2017-12-05 11:36:21','com.etms.bookingcontroller.EmployeeController:460','INFO','Update Booking',10000000188,'284276','10064','48736644','192.168.1.80','56484','org.apache.tomcat.util.http.NamesEnumerator@5b28fc7','PUT','200','Booking','arul.p'),('http-nio-5566-exec-8','2017-12-05 11:39:44','com.etms.bookingcontroller.EmployeeController:159','INFO','New Booking',10000000189,'487262','10064','48736645','192.168.1.80','56499','org.apache.tomcat.util.http.NamesEnumerator@184ce093','POST','200','Booking','arul.p'),('http-nio-5566-exec-7','2017-12-05 11:39:45','com.etms.bookingcontroller.EmployeeController:159','INFO','New Booking',10000000190,'488292','10064','48736646','192.168.1.80','56499','org.apache.tomcat.util.http.NamesEnumerator@5eb6732','POST','200','Booking','arul.p'),('http-nio-5566-exec-1','2017-12-05 11:41:03','com.etms.bookingcontroller.EmployeeController:159','INFO','New Booking',10000000191,'566689','10064','48736647','192.168.1.80','56509','org.apache.tomcat.util.http.NamesEnumerator@263217a6','POST','200','Booking','arul.p'),('http-nio-5566-exec-9','2017-12-05 11:43:18','com.etms.bookingcontroller.EmployeeController:159','INFO','New Booking',10000000192,'701107','10064','48736648','192.168.1.80','56511','org.apache.tomcat.util.http.NamesEnumerator@5e472e31','POST','200','Booking','arul.p'),('http-nio-5566-exec-1','2017-12-05 11:43:18','com.etms.bookingcontroller.EmployeeController:159','INFO','New Booking',10000000193,'701920','10064','48736649','192.168.1.80','56542','org.apache.tomcat.util.http.NamesEnumerator@6d1d56e7','POST','200','Booking','arul.p'),('http-nio-5566-exec-10','2017-12-05 11:43:18','com.etms.bookingcontroller.EmployeeController:159','INFO','New Booking',10000000194,'701935','10064','48736650','192.168.1.80','56542','org.apache.tomcat.util.http.NamesEnumerator@7c47d9e9','POST','200','Booking','arul.p'),('http-nio-5566-exec-2','2017-12-05 11:43:19','com.etms.bookingcontroller.EmployeeController:159','INFO','New Booking',10000000195,'702060','10064','48736651','192.168.1.80','56543','org.apache.tomcat.util.http.NamesEnumerator@1ba8227e','POST','200','Booking','arul.p'),('http-nio-5566-exec-7','2017-12-05 16:51:21','com.etms.bookingcontroller.EmployeeController:159','INFO','New Booking',10000000196,'0','10066','48736652','192.168.1.74','61849','org.apache.tomcat.util.http.NamesEnumerator@1dc9d431','POST','200','Booking','menaka.k'),('http-nio-5566-exec-9','2017-12-05 16:54:05','com.etms.bookingcontroller.EmployeeController:460','INFO','Update Booking',10000000197,'163862','10066','48736652','192.168.1.74','61887','org.apache.tomcat.util.http.NamesEnumerator@728cb95','PUT','200','Booking','menaka.k'),('http-nio-5566-exec-1','2017-12-05 16:56:34','com.etms.bookingcontroller.EmployeeController:159','INFO','New Booking',10000000198,'312745','10064','48736653','192.168.1.80','64521','org.apache.tomcat.util.http.NamesEnumerator@443a75c1','POST','200','Booking','arul.p'),('http-nio-5566-exec-1','2017-12-05 17:03:46','com.etms.bookingcontroller.EmployeeController:334','INFO','Cancel Booking',10000000199,'744916','10066','48736652','192.168.1.74','62025','org.apache.tomcat.util.http.NamesEnumerator@1b921d17','PUT','200','Booking','menaka.k'),('http-nio-5566-exec-1','2017-12-05 17:04:43','com.etms.bookingcontroller.EmployeeController:159','INFO','New Booking',10000000200,'802091','10066','48736654','192.168.1.74','61980','org.apache.tomcat.util.http.NamesEnumerator@674a600d','POST','200','Booking','menaka.k'),('http-nio-5566-exec-8','2017-12-05 17:05:16','com.etms.bookingcontroller.EmployeeController:460','INFO','Update Booking',10000000201,'834677','10066','48736654','192.168.1.74','61980','org.apache.tomcat.util.http.NamesEnumerator@49968f0c','PUT','200','Booking','menaka.k'),('http-nio-5566-exec-6','2017-12-05 17:07:59','com.etms.bookingcontroller.EmployeeController:159','INFO','New Booking',10000000202,'998450','10066','48736655','192.168.1.74','62041','org.apache.tomcat.util.http.NamesEnumerator@7191bb79','POST','200','Booking','menaka.k'),('http-nio-5566-exec-9','2017-12-05 17:09:56','com.etms.bookingcontroller.EmployeeController:159','INFO','New Booking',10000000203,'1115238','10066','48736656','192.168.1.74','62081','org.apache.tomcat.util.http.NamesEnumerator@7303285','POST','200','Booking','menaka.k'),('http-nio-5566-exec-4','2017-12-05 17:12:22','com.etms.bookingcontroller.EmployeeController:159','INFO','New Booking',10000000204,'1261388','10066','48736657','192.168.1.74','62100','org.apache.tomcat.util.http.NamesEnumerator@3ab3db4e','POST','200','Booking','menaka.k'),('http-nio-5566-exec-9','2017-12-05 17:13:12','com.etms.bookingcontroller.EmployeeController:159','INFO','New Booking',10000000205,'1311127','10064','48736658','192.168.1.80','64648','org.apache.tomcat.util.http.NamesEnumerator@13f97b93','POST','200','Booking','arul.p'),('http-nio-5566-exec-7','2017-12-05 17:15:36','com.etms.bookingcontroller.HodController:173','INFO','HOD Rejected Booking',10000000206,'1455362','10061','48736658','192.168.1.80','64656','org.apache.tomcat.util.http.NamesEnumerator@42626a24','PUT','200','','shivashankari.n'),('http-nio-5566-exec-9','2017-12-05 17:19:01','com.etms.bookingcontroller.EmployeeController:334','INFO','Cancel Booking',10000000207,'1660297','10066','48736654','192.168.1.74','62212','org.apache.tomcat.util.http.NamesEnumerator@7dc4b295','PUT','200','Booking','menaka.k'),('http-nio-5566-exec-6','2017-12-05 17:19:04','com.etms.bookingcontroller.EmployeeController:334','INFO','Cancel Booking',10000000208,'1663298','10066','48736655','192.168.1.74','62212','org.apache.tomcat.util.http.NamesEnumerator@15a5c37e','PUT','200','Booking','menaka.k'),('http-nio-5566-exec-3','2017-12-05 17:19:09','com.etms.bookingcontroller.EmployeeController:334','INFO','Cancel Booking',10000000209,'1667891','10066','48736656','192.168.1.74','62212','org.apache.tomcat.util.http.NamesEnumerator@1f35e1bc','PUT','200','Booking','menaka.k'),('http-nio-5566-exec-4','2017-12-05 17:19:11','com.etms.bookingcontroller.EmployeeController:334','INFO','Cancel Booking',10000000210,'1670171','10066','48736657','192.168.1.74','62212','org.apache.tomcat.util.http.NamesEnumerator@2563786c','PUT','200','Booking','menaka.k'),('http-nio-5566-exec-1','2017-12-05 17:31:17','com.etms.bookingcontroller.EmployeeController:159','INFO','New Booking',10000000211,'2396508','10066','48736659','192.168.1.74','62311','org.apache.tomcat.util.http.NamesEnumerator@142e03d4','POST','200','Booking','menaka.k'),('http-nio-5566-exec-9','2017-12-05 17:44:36','com.etms.bookingcontroller.EmployeeController:460','INFO','Update Booking',10000000212,'3194639','10064','48736658','192.168.1.80','64728','org.apache.tomcat.util.http.NamesEnumerator@34d04ca','PUT','200','Booking','arul.p'),('http-nio-5566-exec-9','2017-12-05 17:44:49','com.etms.bookingcontroller.HodController:162','INFO','HOD Approved Booking',10000000213,'3207939','10061','48736653','192.168.1.80','64724','org.apache.tomcat.util.http.NamesEnumerator@21e1dc60','PUT','200','','shivashankari.n'),('http-nio-5566-exec-8','2017-12-05 17:45:10','com.etms.bookingcontroller.HrController:195','INFO','HR Scheduled Booking',10000000214,'0','10003','48736653','192.168.1.80','64744','org.apache.tomcat.util.http.NamesEnumerator@51b8ba4d','PUT','200','','subarna.p'),('http-nio-5566-exec-7','2017-12-05 17:45:28','com.etms.bookingcontroller.OperatorController:126','INFO','Operator Confirmed Booking',10000000215,'18279','200003','48736653','192.168.1.80','64744','org.apache.tomcat.util.http.NamesEnumerator@60d85eb','PUT','200','','lakshmi.k@cabopnow.com'),('http-nio-5566-exec-10','2017-12-05 17:46:25','com.etms.bookingcontroller.EmployeeController:159','INFO','New Booking',10000000216,'0','10064','48736660','192.168.1.80','64760','org.apache.tomcat.util.http.NamesEnumerator@18a45751','POST','200','Booking','arul.p'),('http-nio-5566-exec-3','2017-12-05 17:47:14','com.etms.bookingcontroller.EmployeeController:460','INFO','Update Booking',10000000217,'0','10064','48736647','192.168.1.80','64778','org.apache.tomcat.util.http.NamesEnumerator@530520f0','PUT','200','Booking','arul.p'),('http-nio-5566-exec-1','2017-12-05 17:47:41','com.etms.bookingcontroller.EmployeeController:159','INFO','New Booking',10000000218,'27060','10064','48736661','192.168.1.80','64781','org.apache.tomcat.util.http.NamesEnumerator@502a05a7','POST','200','Booking','arul.p'),('http-nio-5566-exec-9','2017-12-05 17:47:59','com.etms.bookingcontroller.EmployeeController:460','INFO','Update Booking',10000000219,'44720','10064','48736647','192.168.1.80','64781','org.apache.tomcat.util.http.NamesEnumerator@3d50c28f','PUT','200','Booking','arul.p'),('http-nio-5566-exec-4','2017-12-05 17:49:47','com.etms.bookingcontroller.HodController:162','INFO','HOD Approved Booking',10000000220,'153474','10061','48736658','192.168.1.80','64792','org.apache.tomcat.util.http.NamesEnumerator@489eeb60','PUT','200','','shivashankari.n'),('http-nio-5566-exec-5','2017-12-05 17:50:35','com.etms.bookingcontroller.HodController:173','INFO','HOD Rejected Booking',10000000221,'201051','10061','48736660','192.168.1.80','64792','org.apache.tomcat.util.http.NamesEnumerator@3b283b00','PUT','200','','shivashankari.n'),('http-nio-5566-exec-3','2017-12-05 17:58:39','com.etms.bookingcontroller.OperatorController:237','INFO','New Driver Added',10000000222,'685232','200003','3105','192.168.1.80','64825','org.apache.tomcat.util.http.NamesEnumerator@474132f','POST','200','','lakshmi.k@cabopnow.com'),('http-nio-5566-exec-5','2017-12-05 18:02:57','com.etms.bookingcontroller.EmployeeController:159','INFO','New Booking',10000000223,'943206','10066','48736662','192.168.1.74','62628','org.apache.tomcat.util.http.NamesEnumerator@2d8b0001','POST','200','Booking','menaka.k'),('http-nio-5566-exec-5','2017-12-05 18:03:50','com.etms.bookingcontroller.EmployeeController:159','INFO','New Booking',10000000224,'995863','10066','48736663','192.168.1.74','62628','org.apache.tomcat.util.http.NamesEnumerator@25c2e57c','POST','200','Booking','menaka.k'),('http-nio-5566-exec-2','2017-12-05 18:04:20','com.etms.bookingcontroller.EmployeeController:334','INFO','Cancel Booking',10000000225,'1026257','10066','48736663','192.168.1.74','62629','org.apache.tomcat.util.http.NamesEnumerator@1867e196','PUT','200','Booking','menaka.k'),('http-nio-5566-exec-1','2017-12-05 18:05:02','com.etms.bookingcontroller.HodController:162','INFO','HOD Approved Booking',10000000226,'1068284','10061','48736648','192.168.1.74','62628','org.apache.tomcat.util.http.NamesEnumerator@7891d690','PUT','200','','shivashankari.n'),('http-nio-5566-exec-3','2017-12-05 18:05:08','com.etms.bookingcontroller.HodController:162','INFO','HOD Approved Booking',10000000227,'1074247','10061','48736662','192.168.1.74','62628','org.apache.tomcat.util.http.NamesEnumerator@2804f7c2','PUT','200','','shivashankari.n'),('http-nio-5566-exec-10','2017-12-05 18:05:39','com.etms.bookingcontroller.HrController:195','INFO','HR Scheduled Booking',10000000228,'1104983','10003','48736658','192.168.1.74','62647','org.apache.tomcat.util.http.NamesEnumerator@5b171f78','PUT','200','','subarna.p'),('http-nio-5566-exec-2','2017-12-05 18:05:43','com.etms.bookingcontroller.HrController:195','INFO','HR Scheduled Booking',10000000229,'1109571','10003','48736662','192.168.1.74','62647','org.apache.tomcat.util.http.NamesEnumerator@528d6f26','PUT','200','','subarna.p'),('http-nio-5566-exec-3','2017-12-05 18:05:49','com.etms.bookingcontroller.HrController:195','INFO','HR Scheduled Booking',10000000230,'1115390','10003','48736648','192.168.1.74','62647','org.apache.tomcat.util.http.NamesEnumerator@6324b084','PUT','200','','subarna.p'),('http-nio-5566-exec-6','2017-12-05 18:08:10','com.etms.bookingcontroller.OperatorController:126','INFO','Operator Confirmed Booking',10000000231,'1256319','200002','48736662','192.168.1.74','62629','org.apache.tomcat.util.http.NamesEnumerator@163bf26d','PUT','200','','helen.c@cabatrip.com'),('http-nio-5566-exec-6','2017-12-05 18:13:26','com.etms.bookingcontroller.EmployeeController:159','INFO','New Booking',10000000232,'1571965','10066','48736664','192.168.1.74','62685','org.apache.tomcat.util.http.NamesEnumerator@20dc705f','POST','200','Booking','menaka.k'),('http-nio-5566-exec-10','2017-12-05 18:13:43','com.etms.bookingcontroller.EmployeeController:159','INFO','New Booking',10000000233,'1589057','10066','48736665','192.168.1.74','62672','org.apache.tomcat.util.http.NamesEnumerator@2cb891a5','POST','200','Booking','menaka.k'),('http-nio-5566-exec-8','2017-12-05 18:14:22','com.etms.bookingcontroller.EmployeeController:159','INFO','New Booking',10000000234,'1628119','10066','48736666','192.168.1.74','62685','org.apache.tomcat.util.http.NamesEnumerator@43564220','POST','200','Booking','menaka.k'),('http-nio-5566-exec-3','2017-12-05 18:14:41','com.etms.bookingcontroller.EmployeeController:159','INFO','New Booking',10000000235,'1647467','10066','48736667','192.168.1.74','62685','org.apache.tomcat.util.http.NamesEnumerator@7a4f7a93','POST','200','Booking','menaka.k'),('http-nio-5566-exec-4','2017-12-05 18:15:07','com.etms.bookingcontroller.HodController:162','INFO','HOD Approved Booking',10000000236,'1673432','10061','48736664','192.168.1.74','62672','org.apache.tomcat.util.http.NamesEnumerator@268e4ee','PUT','200','','shivashankari.n'),('http-nio-5566-exec-5','2017-12-05 18:15:18','com.etms.bookingcontroller.HrController:195','INFO','HR Scheduled Booking',10000000237,'1683947','10003','48736664','192.168.1.74','62672','org.apache.tomcat.util.http.NamesEnumerator@845fb27','PUT','200','','subarna.p'),('http-nio-5566-exec-3','2017-12-05 18:15:29','com.etms.bookingcontroller.OperatorController:126','INFO','Operator Confirmed Booking',10000000238,'1695111','200002','48736664','192.168.1.74','62672','org.apache.tomcat.util.http.NamesEnumerator@2c8d0acd','PUT','200','','helen.c@cabatrip.com'),('http-nio-5566-exec-9','2017-12-05 18:16:49','com.etms.bookingcontroller.HodController:173','INFO','HOD Rejected Booking',10000000239,'1775006','10061','48736667','192.168.1.74','62685','org.apache.tomcat.util.http.NamesEnumerator@3d0ca8d6','PUT','200','','shivashankari.n'),('http-nio-5566-exec-8','2017-12-05 18:31:35','com.etms.bookingcontroller.EmployeeController:159','INFO','New Booking',10000000240,'2660830','10066','48736668','192.168.1.74','62805','org.apache.tomcat.util.http.NamesEnumerator@50fe4b0c','POST','200','Booking','menaka.k'),('http-nio-5566-exec-9','2017-12-05 18:32:34','com.etms.bookingcontroller.EmployeeController:159','INFO','New Booking',10000000241,'2719732','10066','48736669','192.168.1.74','62766','org.apache.tomcat.util.http.NamesEnumerator@36e86ad9','POST','200','Booking','menaka.k'),('http-nio-5566-exec-2','2017-12-05 18:33:02','com.etms.bookingcontroller.EmployeeController:159','INFO','New Booking',10000000242,'2747768','10066','48736670','192.168.1.74','62766','org.apache.tomcat.util.http.NamesEnumerator@853dafb','POST','200','Booking','menaka.k'),('http-nio-5566-exec-4','2017-12-05 18:33:17','com.etms.bookingcontroller.EmployeeController:159','INFO','New Booking',10000000243,'2763516','10066','48736671','192.168.1.74','62805','org.apache.tomcat.util.http.NamesEnumerator@3b0efaa2','POST','200','Booking','menaka.k'),('http-nio-5566-exec-10','2017-12-05 18:33:39','com.etms.bookingcontroller.EmployeeController:159','INFO','New Booking',10000000244,'2784828','10066','48736672','192.168.1.74','62805','org.apache.tomcat.util.http.NamesEnumerator@38a4090b','POST','200','Booking','menaka.k'),('http-nio-5566-exec-10','2017-12-05 18:45:49','com.etms.bookingcontroller.HodController:162','INFO','HOD Approved Booking',10000000245,'3515100','10061','48736661','192.168.1.74','63073','org.apache.tomcat.util.http.NamesEnumerator@33be9a6b','PUT','200','','shivashankari.n'),('http-nio-5566-exec-6','2017-12-05 18:45:52','com.etms.bookingcontroller.HodController:162','INFO','HOD Approved Booking',10000000246,'3518222','10061','48736671','192.168.1.74','63073','org.apache.tomcat.util.http.NamesEnumerator@76bd7dba','PUT','200','','shivashankari.n'),('http-nio-5566-exec-2','2017-12-05 18:46:19','com.etms.bookingcontroller.HodController:162','INFO','HOD Approved Booking',10000000247,'3545179','10061','48736670','192.168.1.74','63074','org.apache.tomcat.util.http.NamesEnumerator@27aa0dd7','PUT','200','','shivashankari.n'),('http-nio-5566-exec-10','2017-12-05 18:46:42','com.etms.bookingcontroller.HrController:195','INFO','HR Scheduled Booking',10000000248,'3568242','10003','48736670','192.168.1.74','63074','org.apache.tomcat.util.http.NamesEnumerator@2bff90fc','PUT','200','','subarna.p'),('http-nio-5566-exec-1','2017-12-05 18:46:49','com.etms.bookingcontroller.HrController:195','INFO','HR Scheduled Booking',10000000249,'3574866','10003','48736671','192.168.1.74','63074','org.apache.tomcat.util.http.NamesEnumerator@6e87d9c1','PUT','200','','subarna.p'),('http-nio-5566-exec-3','2017-12-05 18:47:02','com.etms.bookingcontroller.OperatorController:126','INFO','Operator Confirmed Booking',10000000250,'3587738','200002','48736670','192.168.1.74','63074','org.apache.tomcat.util.http.NamesEnumerator@23b6e557','PUT','200','','helen.c@cabatrip.com'),('http-nio-5566-exec-2','2017-12-05 18:47:07','com.etms.bookingcontroller.OperatorController:126','INFO','Operator Confirmed Booking',10000000251,'3592922','200002','48736671','192.168.1.74','63074','org.apache.tomcat.util.http.NamesEnumerator@5119315','PUT','200','','helen.c@cabatrip.com'),('http-nio-5566-exec-1','2017-12-05 18:53:14','com.etms.bookingcontroller.EmployeeController:159','INFO','New Booking',10000000252,'3959983','10066','48736673','192.168.1.74','63259','org.apache.tomcat.util.http.NamesEnumerator@27bdbb33','POST','200','Booking','menaka.k'),('http-nio-5566-exec-3','2017-12-05 18:53:24','com.etms.bookingcontroller.HodController:162','INFO','HOD Approved Booking',10000000253,'3969843','10061','48736673','192.168.1.74','63259','org.apache.tomcat.util.http.NamesEnumerator@2b466c9b','PUT','200','','shivashankari.n'),('http-nio-5566-exec-8','2017-12-05 18:53:34','com.etms.bookingcontroller.HrController:195','INFO','HR Scheduled Booking',10000000254,'3979867','10003','48736673','192.168.1.74','63259','org.apache.tomcat.util.http.NamesEnumerator@4be698a7','PUT','200','','subarna.p'),('http-nio-5566-exec-7','2017-12-05 18:53:44','com.etms.bookingcontroller.OperatorController:126','INFO','Operator Confirmed Booking',10000000255,'3990303','200002','48736673','192.168.1.74','63258','org.apache.tomcat.util.http.NamesEnumerator@e1f7197','PUT','200','','helen.c@cabatrip.com'),('http-nio-5566-exec-10','2017-12-05 18:53:59','com.etms.bookingcontroller.EmployeeController:159','INFO','New Booking',10000000256,'4005009','10017','48736674','192.168.1.94','53137','org.apache.tomcat.util.http.NamesEnumerator@764cfa95','POST','200','Booking','karthikeyan.e'),('http-nio-5566-exec-4','2017-12-05 08:06:39','com.etms.bookingcontroller.EmployeeController:460','INFO','Update Booking',10000000257,'0','10017','48736674','192.168.1.94','53760','org.apache.tomcat.util.http.NamesEnumerator@12002c04','PUT','200','Booking','karthikeyan.e'),('http-nio-5566-exec-2','2017-12-05 08:43:10','com.etms.bookingcontroller.EmployeeController:159','INFO','New Booking',10000000258,'2190777','10017','48736675','192.168.1.94','55373','org.apache.tomcat.util.http.NamesEnumerator@5e4d7ea0','POST','200','Booking','karthikeyan.e'),('http-nio-5566-exec-7','2017-12-05 08:44:54','com.etms.bookingcontroller.EmployeeController:159','INFO','New Booking',10000000259,'2295458','10017','48736676','192.168.1.94','55373','org.apache.tomcat.util.http.NamesEnumerator@7fb3eb2d','POST','200','Booking','karthikeyan.e'),('http-nio-5566-exec-10','2017-12-05 08:45:18','com.etms.bookingcontroller.EmployeeController:159','INFO','New Booking',10000000260,'2318969','10017','48736677','192.168.1.94','55373','org.apache.tomcat.util.http.NamesEnumerator@5d75b744','POST','200','Booking','karthikeyan.e'),('http-nio-5566-exec-7','2017-12-06 01:02:24','com.etms.bookingcontroller.HrController:195','INFO','HR Scheduled Booking',10000000261,'0','10003','48736694','192.168.1.94','60959','org.apache.tomcat.util.http.NamesEnumerator@7ebfcb2e','PUT','200','','subarna.p'),('http-nio-5566-exec-7','2017-12-06 01:06:46','com.etms.bookingcontroller.HodController:162','INFO','HOD Approved Booking',10000000262,'262655','10061','48736680','192.168.1.94','60985','org.apache.tomcat.util.http.NamesEnumerator@4fcd8590','PUT','200','','shivashankari.n'),('http-nio-5566-exec-3','2017-12-06 01:06:56','com.etms.bookingcontroller.HodController:173','INFO','HOD Rejected Booking',10000000263,'272443','10061','48736682','192.168.1.94','60985','org.apache.tomcat.util.http.NamesEnumerator@7eaa8338','PUT','200','','shivashankari.n'),('http-nio-5566-exec-10','2017-12-06 01:09:34','com.etms.bookingcontroller.EmployeeController:460','INFO','Update Booking',10000000264,'430106','10066','48736680','192.168.1.94','61007','org.apache.tomcat.util.http.NamesEnumerator@4a8df988','PUT','200','Booking','menaka.k'),('http-nio-5566-exec-5','2017-12-06 01:53:53','com.etms.bookingcontroller.EmployeeController:334','INFO','Cancel Booking',10000000265,'0','10064','48736678','192.168.1.80','54103','org.apache.tomcat.util.http.NamesEnumerator@b1d05ca','PUT','200','Booking','arul.p'),('http-nio-5566-exec-4','2017-12-06 01:53:56','com.etms.bookingcontroller.EmployeeController:334','INFO','Cancel Booking',10000000266,'2874','10064','48736687','192.168.1.80','54103','org.apache.tomcat.util.http.NamesEnumerator@1afb307e','PUT','200','Booking','arul.p'),('http-nio-5566-exec-6','2017-12-06 02:37:31','com.etms.bookingcontroller.EmployeeController:460','INFO','Update Booking',10000000267,'2618090','10064','48736679','192.168.1.94','50788','org.apache.tomcat.util.http.NamesEnumerator@61ba0a1d','PUT','200','Booking','arul.p'),('http-nio-5566-exec-8','2017-12-06 02:44:46','com.etms.bookingcontroller.OperatorController:237','INFO','New Driver Added',10000000268,'3053771','200002','3106','192.168.1.94','51432','org.apache.tomcat.util.http.NamesEnumerator@7e2683db','POST','200','','helen.c@cabatrip.com'),('http-nio-5566-exec-8','2017-12-06 03:07:10','com.etms.bookingcontroller.OperatorController:237','INFO','New Driver Added',10000000269,'4397617','200002','3107','192.168.1.94','53516','org.apache.tomcat.util.http.NamesEnumerator@7423aeef','POST','200','','helen.c@cabatrip.com'),('http-nio-5566-exec-6','2017-12-06 03:10:29','com.etms.bookingcontroller.OperatorController:237','INFO','New Driver Added',10000000270,'4596293','200002','3108','192.168.1.94','53807','org.apache.tomcat.util.http.NamesEnumerator@497688ed','POST','200','','helen.c@cabatrip.com'),('http-nio-5566-exec-3','2017-12-06 03:13:54','com.etms.bookingcontroller.EmployeeController:460','INFO','Update Booking',10000000271,'4801021','10061','48736648','192.168.1.94','54061','org.apache.tomcat.util.http.NamesEnumerator@46e8b652','PUT','200','Booking','shivashankari.n'),('http-nio-5566-exec-8','2017-12-06 05:08:39','com.etms.bookingcontroller.EmployeeController:159','INFO','New Booking',10000000272,'11686478','10003','48736697','192.168.1.94','56680','org.apache.tomcat.util.http.NamesEnumerator@50ff490a','POST','200','Booking','subarna.p'),('http-nio-5566-exec-3','2017-12-06 05:08:51','com.etms.bookingcontroller.EmployeeController:460','INFO','Update Booking',10000000273,'11698394','10003','48736697','192.168.1.94','56691','org.apache.tomcat.util.http.NamesEnumerator@22a964e9','PUT','200','Booking','subarna.p'),('http-nio-5566-exec-5','2017-12-06 05:39:37','com.etms.bookingcontroller.HrController:195','INFO','HR Scheduled Booking',10000000274,'13544499','10003','48736648','192.168.1.80','57739','org.apache.tomcat.util.http.NamesEnumerator@17d24867','PUT','200','','subarna.p'),('http-nio-5566-exec-1','2017-12-06 06:02:37','com.etms.bookingcontroller.EmployeeController:460','INFO','Update Booking',10000000275,'14924188','10066','48736681','192.168.1.94','56819','org.apache.tomcat.util.http.NamesEnumerator@5c7bfa46','PUT','200','Booking','menaka.k'),('http-nio-5566-exec-2','2017-12-06 06:03:08','com.etms.bookingcontroller.EmployeeController:159','INFO','New Booking',10000000276,'14955729','10066','48736698','192.168.1.94','56818','org.apache.tomcat.util.http.NamesEnumerator@26f04057','POST','200','Booking','menaka.k'),('http-nio-5566-exec-9','2017-12-06 06:03:22','com.etms.bookingcontroller.EmployeeController:460','INFO','Update Booking',10000000277,'14969683','10066','48736698','192.168.1.94','56819','org.apache.tomcat.util.http.NamesEnumerator@1d85201','PUT','200','Booking','menaka.k'),('http-nio-5566-exec-1','2017-12-06 06:03:39','com.etms.bookingcontroller.EmployeeController:460','INFO','Update Booking',10000000278,'14986818','10066','48736698','192.168.1.94','56819','org.apache.tomcat.util.http.NamesEnumerator@74bdee50','PUT','200','Booking','menaka.k'),('http-nio-5566-exec-4','2017-12-06 06:06:06','com.etms.bookingcontroller.EmployeeController:460','INFO','Update Booking',10000000279,'15132924','10066','48736698','192.168.1.94','56846','org.apache.tomcat.util.http.NamesEnumerator@130146c3','PUT','200','Booking','menaka.k'),('http-nio-5566-exec-8','2017-12-06 06:13:41','com.etms.bookingcontroller.EmployeeController:460','INFO','Update Booking',10000000280,'15588035','10066','48736698','192.168.1.94','56900','org.apache.tomcat.util.http.NamesEnumerator@5dd9f14f','PUT','200','Booking','menaka.k'),('http-nio-5566-exec-9','2017-12-06 06:18:16','com.etms.bookingcontroller.EmployeeController:460','INFO','Update Booking',10000000281,'15863117','10066','48736698','192.168.1.94','56938','org.apache.tomcat.util.http.NamesEnumerator@536b7769','PUT','200','Booking','menaka.k'),('http-nio-5566-exec-7','2017-12-06 06:18:24','com.etms.bookingcontroller.EmployeeController:460','INFO','Update Booking',10000000282,'15871380','10066','48736698','192.168.1.94','56938','org.apache.tomcat.util.http.NamesEnumerator@79454af1','PUT','200','Booking','menaka.k'),('http-nio-5566-exec-8','2017-12-06 06:19:10','com.etms.bookingcontroller.EmployeeController:460','INFO','Update Booking',10000000283,'15916914','10066','48736698','192.168.1.94','56938','org.apache.tomcat.util.http.NamesEnumerator@73e9aef9','PUT','200','Booking','menaka.k'),('http-nio-5566-exec-4','2017-12-06 06:19:15','com.etms.bookingcontroller.EmployeeController:460','INFO','Update Booking',10000000284,'15922464','10066','48736698','192.168.1.94','56938','org.apache.tomcat.util.http.NamesEnumerator@6694d6cf','PUT','200','Booking','menaka.k'),('http-nio-5566-exec-3','2017-12-06 06:20:26','com.etms.bookingcontroller.EmployeeController:460','INFO','Update Booking',10000000285,'15993392','10066','48736698','192.168.1.94','56983','org.apache.tomcat.util.http.NamesEnumerator@1ba5ece7','PUT','200','Booking','menaka.k'),('http-nio-5566-exec-9','2017-12-06 06:21:17','com.etms.bookingcontroller.EmployeeController:159','INFO','New Booking',10000000286,'16044224','10066','48736699','192.168.1.94','56983','org.apache.tomcat.util.http.NamesEnumerator@326f6ead','POST','200','Booking','menaka.k'),('http-nio-5566-exec-2','2017-12-06 06:21:28','com.etms.bookingcontroller.EmployeeController:460','INFO','Update Booking',10000000287,'16055093','10066','48736699','192.168.1.94','56984','org.apache.tomcat.util.http.NamesEnumerator@4baf6a6b','PUT','200','Booking','menaka.k'),('http-nio-5566-exec-3','2017-12-06 06:23:29','com.etms.bookingcontroller.EmployeeController:460','INFO','Update Booking',10000000288,'16176280','10066','48736699','192.168.1.94','57010','org.apache.tomcat.util.http.NamesEnumerator@5366da3c','PUT','200','Booking','menaka.k'),('http-nio-5566-exec-8','2017-12-06 06:25:26','com.etms.bookingcontroller.EmployeeController:460','INFO','Update Booking',10000000289,'16293053','10066','48736698','192.168.1.94','57010','org.apache.tomcat.util.http.NamesEnumerator@1b8aa564','PUT','200','Booking','menaka.k'),('http-nio-5566-exec-9','2017-12-06 06:26:43','com.etms.bookingcontroller.EmployeeController:460','INFO','Update Booking',10000000290,'16370153','10066','48736699','192.168.1.94','57146','org.apache.tomcat.util.http.NamesEnumerator@11de7787','PUT','200','Booking','menaka.k'),('http-nio-5566-exec-8','2017-12-06 06:26:57','com.etms.bookingcontroller.EmployeeController:460','INFO','Update Booking',10000000291,'16384035','10066','48736698','192.168.1.94','57146','org.apache.tomcat.util.http.NamesEnumerator@50b2cfa5','PUT','200','Booking','menaka.k'),('http-nio-5566-exec-6','2017-12-06 06:27:31','com.etms.bookingcontroller.EmployeeController:159','INFO','New Booking',10000000292,'16418301','10066','48736700','192.168.1.94','57146','org.apache.tomcat.util.http.NamesEnumerator@1dc36844','POST','200','Booking','menaka.k'),('http-nio-5566-exec-4','2017-12-06 06:27:43','com.etms.bookingcontroller.EmployeeController:460','INFO','Update Booking',10000000293,'16430013','10066','48736700','192.168.1.94','57146','org.apache.tomcat.util.http.NamesEnumerator@95145d7','PUT','200','Booking','menaka.k'),('http-nio-5566-exec-10','2017-12-06 06:38:13','com.etms.bookingcontroller.EmployeeController:159','INFO','New Booking',10000000294,'17060511','10017','48736701','192.168.1.80','58383','org.apache.tomcat.util.http.NamesEnumerator@2deac38e','POST','200','Booking','karthikeyan.e'),('http-nio-5566-exec-7','2017-12-06 06:39:24','com.etms.bookingcontroller.HodController:162','INFO','HOD Approved Booking',10000000295,'17131260','10016','48736701','192.168.1.80','58397','org.apache.tomcat.util.http.NamesEnumerator@42c6f112','PUT','200','','dandy.s'),('http-nio-5566-exec-6','2017-12-06 06:39:36','com.etms.bookingcontroller.HrController:195','INFO','HR Scheduled Booking',10000000296,'17143729','10003','48736701','192.168.1.80','58397','org.apache.tomcat.util.http.NamesEnumerator@fc00ca','PUT','200','','subarna.p'),('http-nio-5566-exec-2','2017-12-06 06:40:09','com.etms.bookingcontroller.OperatorController:126','INFO','Operator Confirmed Booking',10000000297,'17175860','200003','48736701','192.168.1.80','58406','org.apache.tomcat.util.http.NamesEnumerator@6e98a01f','PUT','200','','lakshmi.k@cabopnow.com'),('http-nio-5566-exec-4','2017-12-07 02:04:22','com.etms.bookingcontroller.EmployeeController:159','INFO','New Booking',10000000298,'0','10064','48736702','192.168.1.80','59303','org.apache.tomcat.util.http.NamesEnumerator@309a5473','POST','200','Booking','arul.p'),('http-nio-5566-exec-8','2017-12-07 02:04:53','com.etms.bookingcontroller.EmployeeController:460','INFO','Update Booking',10000000299,'30623','10066','48736702','192.168.1.80','59303','org.apache.tomcat.util.http.NamesEnumerator@1f81c6df','PUT','200','Booking','menaka.k'),('http-nio-5566-exec-3','2017-12-07 02:04:58','com.etms.bookingcontroller.EmployeeController:334','INFO','Cancel Booking',10000000300,'36078','10066','48736702','192.168.1.80','59303','org.apache.tomcat.util.http.NamesEnumerator@4873d178','PUT','200','Booking','menaka.k'),('http-nio-5566-exec-9','2017-12-07 05:14:52','com.etms.bookingcontroller.EmployeeController:159','INFO','New Booking',10000000301,'11429413','10064','48736703','192.168.1.80','53305','org.apache.tomcat.util.http.NamesEnumerator@116a5c53','POST','200','Booking','arul.p'),('http-nio-5566-exec-8','2017-12-07 05:22:32','com.etms.bookingcontroller.EmployeeController:159','INFO','New Booking',10000000302,'11889965','10064','48736704','192.168.1.80','53352','org.apache.tomcat.util.http.NamesEnumerator@17682bde','POST','200','Booking','arul.p'),('http-nio-5566-exec-10','2017-12-08 14:47:31','com.etms.bookingcontroller.EmployeeController:159','INFO','New Booking',10000000303,'0','10066','48736705','192.168.1.94','55657','org.apache.tomcat.util.http.NamesEnumerator@738f4db1','POST','200','Booking','menaka.k'),('http-nio-5566-exec-8','2017-12-08 14:47:42','com.etms.bookingcontroller.EmployeeController:460','INFO','Update Booking',10000000304,'10568','10066','48736705','192.168.1.94','55657','org.apache.tomcat.util.http.NamesEnumerator@66d8d7ea','PUT','200','Booking','menaka.k'),('http-nio-5566-exec-6','2017-12-08 14:48:11','com.etms.bookingcontroller.EmployeeController:460','INFO','Update Booking',10000000305,'39731','10066','48736705','192.168.1.94','55657','org.apache.tomcat.util.http.NamesEnumerator@40181e33','PUT','200','Booking','menaka.k'),('http-nio-5566-exec-10','2017-12-08 14:48:41','com.etms.bookingcontroller.EmployeeController:159','INFO','New Booking',10000000306,'70399','10066','48736706','192.168.1.94','55657','org.apache.tomcat.util.http.NamesEnumerator@5a9e4f65','POST','200','Booking','menaka.k'),('http-nio-5566-exec-7','2017-12-08 14:48:52','com.etms.bookingcontroller.EmployeeController:460','INFO','Update Booking',10000000307,'81019','10066','48736706','192.168.1.94','55657','org.apache.tomcat.util.http.NamesEnumerator@40ea241','PUT','200','Booking','menaka.k'),('http-nio-5566-exec-2','2017-12-08 14:48:58','com.etms.bookingcontroller.EmployeeController:460','INFO','Update Booking',10000000308,'86794','10066','48736706','192.168.1.94','55657','org.apache.tomcat.util.http.NamesEnumerator@2ef98aa0','PUT','200','Booking','menaka.k'),('http-nio-5566-exec-6','2017-12-08 14:51:48','com.etms.bookingcontroller.EmployeeController:159','INFO','New Booking',10000000309,'256697','10066','48736707','192.168.1.94','55656','org.apache.tomcat.util.http.NamesEnumerator@42687e22','POST','200','Booking','menaka.k'),('http-nio-5566-exec-4','2017-12-08 14:52:58','com.etms.bookingcontroller.EmployeeController:159','INFO','New Booking',10000000310,'326846','10066','48736708','192.168.1.94','55656','org.apache.tomcat.util.http.NamesEnumerator@6605661f','POST','200','Booking','menaka.k'),('http-nio-5566-exec-9','2017-12-11 14:37:21','com.etms.bookingcontroller.EmployeeController:159','INFO','New Booking',10000000311,'0','10064','48736709','192.168.1.80','54378','org.apache.tomcat.util.http.NamesEnumerator@3a284187','POST','200','Booking','arul.p'),('http-nio-5566-exec-9','2017-12-11 14:37:50','com.etms.bookingcontroller.EmployeeController:159','INFO','New Booking',10000000312,'28558','10064','48736710','192.168.1.80','54377','org.apache.tomcat.util.http.NamesEnumerator@1b944db7','POST','200','Booking','arul.p'),('http-nio-5566-exec-7','2017-12-11 15:58:54','com.etms.bookingcontroller.EmployeeController:159','INFO','New Booking',10000000313,'4892983','10062','48736711','192.168.1.76','65115','org.apache.tomcat.util.http.NamesEnumerator@63733bd3','POST','200','Booking','anish.a'),('http-nio-5566-exec-9','2017-12-11 16:01:06','com.etms.bookingcontroller.EmployeeController:159','INFO','New Booking',10000000314,'5025103','10062','48736712','192.168.1.76','65216','org.apache.tomcat.util.http.NamesEnumerator@7dee8a7f','POST','200','Booking','anish.a'),('http-nio-5566-exec-2','2017-12-11 16:02:53','com.etms.bookingcontroller.EmployeeController:159','INFO','New Booking',10000000315,'5132172','10062','48736713','192.168.1.76','65372','org.apache.tomcat.util.http.NamesEnumerator@6d853e3e','POST','200','Booking','anish.a'),('http-nio-5566-exec-1','2017-12-11 16:06:22','com.etms.bookingcontroller.EmployeeController:159','INFO','New Booking',10000000316,'5341137','10062','48736714','192.168.1.76','65506','org.apache.tomcat.util.http.NamesEnumerator@6e533c5a','POST','200','Booking','anish.a'),('http-nio-5566-exec-7','2017-12-11 16:23:06','com.etms.bookingcontroller.EmployeeController:159','INFO','New Booking',10000000317,'6344664','10062','48736715','192.168.1.76','56485','org.apache.tomcat.util.http.NamesEnumerator@d6041f2','POST','200','Booking','anish.a'),('http-nio-5566-exec-6','2017-12-11 16:29:24','com.etms.bookingcontroller.EmployeeController:159','INFO','New Booking',10000000318,'6722457','10062','48736716','192.168.1.76','57066','org.apache.tomcat.util.http.NamesEnumerator@4e64e404','POST','200','Booking','anish.a'),('http-nio-5566-exec-2','2017-12-11 16:30:50','com.etms.bookingcontroller.EmployeeController:159','INFO','New Booking',10000000319,'6809085','10064','48736717','192.168.1.76','57195','org.apache.tomcat.util.http.NamesEnumerator@6d4a16a8','POST','200','Booking','arul.p'),('http-nio-5566-exec-1','2017-12-11 16:36:11','com.etms.bookingcontroller.EmployeeController:159','INFO','New Booking',10000000320,'7129493','10064','48736718','192.168.1.76','52932','org.apache.tomcat.util.http.NamesEnumerator@114a8349','POST','200','Booking','arul.p'),('http-nio-5566-exec-8','2017-12-11 17:30:12','com.etms.bookingcontroller.EmployeeController:159','INFO','New Booking',10000000321,'10371136','10064','48736719','192.168.1.80','53598','org.apache.tomcat.util.http.NamesEnumerator@7821b59d','POST','200','Booking','arul.p'),('http-nio-5566-exec-6','2017-12-11 17:30:33','com.etms.bookingcontroller.EmployeeController:460','INFO','Update Booking',10000000322,'10391784','10064','48736719','192.168.1.80','53598','org.apache.tomcat.util.http.NamesEnumerator@20f8dca2','PUT','200','Booking','arul.p'),('http-nio-5566-exec-6','2017-12-11 17:30:58','com.etms.bookingcontroller.EmployeeController:460','INFO','Update Booking',10000000323,'10417131','10064','48736719','192.168.1.80','53600','org.apache.tomcat.util.http.NamesEnumerator@2624437e','PUT','200','Booking','arul.p'),('http-nio-5566-exec-4','2017-12-11 17:31:05','com.etms.bookingcontroller.EmployeeController:460','INFO','Update Booking',10000000324,'10423385','10064','48736719','192.168.1.80','53598','org.apache.tomcat.util.http.NamesEnumerator@410d0477','PUT','200','Booking','arul.p'),('http-nio-5566-exec-4','2017-12-11 17:47:25','com.etms.bookingcontroller.EmployeeController:159','INFO','New Booking',10000000325,'11403817','10064','48736720','192.168.1.80','53893','org.apache.tomcat.util.http.NamesEnumerator@63508cce','POST','200','Booking','arul.p'),('http-nio-5566-exec-6','2017-12-11 17:56:56','com.etms.bookingcontroller.EmployeeController:159','INFO','New Booking',10000000326,'11974529','10064','48736721','192.168.1.80','53978','org.apache.tomcat.util.http.NamesEnumerator@1e527e4a','POST','200','Booking','arul.p'),('http-nio-5566-exec-8','2017-12-11 18:01:06','com.etms.bookingcontroller.HodController:173','INFO','HOD Rejected Booking',10000000327,'12224670','10061','48736718','192.168.1.80','54005','org.apache.tomcat.util.http.NamesEnumerator@75a89d37','PUT','200','','shivashankari.n'),('http-nio-5566-exec-6','2017-12-11 18:04:34','com.etms.bookingcontroller.HodController:162','INFO','HOD Approved Booking',10000000328,'12433308','10061','48736719','192.168.1.80','54025','org.apache.tomcat.util.http.NamesEnumerator@519510a5','PUT','200','','shivashankari.n'),('http-nio-5566-exec-3','2017-12-12 10:58:43','com.etms.bookingcontroller.EmployeeController:159','INFO','New Booking',10000000329,'0','10066','48736722','192.168.1.74','61703','org.apache.tomcat.util.http.NamesEnumerator@180d8e84','POST','200','Booking','menaka.k'),('http-nio-5566-exec-4','2017-12-12 10:58:59','com.etms.bookingcontroller.EmployeeController:159','INFO','New Booking',10000000330,'15809','10066','48736723','192.168.1.74','61709','org.apache.tomcat.util.http.NamesEnumerator@5912920','POST','200','Booking','menaka.k'),('http-nio-5566-exec-6','2017-12-12 10:59:14','com.etms.bookingcontroller.EmployeeController:159','INFO','New Booking',10000000331,'30879','10066','48736724','192.168.1.74','61703','org.apache.tomcat.util.http.NamesEnumerator@26993021','POST','200','Booking','menaka.k'),('http-nio-5566-exec-5','2017-12-12 10:59:29','com.etms.bookingcontroller.EmployeeController:159','INFO','New Booking',10000000332,'45541','10066','48736725','192.168.1.74','61703','org.apache.tomcat.util.http.NamesEnumerator@5137754f','POST','200','Booking','menaka.k'),('http-nio-5566-exec-8','2017-12-12 13:02:38','com.etms.bookingcontroller.EmployeeController:159','INFO','New Booking',10000000333,'7434790','10064','48736726','192.168.1.80','55885','org.apache.tomcat.util.http.NamesEnumerator@3bee5616','POST','200','Booking','arul.p'),('http-nio-5566-exec-3','2017-12-12 14:52:28','com.etms.bookingcontroller.EmployeeController:159','INFO','New Booking',10000000334,'14025033','10064','48736727','192.168.1.80','56164','org.apache.tomcat.util.http.NamesEnumerator@6d9ef86c','POST','200','Booking','arul.p'),('http-nio-5566-exec-5','2017-12-12 14:59:22','com.etms.bookingcontroller.EmployeeController:159','INFO','New Booking',10000000335,'14439323','10064','48736728','192.168.1.80','56210','org.apache.tomcat.util.http.NamesEnumerator@30819a5','POST','200','Booking','arul.p'),('http-nio-5566-exec-4','2017-12-12 15:18:43','com.etms.bookingcontroller.EmployeeController:460','INFO','Update Booking',10000000336,'15599633','10066','48736728','192.168.1.89','65031','org.apache.tomcat.util.http.NamesEnumerator@38a75082','PUT','200','Booking','menaka.k'),('http-nio-5566-exec-1','2017-12-12 15:22:53','com.etms.bookingcontroller.HodController:162','INFO','HOD Approved Booking',10000000337,'15850399','10061','48736727','192.168.1.80','56321','org.apache.tomcat.util.http.NamesEnumerator@1dd9be7b','PUT','200','','shivashankari.n'),('http-nio-5566-exec-7','2017-12-12 15:23:04','com.etms.bookingcontroller.HrController:195','INFO','HR Scheduled Booking',10000000338,'15860517','10003','48736727','192.168.1.80','56321','org.apache.tomcat.util.http.NamesEnumerator@7f284ffc','PUT','200','','subarna.p'),('http-nio-5566-exec-10','2017-12-12 15:27:18','com.etms.bookingcontroller.EmployeeController:460','INFO','Update Booking',10000000339,'16114558','10066','48736728','192.168.1.89','49383','org.apache.tomcat.util.http.NamesEnumerator@6d47e30','PUT','200','Booking','menaka.k'),('http-nio-5566-exec-10','2017-12-12 15:31:40','com.etms.bookingcontroller.EmployeeController:460','INFO','Update Booking',10000000340,'16376647','10066','48736728','192.168.1.89','49716','org.apache.tomcat.util.http.NamesEnumerator@bbfa0c2','PUT','200','Booking','menaka.k'),('http-nio-5566-exec-1','2017-12-12 15:53:29','com.etms.bookingcontroller.EmployeeController:159','INFO','New Booking',10000000341,'17685657','10061','48736729','192.168.1.80','56461','org.apache.tomcat.util.http.NamesEnumerator@60054984','POST','200','Booking','shivashankari.n'),('http-nio-5566-exec-2','2017-12-12 16:04:41','com.etms.bookingcontroller.HodController:173','INFO','HOD Rejected Booking',10000000342,'18357589','10061','48736728','192.168.1.80','56505','org.apache.tomcat.util.http.NamesEnumerator@7461caee','PUT','200','','shivashankari.n'),('http-nio-5566-exec-7','2017-12-12 16:05:21','com.etms.bookingcontroller.HrController:195','INFO','HR Scheduled Booking',10000000343,'18398052','10003','48736729','192.168.1.80','56505','org.apache.tomcat.util.http.NamesEnumerator@307e293c','PUT','200','','subarna.p'),('http-nio-5566-exec-1','2017-12-12 16:17:31','com.etms.bookingcontroller.OperatorController:126','INFO','Operator Confirmed Booking',10000000344,'19127787','200003','48736727','192.168.1.80','56588','org.apache.tomcat.util.http.NamesEnumerator@5c931e52','PUT','200','','lakshmi.k@cabopnow.com'),('http-nio-5566-exec-6','2017-12-12 16:27:11','com.etms.bookingcontroller.EmployeeController:460','INFO','Update Booking',10000000345,'19707768','10064','48736728','192.168.1.80','56632','org.apache.tomcat.util.http.NamesEnumerator@7d8ab0c3','PUT','200','Booking','arul.p'),('http-nio-5566-exec-4','2017-12-12 16:27:20','com.etms.bookingcontroller.HodController:162','INFO','HOD Approved Booking',10000000346,'19716762','10061','48736728','192.168.1.80','56631','org.apache.tomcat.util.http.NamesEnumerator@7cd6dda5','PUT','200','','shivashankari.n'),('http-nio-5566-exec-6','2017-12-12 16:27:34','com.etms.bookingcontroller.HrController:195','INFO','HR Scheduled Booking',10000000347,'19730483','10003','48736728','192.168.1.80','56631','org.apache.tomcat.util.http.NamesEnumerator@56d4813a','PUT','200','','subarna.p'),('http-nio-5566-exec-5','2017-12-12 16:29:16','com.etms.bookingcontroller.OperatorController:237','INFO','New Driver Added',10000000348,'19833022','200003','3109','192.168.1.80','56667','org.apache.tomcat.util.http.NamesEnumerator@1fa6703','POST','200','','lakshmi.k@cabopnow.com'),('http-nio-5566-exec-1','2017-12-12 16:40:54','com.etms.bookingcontroller.OperatorController:237','INFO','New Driver Added',10000000349,'20530700','200003','3110','192.168.1.80','56742','org.apache.tomcat.util.http.NamesEnumerator@7448ffc','POST','200','','lakshmi.k@cabopnow.com'),('http-nio-5566-exec-1','2017-12-12 16:50:38','com.etms.bookingcontroller.EmployeeController:159','INFO','New Booking',10000000350,'21114558','10066','48736730','192.168.1.89','54158','org.apache.tomcat.util.http.NamesEnumerator@d848345','POST','200','Booking','menaka.k'),('http-nio-5566-exec-6','2017-12-12 16:59:09','com.etms.bookingcontroller.OperatorController:327','INFO','New Vehicle Added',10000000351,'21625696','200003','40085','192.168.1.80','56783','org.apache.tomcat.util.http.NamesEnumerator@60d4c0bd','POST','200','','lakshmi.k@cabopnow.com'),('http-nio-5566-exec-8','2017-12-12 16:59:18','com.etms.bookingcontroller.OperatorController:367','INFO','Vehicle Profile Updated',10000000352,'21634733','200003','40085','192.168.1.80','56783','org.apache.tomcat.util.http.NamesEnumerator@7b4b33e5','PUT','200','','lakshmi.k@cabopnow.com'),('http-nio-5566-exec-5','2017-12-12 18:04:15','com.etms.bookingcontroller.EmployeeController:460','INFO','Update Booking',10000000353,'25532199','10066','48736730','192.168.1.89','57903','org.apache.tomcat.util.http.NamesEnumerator@2c7566b0','PUT','200','Booking','menaka.k'),('http-nio-5566-exec-9','2017-12-12 18:07:10','com.etms.bookingcontroller.EmployeeController:460','INFO','Update Booking',10000000354,'25706856','10066','48736730','192.168.1.89','57916','org.apache.tomcat.util.http.NamesEnumerator@109cea1','PUT','200','Booking','menaka.k'),('http-nio-5566-exec-1','2017-12-12 18:19:41','com.etms.bookingcontroller.HodController:162','INFO','HOD Approved Booking',10000000355,'26457742','10061','48736730','192.168.1.89','58001','org.apache.tomcat.util.http.NamesEnumerator@38cbfbab','PUT','200','','shivashankari.n'),('http-nio-5566-exec-8','2017-12-12 18:26:56','com.etms.bookingcontroller.HrController:195','INFO','HR Scheduled Booking',10000000356,'26892823','10003','48736729','192.168.1.89','58042','org.apache.tomcat.util.http.NamesEnumerator@69aad259','PUT','200','','subarna.p'),('http-nio-5566-exec-9','2017-12-12 19:37:43','com.etms.bookingcontroller.EmployeeController:159','INFO','New Booking',10000000357,'0','10064','48736731','192.168.1.97','56942','org.apache.tomcat.util.http.NamesEnumerator@2e5b3042','POST','200','Booking','arul.p'),('http-nio-5566-exec-7','2017-12-12 19:39:39','com.etms.bookingcontroller.EmployeeController:460','INFO','Update Booking',10000000358,'116184','10064','48736731','192.168.1.97','56967','org.apache.tomcat.util.http.NamesEnumerator@46227de2','PUT','200','Booking','arul.p'),('http-apr-9191-exec-20','2017-12-12 19:43:09','com.etms.security.config.SimpleCorsFilter:47','INFO','Intializing the Filter',10000000359,'0','','','','','','','','',''),('http-apr-9191-exec-33','2017-12-13 11:42:46','com.etms.security.config.SimpleCorsFilter:47','INFO','Intializing the Filter',10000000360,'0','','','','','','','','',''),('http-apr-9191-exec-36','2017-12-13 11:44:15','com.etms.security.config.SimpleCorsFilter:47','INFO','Intializing the Filter',10000000361,'0','','','','','','','','',''),('http-apr-9191-exec-43','2017-12-13 11:44:31','com.etms.bookingcontroller.EmployeeController:159','INFO','New Booking',10000000362,'16076','10064','48736788','192.168.1.86','52710','org.apache.tomcat.util.http.NamesEnumerator@5463b559','POST','200','Booking','arul.p'),('http-apr-9191-exec-48','2017-12-13 11:46:08','com.etms.security.config.SimpleCorsFilter:47','INFO','Intializing the Filter',10000000363,'0','','','','','','','','',''),('http-apr-9191-exec-66','2017-12-13 11:46:28','com.etms.bookingcontroller.EmployeeController:159','INFO','New Booking',10000000364,'20005','10064','48736789','192.168.1.86','52778','org.apache.tomcat.util.http.NamesEnumerator@67de8ccd','POST','200','Booking','arul.p'),('http-apr-9191-exec-63','2017-12-13 11:47:20','com.etms.security.config.SimpleCorsFilter:47','INFO','Intializing the Filter',10000000365,'0','','','','','','','','',''),('http-apr-9191-exec-65','2017-12-13 11:47:57','com.etms.bookingcontroller.EmployeeController:159','INFO','New Booking',10000000366,'36540','10064','48736790','192.168.1.86','52816','org.apache.tomcat.util.http.NamesEnumerator@4c001790','POST','200','Booking','arul.p'),('http-apr-9191-exec-73','2017-12-13 11:49:24','com.etms.bookingcontroller.HodController:162','INFO','HOD Approved Booking',10000000367,'123505','10061','48736732','192.168.1.89','64980','org.apache.tomcat.util.http.NamesEnumerator@fdd5e3e','PUT','200','','shivashankari.n'),('http-apr-9191-exec-74','2017-12-13 11:49:41','com.etms.bookingcontroller.HrController:195','INFO','HR Scheduled Booking',10000000368,'140696','10003','48736732','192.168.1.89','64980','org.apache.tomcat.util.http.NamesEnumerator@4ad3870','PUT','200','','subarna.p'),('http-apr-9191-exec-77','2017-12-13 11:50:39','com.etms.bookingcontroller.OperatorController:126','INFO','Operator Confirmed Booking',10000000369,'198816','200002','48736732','192.168.1.89','64995','org.apache.tomcat.util.http.NamesEnumerator@71e080d1','PUT','200','','helen.c@cabatrip.com'),('http-apr-9191-exec-69','2017-12-13 11:55:26','com.etms.bookingcontroller.EmployeeController:159','INFO','New Booking',10000000370,'485656','10064','48736791','192.168.1.80','61742','org.apache.tomcat.util.http.NamesEnumerator@528810f0','POST','200','Booking','arul.p'),('http-apr-9191-exec-75','2017-12-13 11:56:02','com.etms.bookingcontroller.EmployeeController:159','INFO','New Booking',10000000371,'521971','10064','48736792','192.168.1.85','6038','org.apache.tomcat.util.http.NamesEnumerator@7d988de0','POST','200','Booking','arul.p'),('http-apr-9191-exec-73','2017-12-13 12:27:12','com.etms.bookingcontroller.HodController:173','INFO','HOD Rejected Booking',10000000372,'2391928','10061','48736744','192.168.1.95','53054','org.apache.tomcat.util.http.NamesEnumerator@460c4ce8','PUT','200','','shivashankari.n'),('http-apr-9191-exec-70','2017-12-13 12:31:33','com.etms.bookingcontroller.EmployeeController:159','INFO','New Booking',10000000373,'2652751','10066','48736793','192.168.1.97','52133','org.apache.tomcat.util.http.NamesEnumerator@3e526c86','POST','200','Booking','menaka.k'),('http-apr-9191-exec-73','2017-12-13 12:42:26','com.etms.bookingcontroller.EmployeeController:159','INFO','New Booking',10000000374,'3305780','10066','48736794','192.168.1.97','52372','org.apache.tomcat.util.http.NamesEnumerator@1594b0b1','POST','200','Booking','menaka.k'),('http-apr-9191-exec-69','2017-12-13 12:44:20','com.etms.bookingcontroller.EmployeeController:159','INFO','New Booking',10000000375,'3419706','10064','48736795','192.168.1.76','54293','org.apache.tomcat.util.http.NamesEnumerator@19ff6509','POST','200','Booking','arul.p'),('http-apr-9191-exec-70','2017-12-13 12:45:08','com.etms.bookingcontroller.EmployeeController:159','INFO','New Booking',10000000376,'3467878','10064','48736796','192.168.1.76','54380','org.apache.tomcat.util.http.NamesEnumerator@784c78d9','POST','200','Booking','arul.p'),('http-apr-9191-exec-75','2017-12-13 12:45:56','com.etms.bookingcontroller.EmployeeController:159','INFO','New Booking',10000000377,'3515683','10064','48736797','192.168.1.76','54471','org.apache.tomcat.util.http.NamesEnumerator@63a46a88','POST','200','Booking','arul.p'),('http-apr-9191-exec-75','2017-12-13 12:46:38','com.etms.bookingcontroller.EmployeeController:159','INFO','New Booking',10000000378,'3557812','10066','48736798','192.168.1.97','52516','org.apache.tomcat.util.http.NamesEnumerator@bbbe884','POST','200','Booking','menaka.k'),('http-apr-9191-exec-74','2017-12-13 12:46:43','com.etms.bookingcontroller.HodController:173','INFO','HOD Rejected Booking',10000000379,'3562979','10061','48736785','192.168.1.94','60402','org.apache.tomcat.util.http.NamesEnumerator@17116093','PUT','200','','shivashankari.n'),('http-apr-9191-exec-71','2017-12-13 12:46:44','com.etms.bookingcontroller.EmployeeController:159','INFO','New Booking',10000000380,'3563354','10064','48736799','192.168.1.76','54559','org.apache.tomcat.util.http.NamesEnumerator@3414c5d8','POST','200','Booking','arul.p'),('http-apr-9191-exec-77','2017-12-13 12:46:53','com.etms.bookingcontroller.EmployeeController:159','INFO','New Booking',10000000381,'3573011','10066','48736800','192.168.1.97','52518','org.apache.tomcat.util.http.NamesEnumerator@5fd2c8aa','POST','200','Booking','menaka.k'),('http-apr-9191-exec-75','2017-12-13 12:47:32','com.etms.bookingcontroller.EmployeeController:159','INFO','New Booking',10000000382,'3611092','10064','48736801','192.168.1.76','54648','org.apache.tomcat.util.http.NamesEnumerator@150139c6','POST','200','Booking','arul.p'),('http-apr-9191-exec-70','2017-12-13 12:48:00','com.etms.bookingcontroller.HodController:173','INFO','HOD Rejected Booking',10000000383,'3639729','10061','48736785','192.168.1.94','60513','org.apache.tomcat.util.http.NamesEnumerator@282550c2','PUT','200','','shivashankari.n'),('http-apr-9191-exec-68','2017-12-13 12:48:20','com.etms.bookingcontroller.EmployeeController:159','INFO','New Booking',10000000384,'3659068','10064','48736802','192.168.1.76','54737','org.apache.tomcat.util.http.NamesEnumerator@6f7bd8ea','POST','200','Booking','arul.p'),('http-apr-9191-exec-76','2017-12-13 12:49:07','com.etms.bookingcontroller.EmployeeController:159','INFO','New Booking',10000000385,'3706706','10064','48736803','192.168.1.76','54828','org.apache.tomcat.util.http.NamesEnumerator@1163a5fc','POST','200','Booking','arul.p'),('http-apr-9191-exec-68','2017-12-13 12:49:35','com.etms.bookingcontroller.EmployeeController:159','INFO','New Booking',10000000386,'3734882','10066','48736804','192.168.1.97','52659','org.apache.tomcat.util.http.NamesEnumerator@13cb9d05','POST','200','Booking','menaka.k'),('http-apr-9191-exec-71','2017-12-13 12:49:55','com.etms.bookingcontroller.EmployeeController:159','INFO','New Booking',10000000387,'3754260','10064','48736805','192.168.1.76','54917','org.apache.tomcat.util.http.NamesEnumerator@436c7175','POST','200','Booking','arul.p'),('http-apr-9191-exec-69','2017-12-13 12:50:42','com.etms.bookingcontroller.EmployeeController:159','INFO','New Booking',10000000388,'3801929','10064','48736806','192.168.1.76','55006','org.apache.tomcat.util.http.NamesEnumerator@7d70615','POST','200','Booking','arul.p'),('http-apr-9191-exec-70','2017-12-13 12:55:05','com.etms.bookingcontroller.HodController:173','INFO','HOD Rejected Booking',10000000389,'4064996','10061','48736786','192.168.1.94','61125','org.apache.tomcat.util.http.NamesEnumerator@4b1e4cc8','PUT','200','','shivashankari.n'),('http-apr-9191-exec-68','2017-12-13 13:14:43','com.etms.bookingcontroller.HodController:173','INFO','HOD Rejected Booking',10000000390,'5242399','10061','48736789','192.168.1.94','62785','org.apache.tomcat.util.http.NamesEnumerator@bb1ccd6','PUT','200','','shivashankari.n'),('http-apr-9191-exec-76','2017-12-13 13:15:19','com.etms.bookingcontroller.HodController:173','INFO','HOD Rejected Booking',10000000391,'5278373','10061','48736790','192.168.1.94','62859','org.apache.tomcat.util.http.NamesEnumerator@7186e06b','PUT','200','','shivashankari.n'),('http-apr-9191-exec-76','2017-12-13 13:43:42','com.etms.bookingcontroller.HodController:173','INFO','HOD Rejected Booking',10000000392,'6981188','10061','48736793','192.168.1.94','64718','org.apache.tomcat.util.http.NamesEnumerator@572990b6','PUT','200','','shivashankari.n'),('http-apr-9191-exec-69','2017-12-13 13:57:17','com.etms.bookingcontroller.HodController:173','INFO','HOD Rejected Booking',10000000393,'7796703','10061','48736794','192.168.1.94','64791','org.apache.tomcat.util.http.NamesEnumerator@3db0c83c','PUT','200','','shivashankari.n'),('http-apr-9191-exec-70','2017-12-13 14:03:16','com.etms.bookingcontroller.EmployeeController:159','INFO','New Booking',10000000394,'8155304','10061','48736807','192.168.1.94','65278','org.apache.tomcat.util.http.NamesEnumerator@78b44c84','POST','200','Booking','shivashankari.n'),('http-apr-9191-exec-68','2017-12-13 14:25:07','com.etms.bookingcontroller.EmployeeController:159','INFO','New Booking',10000000395,'9466888','10066','48736808','192.168.1.97','61862','org.apache.tomcat.util.http.NamesEnumerator@7df5d6a','POST','200','Booking','menaka.k'),('http-apr-9191-exec-74','2017-12-13 14:26:51','com.etms.bookingcontroller.EmployeeController:159','INFO','New Booking',10000000396,'9570494','10066','48736809','192.168.1.97','61926','org.apache.tomcat.util.http.NamesEnumerator@51d2f044','POST','200','Booking','menaka.k'),('http-apr-9191-exec-77','2017-12-13 14:34:36','com.etms.bookingcontroller.EmployeeController:159','INFO','New Booking',10000000397,'10036009','10066','48736810','192.168.1.97','62180','org.apache.tomcat.util.http.NamesEnumerator@51182e9d','POST','200','Booking','menaka.k'),('http-apr-9191-exec-72','2017-12-13 14:42:00','com.etms.bookingcontroller.EmployeeController:159','INFO','New Booking',10000000398,'10479965','10066','48736811','192.168.1.97','62335','org.apache.tomcat.util.http.NamesEnumerator@177881f3','POST','200','Booking','menaka.k'),('http-apr-9191-exec-68','2017-12-13 14:43:39','com.etms.bookingcontroller.EmployeeController:159','INFO','New Booking',10000000399,'10578536','10066','48736812','192.168.1.97','62453','org.apache.tomcat.util.http.NamesEnumerator@3a6ca983','POST','200','Booking','menaka.k'),('http-apr-9191-exec-77','2017-12-13 14:45:06','com.etms.bookingcontroller.EmployeeController:159','INFO','New Booking',10000000400,'10665975','10066','48736813','192.168.1.97','62584','org.apache.tomcat.util.http.NamesEnumerator@b875648','POST','200','Booking','menaka.k'),('http-apr-9191-exec-77','2017-12-13 14:56:03','com.etms.bookingcontroller.EmployeeController:159','INFO','New Booking',10000000401,'11322321','10066','48736814','192.168.1.97','62792','org.apache.tomcat.util.http.NamesEnumerator@76a89b01','POST','200','Booking','menaka.k'),('http-apr-9191-exec-71','2017-12-13 14:57:44','com.etms.bookingcontroller.EmployeeController:159','INFO','New Booking',10000000402,'11423240','10066','48736815','192.168.1.97','62906','org.apache.tomcat.util.http.NamesEnumerator@1981d7aa','POST','200','Booking','menaka.k'),('http-apr-9191-exec-73','2017-12-13 14:58:18','com.etms.bookingcontroller.EmployeeController:159','INFO','New Booking',10000000403,'11457743','10017','48736816','192.168.1.94','65519','org.apache.tomcat.util.http.NamesEnumerator@2670e01e','POST','200','Booking','karthikeyan.e'),('http-apr-9191-exec-68','2017-12-13 14:58:27','com.etms.bookingcontroller.EmployeeController:334','INFO','Cancel Booking',10000000404,'11466404','10066','48736808','192.168.1.97','62954','org.apache.tomcat.util.http.NamesEnumerator@dc3a2a','PUT','200','Booking','menaka.k'),('http-apr-9191-exec-76','2017-12-13 14:58:29','com.etms.bookingcontroller.EmployeeController:334','INFO','Cancel Booking',10000000405,'11468969','10066','48736734','192.168.1.97','62952','org.apache.tomcat.util.http.NamesEnumerator@acd24ac','PUT','200','Booking','menaka.k'),('http-apr-9191-exec-70','2017-12-13 14:58:32','com.etms.bookingcontroller.EmployeeController:334','INFO','Cancel Booking',10000000406,'11471310','10066','48736809','192.168.1.97','62952','org.apache.tomcat.util.http.NamesEnumerator@907cf8e','PUT','200','Booking','menaka.k'),('http-apr-9191-exec-72','2017-12-13 14:58:34','com.etms.bookingcontroller.EmployeeController:334','INFO','Cancel Booking',10000000407,'11473725','10066','48736810','192.168.1.97','62953','org.apache.tomcat.util.http.NamesEnumerator@24c4c004','PUT','200','Booking','menaka.k'),('http-apr-9191-exec-76','2017-12-13 14:58:36','com.etms.bookingcontroller.EmployeeController:334','INFO','Cancel Booking',10000000408,'11475579','10066','48736811','192.168.1.97','62953','org.apache.tomcat.util.http.NamesEnumerator@23cd3c41','PUT','200','Booking','menaka.k'),('http-apr-9191-exec-70','2017-12-13 14:58:38','com.etms.bookingcontroller.EmployeeController:334','INFO','Cancel Booking',10000000409,'11477661','10066','48736812','192.168.1.97','62953','org.apache.tomcat.util.http.NamesEnumerator@1f79931b','PUT','200','Booking','menaka.k'),('http-apr-9191-exec-72','2017-12-13 14:58:40','com.etms.bookingcontroller.EmployeeController:334','INFO','Cancel Booking',10000000410,'11479698','10066','48736813','192.168.1.97','62953','org.apache.tomcat.util.http.NamesEnumerator@24ca1187','PUT','200','Booking','menaka.k'),('http-apr-9191-exec-76','2017-12-13 14:58:42','com.etms.bookingcontroller.EmployeeController:334','INFO','Cancel Booking',10000000411,'11481996','10066','48736814','192.168.1.97','62952','org.apache.tomcat.util.http.NamesEnumerator@34600bc3','PUT','200','Booking','menaka.k'),('http-apr-9191-exec-70','2017-12-13 14:58:44','com.etms.bookingcontroller.EmployeeController:334','INFO','Cancel Booking',10000000412,'11483924','10066','48736815','192.168.1.97','62953','org.apache.tomcat.util.http.NamesEnumerator@7e03c017','PUT','200','Booking','menaka.k'),('http-apr-9191-exec-73','2017-12-13 14:58:46','com.etms.bookingcontroller.EmployeeController:334','INFO','Cancel Booking',10000000413,'11485644','10066','48736735','192.168.1.97','62954','org.apache.tomcat.util.http.NamesEnumerator@6525e4ae','PUT','200','Booking','menaka.k'),('http-apr-9191-exec-73','2017-12-13 15:00:30','com.etms.bookingcontroller.EmployeeController:159','INFO','New Booking',10000000414,'11589121','10066','48736817','192.168.1.97','63085','org.apache.tomcat.util.http.NamesEnumerator@3fe91f9','POST','200','Booking','menaka.k'),('http-apr-9191-exec-75','2017-12-13 15:01:48','com.etms.bookingcontroller.EmployeeController:159','INFO','New Booking',10000000415,'11667266','10066','48736818','192.168.1.97','63148','org.apache.tomcat.util.http.NamesEnumerator@3edcf99e','POST','200','Booking','menaka.k'),('http-apr-9191-exec-68','2017-12-13 15:02:56','com.etms.bookingcontroller.EmployeeController:159','INFO','New Booking',10000000416,'11735501','10066','48736819','192.168.1.97','63256','org.apache.tomcat.util.http.NamesEnumerator@42133e6b','POST','200','Booking','menaka.k'),('http-apr-9191-exec-76','2017-12-13 15:04:55','com.etms.bookingcontroller.EmployeeController:159','INFO','New Booking',10000000417,'11854754','10066','48736820','192.168.1.97','63376','org.apache.tomcat.util.http.NamesEnumerator@4491ac0e','POST','200','Booking','menaka.k'),('http-apr-9191-exec-71','2017-12-13 15:08:08','com.etms.bookingcontroller.EmployeeController:159','INFO','New Booking',10000000418,'12047046','10017','48736821','192.168.1.94','50109','org.apache.tomcat.util.http.NamesEnumerator@3c326024','POST','200','Booking','karthikeyan.e'),('http-apr-9191-exec-71','2017-12-13 15:10:23','com.etms.bookingcontroller.EmployeeController:159','INFO','New Booking',10000000419,'12182465','10017','48736822','192.168.1.94','50204','org.apache.tomcat.util.http.NamesEnumerator@7df329c6','POST','200','Booking','karthikeyan.e'),('http-apr-9191-exec-69','2017-12-13 15:11:50','com.etms.bookingcontroller.EmployeeController:159','INFO','New Booking',10000000420,'12269654','10017','48736823','192.168.1.94','50312','org.apache.tomcat.util.http.NamesEnumerator@79ebba95','POST','200','Booking','karthikeyan.e'),('http-apr-9191-exec-68','2017-12-13 15:13:20','com.etms.bookingcontroller.EmployeeController:159','INFO','New Booking',10000000421,'12359541','10017','48736824','192.168.1.94','50428','org.apache.tomcat.util.http.NamesEnumerator@4ef78290','POST','200','Booking','karthikeyan.e'),('http-apr-9191-exec-76','2017-12-13 15:22:25','com.etms.bookingcontroller.EmployeeController:159','INFO','New Booking',10000000422,'12904892','10017','48736825','192.168.1.94','51103','org.apache.tomcat.util.http.NamesEnumerator@68a0bf6d','POST','200','Booking','karthikeyan.e'),('http-apr-9191-exec-71','2017-12-13 15:23:39','com.etms.bookingcontroller.EmployeeController:159','INFO','New Booking',10000000423,'12978985','10017','48736826','192.168.1.94','51186','org.apache.tomcat.util.http.NamesEnumerator@1f08b5a8','POST','200','Booking','karthikeyan.e'),('http-apr-9191-exec-75','2017-12-13 15:23:48','com.etms.bookingcontroller.EmployeeController:159','INFO','New Booking',10000000424,'12987445','10066','48736827','192.168.1.97','63633','org.apache.tomcat.util.http.NamesEnumerator@77ed32c3','POST','200','Booking','menaka.k'),('http-apr-9191-exec-69','2017-12-13 15:25:12','com.etms.bookingcontroller.EmployeeController:159','INFO','New Booking',10000000425,'13071517','10017','48736828','192.168.1.94','51358','org.apache.tomcat.util.http.NamesEnumerator@4369243f','POST','200','Booking','karthikeyan.e'),('http-apr-9191-exec-70','2017-12-13 15:25:37','com.etms.bookingcontroller.EmployeeController:334','INFO','Cancel Booking',10000000426,'13096424','10066','48736827','192.168.1.97','63695','org.apache.tomcat.util.http.NamesEnumerator@2a800f5a','PUT','200','Booking','menaka.k'),('http-apr-9191-exec-77','2017-12-13 15:26:06','com.etms.bookingcontroller.EmployeeController:159','INFO','New Booking',10000000427,'13125608','10066','48736829','192.168.1.97','63760','org.apache.tomcat.util.http.NamesEnumerator@a498097','POST','200','Booking','menaka.k'),('http-apr-9191-exec-70','2017-12-13 15:27:18','com.etms.bookingcontroller.EmployeeController:159','INFO','New Booking',10000000428,'13197178','10017','48736830','192.168.1.94','51532','org.apache.tomcat.util.http.NamesEnumerator@24c3a4aa','POST','200','Booking','karthikeyan.e'),('http-apr-9191-exec-75','2017-12-13 15:34:07','com.etms.bookingcontroller.EmployeeController:159','INFO','New Booking',10000000429,'13606086','10017','48736831','192.168.1.94','51998','org.apache.tomcat.util.http.NamesEnumerator@10727585','POST','200','Booking','karthikeyan.e'),('http-apr-9191-exec-77','2017-12-13 15:34:32','com.etms.bookingcontroller.EmployeeController:159','INFO','New Booking',10000000430,'13632028','10017','48736832','192.168.1.94','51998','org.apache.tomcat.util.http.NamesEnumerator@79604dfb','POST','200','Booking','karthikeyan.e'),('http-apr-9191-exec-68','2017-12-13 15:34:33','com.etms.bookingcontroller.EmployeeController:159','INFO','New Booking',10000000431,'13632660','10066','48736833','192.168.1.97','64211','org.apache.tomcat.util.http.NamesEnumerator@1b11165f','POST','200','Booking','menaka.k'),('http-apr-9191-exec-73','2017-12-13 15:36:18','com.etms.bookingcontroller.EmployeeController:159','INFO','New Booking',10000000432,'13737776','10017','48736834','192.168.1.94','52036','org.apache.tomcat.util.http.NamesEnumerator@5b97986','POST','200','Booking','karthikeyan.e'),('http-apr-9191-exec-76','2017-12-13 15:36:57','com.etms.bookingcontroller.EmployeeController:159','INFO','New Booking',10000000433,'13776035','10017','48736835','192.168.1.94','52036','org.apache.tomcat.util.http.NamesEnumerator@66a1570d','POST','200','Booking','karthikeyan.e'),('http-apr-9191-exec-72','2017-12-13 15:38:43','com.etms.bookingcontroller.EmployeeController:159','INFO','New Booking',10000000434,'13882721','10062','48736836','192.168.1.76','64013','org.apache.tomcat.util.http.NamesEnumerator@161eb0ab','POST','200','Booking','anish.a'),('http-apr-9191-exec-73','2017-12-13 15:52:00','com.etms.bookingcontroller.EmployeeController:159','INFO','New Booking',10000000435,'14679970','10017','48736837','192.168.1.94','52267','org.apache.tomcat.util.http.NamesEnumerator@44038865','POST','200','Booking','karthikeyan.e'),('http-apr-9191-exec-77','2017-12-13 15:52:39','com.etms.bookingcontroller.EmployeeController:159','INFO','New Booking',10000000436,'14718342','10066','48736838','192.168.1.86','53291','org.apache.tomcat.util.http.NamesEnumerator@6da05aaa','POST','200','Booking','menaka.k'),('http-apr-9191-exec-72','2017-12-13 15:53:06','com.etms.bookingcontroller.EmployeeController:159','INFO','New Booking',10000000437,'14745268','10066','48736839','192.168.1.86','53354','org.apache.tomcat.util.http.NamesEnumerator@2ebc9929','POST','200','Booking','menaka.k'),('http-apr-9191-exec-73','2017-12-13 15:53:49','com.etms.bookingcontroller.EmployeeController:159','INFO','New Booking',10000000438,'14788835','10017','48736840','192.168.1.94','52290','org.apache.tomcat.util.http.NamesEnumerator@cbd6a6a','POST','200','Booking','karthikeyan.e'),('localhost-startStop-1','2017-12-13 16:28:17','com.etms.security.config.SimpleCorsFilter:47','INFO','Intializing the Filter',10000000439,'0','','','','','','','','',''),('http-apr-9191-exec-6','2017-12-13 16:29:09','com.etms.bookingcontroller.EmployeeController:159','INFO','New Booking',10000000440,'51891','10017','48736841','192.168.1.94','55124','org.apache.tomcat.util.http.NamesEnumerator@7ccf835d','POST','200','Booking','karthikeyan.e'),('localhost-startStop-1','2017-12-13 16:33:04','com.etms.security.config.SimpleCorsFilter:47','INFO','Intializing the Filter',10000000441,'0','','','','','','','','',''),('http-nio-9090-exec-5','2017-12-13 16:33:38','com.etms.bookingcontroller.HodController:174','INFO','HOD Rejected Booking',10000000442,'34214','10061','48736820','192.168.1.94','55229','org.apache.tomcat.util.http.NamesEnumerator@26d7ada7','PUT','200','','shivashankari.n'),('http-apr-9191-exec-3','2017-12-13 16:36:41','com.etms.bookingcontroller.EmployeeController:159','INFO','New Booking',10000000443,'504338','10066','48736842','192.168.1.86','57084','org.apache.tomcat.util.http.NamesEnumerator@3cde90c5','POST','200','Booking','menaka.k'),('http-nio-9090-exec-9','2017-12-13 16:37:25','com.etms.bookingcontroller.HodController:174','INFO','HOD Rejected Booking',10000000444,'261104','10061','48736829','192.168.1.94','55518','org.apache.tomcat.util.http.NamesEnumerator@7ac1e11a','PUT','200','','shivashankari.n'),('http-nio-9090-exec-3','2017-12-13 16:38:33','com.etms.bookingcontroller.HodController:174','INFO','HOD Rejected Booking',10000000445,'329424','10061','48736833','192.168.1.94','55518','org.apache.tomcat.util.http.NamesEnumerator@3a1c8feb','PUT','200','','shivashankari.n'),('http-apr-9191-exec-1','2017-12-13 16:38:49','com.etms.bookingcontroller.EmployeeController:159','INFO','New Booking',10000000446,'632315','10066','48736843','192.168.1.86','57353','org.apache.tomcat.util.http.NamesEnumerator@1a1bb30b','POST','200','Booking','menaka.k'),('http-apr-9191-exec-7','2017-12-13 16:42:16','com.etms.bookingcontroller.EmployeeController:159','INFO','New Booking',10000000447,'839550','10066','48736844','192.168.1.86','57716','org.apache.tomcat.util.http.NamesEnumerator@54ed5f20','POST','200','Booking','menaka.k'),('http-apr-9191-exec-2','2017-12-13 16:46:05','com.etms.bookingcontroller.EmployeeController:159','INFO','New Booking',10000000448,'1068409','10066','48736845','192.168.1.86','58124','org.apache.tomcat.util.http.NamesEnumerator@598b21f6','POST','200','Booking','menaka.k'),('http-apr-9191-exec-9','2017-12-13 17:02:09','com.etms.bookingcontroller.EmployeeController:159','INFO','New Booking',10000000449,'2032568','10066','48736846','192.168.1.86','59578','org.apache.tomcat.util.http.NamesEnumerator@12088a0b','POST','200','Booking','menaka.k'),('http-apr-9191-exec-8','2017-12-13 17:35:57','com.etms.bookingcontroller.EmployeeController:159','INFO','New Booking',10000000450,'4060488','10064','48736847','192.168.1.80','65158','org.apache.tomcat.util.http.NamesEnumerator@6a73f7c6','POST','200','Booking','arul.p'),('http-apr-9191-exec-6','2017-12-13 17:36:06','com.etms.bookingcontroller.EmployeeController:460','INFO','Update Booking',10000000451,'4069210','10064','48736847','192.168.1.80','65158','org.apache.tomcat.util.http.NamesEnumerator@5f73caa','PUT','200','Booking','arul.p'),('http-apr-9191-exec-7','2017-12-13 17:45:27','com.etms.bookingcontroller.EmployeeController:159','INFO','New Booking',10000000452,'4630867','10017','48736848','192.168.1.94','58624','org.apache.tomcat.util.http.NamesEnumerator@613cca17','POST','200','Booking','karthikeyan.e'),('http-apr-9191-exec-8','2017-12-13 17:45:35','com.etms.bookingcontroller.EmployeeController:159','INFO','New Booking',10000000453,'4638040','10064','48736849','192.168.1.80','65264','org.apache.tomcat.util.http.NamesEnumerator@3af9c8d7','POST','200','Booking','arul.p'),('http-apr-9191-exec-3','2017-12-13 18:09:13','com.etms.bookingcontroller.EmployeeController:159','INFO','New Booking',10000000454,'6056829','10066','48736850','192.168.1.94','58962','org.apache.tomcat.util.http.NamesEnumerator@718f3f1b','POST','200','Booking','menaka.k'),('http-apr-9191-exec-10','2017-12-13 18:10:21','com.etms.bookingcontroller.EmployeeController:159','INFO','New Booking',10000000455,'6124689','10017','48736851','192.168.1.94','58995','org.apache.tomcat.util.http.NamesEnumerator@2796c6b3','POST','200','Booking','karthikeyan.e'),('http-apr-9191-exec-10','2017-12-13 19:22:14','com.etms.bookingcontroller.EmployeeController:159','INFO','New Booking',10000000456,'10436927','10066','48736852','192.168.1.97','51668','org.apache.tomcat.util.http.NamesEnumerator@63a21211','POST','200','Booking','menaka.k'),('http-apr-9191-exec-4','2017-12-13 19:23:34','com.etms.bookingcontroller.EmployeeController:159','INFO','New Booking',10000000457,'10517062','10064','48736853','192.168.1.76','51735','org.apache.tomcat.util.http.NamesEnumerator@426f516a','POST','200','Booking','arul.p'),('http-apr-9191-exec-7','2017-12-13 19:23:38','com.etms.bookingcontroller.HodController:162','INFO','HOD Approved Booking',10000000458,'10521797','10061','48736852','192.168.1.97','51674','org.apache.tomcat.util.http.NamesEnumerator@498f3836','PUT','200','','shivashankari.n'),('http-apr-9191-exec-10','2017-12-13 19:25:02','com.etms.bookingcontroller.EmployeeController:159','INFO','New Booking',10000000459,'10605828','10061','48736854','192.168.1.97','51689','org.apache.tomcat.util.http.NamesEnumerator@147a83d9','POST','200','Booking','shivashankari.n'),('http-apr-9191-exec-8','2017-12-13 19:27:16','com.etms.bookingcontroller.HrController:195','INFO','HR Scheduled Booking',10000000460,'10739708','10003','48736852','192.168.1.97','51705','org.apache.tomcat.util.http.NamesEnumerator@71eed86','PUT','200','','subarna.p'),('http-apr-9191-exec-2','2017-12-13 19:27:21','com.etms.bookingcontroller.HrController:195','INFO','HR Scheduled Booking',10000000461,'10744755','10003','48736854','192.168.1.97','51705','org.apache.tomcat.util.http.NamesEnumerator@65c7c95a','PUT','200','','subarna.p'),('http-apr-9191-exec-5','2017-12-13 19:32:54','com.etms.bookingcontroller.OperatorController:126','INFO','Operator Confirmed Booking',10000000462,'11077398','200003','48736854','192.168.1.97','51754','org.apache.tomcat.util.http.NamesEnumerator@68548b0b','PUT','200','','lakshmi.k@cabopnow.com'),('http-apr-9191-exec-3','2017-12-13 19:33:05','com.etms.bookingcontroller.OperatorController:126','INFO','Operator Confirmed Booking',10000000463,'11088508','200003','48736852','192.168.1.97','51754','org.apache.tomcat.util.http.NamesEnumerator@2a1d869','PUT','200','','lakshmi.k@cabopnow.com'),('localhost-startStop-1','2017-12-14 11:02:02','com.etms.security.config.SimpleCorsFilter:47','INFO','Intializing the Filter',10000000464,'0','','','','','','','','',''),('http-apr-9191-exec-3','2017-12-14 12:23:32','com.etms.bookingcontroller.HodController:162','INFO','HOD Approved Booking',10000000465,'4889716','10061','48736759','192.168.1.97','63910','org.apache.tomcat.util.http.NamesEnumerator@4a5b2be6','PUT','200','','shivashankari.n'),('http-apr-9191-exec-8','2017-12-14 12:33:52','com.etms.bookingcontroller.HodController:162','INFO','HOD Approved Booking',10000000466,'5509765','10061','48736754','192.168.1.97','64109','org.apache.tomcat.util.http.NamesEnumerator@1d95cb34','PUT','200','','shivashankari.n'),('http-apr-9191-exec-7','2017-12-14 12:36:22','com.etms.bookingcontroller.HodController:162','INFO','HOD Approved Booking',10000000467,'5659964','10061','48736767','192.168.1.97','64330','org.apache.tomcat.util.http.NamesEnumerator@23f38293','PUT','200','','shivashankari.n'),('http-apr-9191-exec-10','2017-12-14 12:43:32','com.etms.bookingcontroller.EmployeeController:159','INFO','New Booking',10000000468,'6089709','10064','48736855','192.168.1.80','65464','org.apache.tomcat.util.http.NamesEnumerator@1cd100d8','POST','200','Booking','arul.p'),('http-apr-9191-exec-1','2017-12-14 12:45:06','com.etms.bookingcontroller.HodController:162','INFO','HOD Approved Booking',10000000469,'6183976','10061','48736750','192.168.1.97','64616','org.apache.tomcat.util.http.NamesEnumerator@4a29e067','PUT','200','','shivashankari.n'),('http-apr-9191-exec-8','2017-12-14 12:45:15','com.etms.bookingcontroller.HodController:162','INFO','HOD Approved Booking',10000000470,'6193149','10061','48736855','192.168.1.97','64616','org.apache.tomcat.util.http.NamesEnumerator@5b0bf286','PUT','200','','shivashankari.n'),('http-apr-9191-exec-5','2017-12-14 12:45:25','com.etms.bookingcontroller.HodController:162','INFO','HOD Approved Booking',10000000471,'6202307','10061','48736760','192.168.1.97','64616','org.apache.tomcat.util.http.NamesEnumerator@4e8c20fd','PUT','200','','shivashankari.n'),('http-apr-9191-exec-5','2017-12-14 12:45:34','com.etms.bookingcontroller.HodController:162','INFO','HOD Approved Booking',10000000472,'6211486','10061','48736748','192.168.1.97','64616','org.apache.tomcat.util.http.NamesEnumerator@390c542','PUT','200','','shivashankari.n'),('http-apr-9191-exec-7','2017-12-14 12:45:43','com.etms.bookingcontroller.HodController:162','INFO','HOD Approved Booking',10000000473,'6220644','10061','48736768','192.168.1.97','64616','org.apache.tomcat.util.http.NamesEnumerator@5f018de4','PUT','200','','shivashankari.n'),('http-apr-9191-exec-10','2017-12-14 12:45:52','com.etms.bookingcontroller.HodController:162','INFO','HOD Approved Booking',10000000474,'6229786','10061','48736771','192.168.1.97','64616','org.apache.tomcat.util.http.NamesEnumerator@78ec5daa','PUT','200','','shivashankari.n'),('http-apr-9191-exec-3','2017-12-14 12:46:01','com.etms.bookingcontroller.HodController:162','INFO','HOD Approved Booking',10000000475,'6238928','10061','48736772','192.168.1.97','64616','org.apache.tomcat.util.http.NamesEnumerator@42eb7148','PUT','200','','shivashankari.n'),('http-apr-9191-exec-9','2017-12-14 12:46:10','com.etms.bookingcontroller.HodController:162','INFO','HOD Approved Booking',10000000476,'6248101','10061','48736755','192.168.1.97','64616','org.apache.tomcat.util.http.NamesEnumerator@6202af81','PUT','200','','shivashankari.n'),('http-apr-9191-exec-6','2017-12-14 12:46:20','com.etms.bookingcontroller.HodController:162','INFO','HOD Approved Booking',10000000477,'6257305','10061','48736769','192.168.1.97','64616','org.apache.tomcat.util.http.NamesEnumerator@19aab8a4','PUT','200','','shivashankari.n'),('http-apr-9191-exec-4','2017-12-14 12:46:29','com.etms.bookingcontroller.HodController:162','INFO','HOD Approved Booking',10000000478,'6266432','10061','48736773','192.168.1.97','64616','org.apache.tomcat.util.http.NamesEnumerator@1c379bda','PUT','200','','shivashankari.n'),('http-apr-9191-exec-5','2017-12-14 14:10:36','com.etms.bookingcontroller.HodController:162','INFO','HOD Approved Booking',10000000479,'11313485','10061','48736776','192.168.1.97','49973','org.apache.tomcat.util.http.NamesEnumerator@610c2cd5','PUT','200','','shivashankari.n'),('http-apr-9191-exec-3','2017-12-14 14:29:36','com.etms.bookingcontroller.HodController:162','INFO','HOD Approved Booking',10000000480,'12453921','10061','48736778','192.168.1.97','50524','org.apache.tomcat.util.http.NamesEnumerator@45a62ab2','PUT','200','','shivashankari.n'),('http-apr-9191-exec-7','2017-12-14 14:29:45','com.etms.bookingcontroller.HodController:162','INFO','HOD Approved Booking',10000000481,'12463141','10061','48736781','192.168.1.97','50524','org.apache.tomcat.util.http.NamesEnumerator@48c183f9','PUT','200','','shivashankari.n'),('http-apr-9191-exec-1','2017-12-14 14:29:55','com.etms.bookingcontroller.HodController:162','INFO','HOD Approved Booking',10000000482,'12472298','10061','48736770','192.168.1.97','50524','org.apache.tomcat.util.http.NamesEnumerator@104de842','PUT','200','','shivashankari.n'),('http-apr-9191-exec-8','2017-12-14 14:30:04','com.etms.bookingcontroller.HodController:162','INFO','HOD Approved Booking',10000000483,'12481439','10061','48736756','192.168.1.97','50524','org.apache.tomcat.util.http.NamesEnumerator@301f3365','PUT','200','','shivashankari.n'),('http-apr-9191-exec-4','2017-12-14 14:36:22','com.etms.bookingcontroller.HodController:162','INFO','HOD Approved Booking',10000000484,'12859246','10061','48736778','192.168.1.86','61254','org.apache.tomcat.util.http.NamesEnumerator@4f1900cc','PUT','200','','shivashankari.n'),('http-apr-9191-exec-2','2017-12-14 14:40:59','com.etms.bookingcontroller.EmployeeController:159','INFO','New Booking',10000000485,'13136745','10066','48736856','192.168.1.85','11111','org.apache.tomcat.util.http.NamesEnumerator@22dad04d','POST','200','Booking','menaka.k'),('http-apr-9191-exec-3','2017-12-14 14:47:20','com.etms.bookingcontroller.EmployeeController:159','INFO','New Booking',10000000486,'13517516','10064','48736857','192.168.1.80','59126','org.apache.tomcat.util.http.NamesEnumerator@4ada8ee5','POST','200','Booking','arul.p'),('http-apr-9191-exec-2','2017-12-14 14:53:12','com.etms.bookingcontroller.HodController:162','INFO','HOD Approved Booking',10000000487,'13869400','10061','48736856','192.168.1.86','61526','org.apache.tomcat.util.http.NamesEnumerator@5426b93f','PUT','200','','shivashankari.n'),('http-apr-9191-exec-8','2017-12-14 14:53:23','com.etms.bookingcontroller.EmployeeController:159','INFO','New Booking',10000000488,'13880930','10064','48736858','192.168.1.80','59179','org.apache.tomcat.util.http.NamesEnumerator@483eceee','POST','200','Booking','arul.p'),('http-apr-9191-exec-7','2017-12-14 14:53:40','com.etms.bookingcontroller.HodController:162','INFO','HOD Approved Booking',10000000489,'13897380','10061','48736857','192.168.1.86','61527','org.apache.tomcat.util.http.NamesEnumerator@2844a448','PUT','200','','shivashankari.n'),('http-apr-9191-exec-2','2017-12-14 14:54:50','com.etms.bookingcontroller.HodController:162','INFO','HOD Approved Booking',10000000490,'13968172','10061','48736858','192.168.1.86','61529','org.apache.tomcat.util.http.NamesEnumerator@76c538ff','PUT','200','','shivashankari.n'),('http-apr-9191-exec-4','2017-12-14 14:57:49','com.etms.bookingcontroller.EmployeeController:159','INFO','New Booking',10000000491,'14147066','10064','48736859','192.168.1.80','59278','org.apache.tomcat.util.http.NamesEnumerator@1cfbf5f7','POST','200','Booking','arul.p'),('http-apr-9191-exec-9','2017-12-14 14:58:22','com.etms.bookingcontroller.HodController:162','INFO','HOD Approved Booking',10000000492,'14179389','10061','48736751','192.168.1.86','61625','org.apache.tomcat.util.http.NamesEnumerator@ae0f5a7','PUT','200','','shivashankari.n'),('http-apr-9191-exec-2','2017-12-14 14:59:59','com.etms.bookingcontroller.EmployeeController:159','INFO','New Booking',10000000493,'14276287','10064','48736860','192.168.1.80','59282','org.apache.tomcat.util.http.NamesEnumerator@3b1439e0','POST','200','Booking','arul.p'),('http-apr-9191-exec-10','2017-12-14 15:00:19','com.etms.bookingcontroller.HodController:162','INFO','HOD Approved Booking',10000000494,'14296945','10061','48736859','192.168.1.85','13786','org.apache.tomcat.util.http.NamesEnumerator@6a99be2c','PUT','200','','shivashankari.n'),('http-apr-9191-exec-10','2017-12-14 15:01:37','com.etms.bookingcontroller.HodController:162','INFO','HOD Approved Booking',10000000495,'14374400','10061','48736860','192.168.1.86','61692','org.apache.tomcat.util.http.NamesEnumerator@1a616fbb','PUT','200','','shivashankari.n'),('http-apr-9191-exec-2','2017-12-14 15:03:28','com.etms.bookingcontroller.HodController:162','INFO','HOD Approved Booking',10000000496,'14485346','10061','48736774','192.168.1.85','14102','org.apache.tomcat.util.http.NamesEnumerator@3e5fb5af','PUT','200','','shivashankari.n'),('http-apr-9191-exec-6','2017-12-14 15:04:14','com.etms.bookingcontroller.EmployeeController:159','INFO','New Booking',10000000497,'14531545','10064','48736861','192.168.1.80','59301','org.apache.tomcat.util.http.NamesEnumerator@26cd1415','POST','200','Booking','arul.p'),('http-apr-9191-exec-4','2017-12-14 15:04:48','com.etms.bookingcontroller.HodController:162','INFO','HOD Approved Booking',10000000498,'14565400','10061','48736752','192.168.1.86','61738','org.apache.tomcat.util.http.NamesEnumerator@30eeb6bd','PUT','200','','shivashankari.n'),('http-apr-9191-exec-5','2017-12-14 15:05:54','com.etms.bookingcontroller.HodController:162','INFO','HOD Approved Booking',10000000499,'14631857','10061','48736861','192.168.1.85','14154','org.apache.tomcat.util.http.NamesEnumerator@58f26258','PUT','200','','shivashankari.n'),('http-apr-9191-exec-3','2017-12-14 15:06:58','com.etms.bookingcontroller.EmployeeController:159','INFO','New Booking',10000000500,'14695619','10064','48736862','192.168.1.80','59427','org.apache.tomcat.util.http.NamesEnumerator@76d1902d','POST','200','Booking','arul.p'),('http-apr-9191-exec-10','2017-12-14 15:09:03','com.etms.bookingcontroller.HodController:162','INFO','HOD Approved Booking',10000000501,'14820368','10061','48736862','192.168.1.85','14494','org.apache.tomcat.util.http.NamesEnumerator@163e001c','PUT','200','','shivashankari.n'),('http-apr-9191-exec-4','2017-12-14 15:09:33','com.etms.bookingcontroller.HodController:162','INFO','HOD Approved Booking',10000000502,'14850382','10061','48736862','192.168.1.86','61768','org.apache.tomcat.util.http.NamesEnumerator@995a939','PUT','200','','shivashankari.n'),('http-apr-9191-exec-5','2017-12-14 15:12:29','com.etms.bookingcontroller.HodController:162','INFO','HOD Approved Booking',10000000503,'15026733','10061','48736780','192.168.1.85','15051','org.apache.tomcat.util.http.NamesEnumerator@72b0a3a8','PUT','200','','shivashankari.n'),('http-apr-9191-exec-1','2017-12-14 15:13:10','com.etms.bookingcontroller.HodController:162','INFO','HOD Approved Booking',10000000504,'15067473','10061','48736777','192.168.1.86','61795','org.apache.tomcat.util.http.NamesEnumerator@5c993331','PUT','200','','shivashankari.n'),('http-apr-9191-exec-6','2017-12-14 15:15:48','com.etms.bookingcontroller.HodController:162','INFO','HOD Approved Booking',10000000505,'15225369','10061','48736779','192.168.1.86','61831','org.apache.tomcat.util.http.NamesEnumerator@a0aa70f','PUT','200','','shivashankari.n'),('http-apr-9191-exec-10','2017-12-14 15:19:31','com.etms.bookingcontroller.HodController:162','INFO','HOD Approved Booking',10000000506,'15448382','10061','48736782','192.168.1.86','61855','org.apache.tomcat.util.http.NamesEnumerator@343f2f61','PUT','200','','shivashankari.n'),('http-apr-9191-exec-6','2017-12-14 15:19:39','com.etms.bookingcontroller.HrController:195','INFO','HR Scheduled Booking',10000000507,'15456883','10003','48736760','192.168.1.97','51401','org.apache.tomcat.util.http.NamesEnumerator@45840658','PUT','200','','subarna.p'),('http-apr-9191-exec-5','2017-12-14 15:20:41','com.etms.bookingcontroller.HrController:195','INFO','HR Scheduled Booking',10000000508,'15518561','10003','48736856','192.168.1.97','51477','org.apache.tomcat.util.http.NamesEnumerator@305dcaf8','PUT','200','','subarna.p'),('http-apr-9191-exec-8','2017-12-14 15:22:43','com.etms.bookingcontroller.HodController:162','INFO','HOD Approved Booking',10000000509,'15640467','10061','48736766','192.168.1.86','61906','org.apache.tomcat.util.http.NamesEnumerator@17810202','PUT','200','','shivashankari.n'),('http-apr-9191-exec-4','2017-12-14 15:23:22','com.etms.bookingcontroller.HrController:195','INFO','HR Scheduled Booking',10000000510,'15680063','10003','48736856','192.168.1.85','16028','org.apache.tomcat.util.http.NamesEnumerator@67b4360e','PUT','200','','subarna.p'),('http-apr-9191-exec-8','2017-12-14 15:25:34','com.etms.bookingcontroller.HodController:162','INFO','HOD Approved Booking',10000000511,'15811546','10061','48736765','192.168.1.86','61932','org.apache.tomcat.util.http.NamesEnumerator@610f7ecb','PUT','200','','shivashankari.n'),('http-apr-9191-exec-8','2017-12-14 15:27:20','com.etms.bookingcontroller.HrController:195','INFO','HR Scheduled Booking',10000000512,'15917733','10003','48736857','192.168.1.85','16314','org.apache.tomcat.util.http.NamesEnumerator@6983131b','PUT','200','','subarna.p'),('http-apr-9191-exec-5','2017-12-14 15:27:52','com.etms.bookingcontroller.EmployeeController:159','INFO','New Booking',10000000513,'15950116','10064','48736863','192.168.1.80','61014','org.apache.tomcat.util.http.NamesEnumerator@42cac09b','POST','200','Booking','arul.p'),('http-apr-9191-exec-2','2017-12-14 15:28:32','com.etms.bookingcontroller.HrController:195','INFO','HR Scheduled Booking',10000000514,'15989716','10003','48736858','192.168.1.97','51809','org.apache.tomcat.util.http.NamesEnumerator@5dfda6b5','PUT','200','','subarna.p'),('http-apr-9191-exec-7','2017-12-14 15:28:40','com.etms.bookingcontroller.HrController:195','INFO','HR Scheduled Booking',10000000515,'15997279','10003','48736858','192.168.1.85','16420','org.apache.tomcat.util.http.NamesEnumerator@6a8f813d','PUT','200','','subarna.p'),('http-apr-9191-exec-1','2017-12-14 15:28:41','com.etms.bookingcontroller.HrController:195','INFO','HR Scheduled Booking',10000000516,'15999014','10003','48736859','192.168.1.97','51809','org.apache.tomcat.util.http.NamesEnumerator@2690621c','PUT','200','','subarna.p'),('http-apr-9191-exec-2','2017-12-14 15:28:51','com.etms.bookingcontroller.HrController:195','INFO','HR Scheduled Booking',10000000517,'16008280','10003','48736860','192.168.1.97','51809','org.apache.tomcat.util.http.NamesEnumerator@703f6832','PUT','200','','subarna.p'),('http-apr-9191-exec-3','2017-12-14 15:29:00','com.etms.bookingcontroller.HrController:195','INFO','HR Scheduled Booking',10000000518,'16017531','10003','48736861','192.168.1.97','51809','org.apache.tomcat.util.http.NamesEnumerator@6da5e3ef','PUT','200','','subarna.p'),('http-apr-9191-exec-10','2017-12-14 15:29:09','com.etms.bookingcontroller.HrController:195','INFO','HR Scheduled Booking',10000000519,'16026730','10003','48736862','192.168.1.97','51809','org.apache.tomcat.util.http.NamesEnumerator@3eb63875','PUT','200','','subarna.p'),('http-apr-9191-exec-8','2017-12-14 15:29:18','com.etms.bookingcontroller.HrController:195','INFO','HR Scheduled Booking',10000000520,'16035947','10003','48736748','192.168.1.97','51809','org.apache.tomcat.util.http.NamesEnumerator@3280606','PUT','200','','subarna.p'),('http-apr-9191-exec-10','2017-12-14 15:29:27','com.etms.bookingcontroller.HrController:195','INFO','HR Scheduled Booking',10000000521,'16045183','10003','48736768','192.168.1.97','51809','org.apache.tomcat.util.http.NamesEnumerator@63e03e70','PUT','200','','subarna.p'),('http-apr-9191-exec-9','2017-12-14 15:31:17','com.etms.bookingcontroller.HrController:195','INFO','HR Scheduled Booking',10000000522,'16155047','10003','48736771','192.168.1.97','52011','org.apache.tomcat.util.http.NamesEnumerator@34f0faa5','PUT','200','','subarna.p'),('http-apr-9191-exec-5','2017-12-14 15:31:27','com.etms.bookingcontroller.HrController:195','INFO','HR Scheduled Booking',10000000523,'16164313','10003','48736772','192.168.1.97','52011','org.apache.tomcat.util.http.NamesEnumerator@6b7f9600','PUT','200','','subarna.p'),('http-apr-9191-exec-4','2017-12-14 15:31:36','com.etms.bookingcontroller.HrController:195','INFO','HR Scheduled Booking',10000000524,'16173548','10003','48736755','192.168.1.97','52011','org.apache.tomcat.util.http.NamesEnumerator@6f908511','PUT','200','','subarna.p'),('http-apr-9191-exec-8','2017-12-14 15:31:45','com.etms.bookingcontroller.HrController:195','INFO','HR Scheduled Booking',10000000525,'16182768','10003','48736769','192.168.1.97','52011','org.apache.tomcat.util.http.NamesEnumerator@3b2d21ef','PUT','200','','subarna.p'),('http-apr-9191-exec-3','2017-12-14 15:31:54','com.etms.bookingcontroller.HrController:195','INFO','HR Scheduled Booking',10000000526,'16191978','10003','48736773','192.168.1.97','52011','org.apache.tomcat.util.http.NamesEnumerator@53e9974a','PUT','200','','subarna.p'),('http-apr-9191-exec-1','2017-12-14 15:31:59','com.etms.bookingcontroller.HrController:195','INFO','HR Scheduled Booking',10000000527,'16197212','10003','48736769','192.168.1.85','16529','org.apache.tomcat.util.http.NamesEnumerator@59ee2e53','PUT','200','','subarna.p'),('http-apr-9191-exec-7','2017-12-14 15:35:59','com.etms.bookingcontroller.HodController:162','INFO','HOD Approved Booking',10000000528,'16436371','10061','48736863','192.168.1.86','62327','org.apache.tomcat.util.http.NamesEnumerator@6b728f1d','PUT','200','','shivashankari.n'),('http-apr-9191-exec-10','2017-12-14 15:38:34','com.etms.bookingcontroller.OperatorController:126','INFO','Operator Confirmed Booking',10000000529,'16592028','200003','48736771','192.168.1.85','16777','org.apache.tomcat.util.http.NamesEnumerator@18c6ae81','PUT','200','','lakshmi.k@cabopnow.com'),('http-apr-9191-exec-6','2017-12-14 15:39:24','com.etms.bookingcontroller.OperatorController:126','INFO','Operator Confirmed Booking',10000000530,'16642187','200003','48736772','192.168.1.85','16847','org.apache.tomcat.util.http.NamesEnumerator@442018c3','PUT','200','','lakshmi.k@cabopnow.com'),('http-apr-9191-exec-10','2017-12-14 15:42:42','com.etms.bookingcontroller.HodController:162','INFO','HOD Approved Booking',10000000531,'16839432','10061','48736764','192.168.1.85','16970','org.apache.tomcat.util.http.NamesEnumerator@42709fd1','PUT','200','','shivashankari.n'),('http-apr-9191-exec-6','2017-12-14 15:56:32','com.etms.bookingcontroller.HodController:162','INFO','HOD Approved Booking',10000000532,'17669376','10061','48736783','192.168.1.86','62855','org.apache.tomcat.util.http.NamesEnumerator@3390f2da','PUT','200','','shivashankari.n'),('http-apr-9191-exec-5','2017-12-14 15:57:39','com.etms.bookingcontroller.HodController:162','INFO','HOD Approved Booking',10000000533,'17737214','10061','48736763','192.168.1.86','62885','org.apache.tomcat.util.http.NamesEnumerator@7122a1d7','PUT','200','','shivashankari.n'),('http-apr-9191-exec-5','2017-12-14 16:01:24','com.etms.bookingcontroller.EmployeeController:159','INFO','New Booking',10000000534,'17961710','10064','48736864','192.168.1.80','61212','org.apache.tomcat.util.http.NamesEnumerator@5996c39e','POST','200','Booking','arul.p'),('http-apr-9191-exec-8','2017-12-14 16:03:03','com.etms.bookingcontroller.HodController:162','INFO','HOD Approved Booking',10000000535,'18060453','10061','48736864','192.168.1.86','62921','org.apache.tomcat.util.http.NamesEnumerator@124a3b2e','PUT','200','','shivashankari.n'),('http-apr-9191-exec-1','2017-12-14 16:04:36','com.etms.bookingcontroller.HodController:162','INFO','HOD Approved Booking',10000000536,'18153981','10061','48736762','192.168.1.86','62950','org.apache.tomcat.util.http.NamesEnumerator@36ceec5f','PUT','200','','shivashankari.n'),('http-apr-9191-exec-5','2017-12-14 16:05:26','com.etms.bookingcontroller.EmployeeController:159','INFO','New Booking',10000000537,'18203954','10064','48736865','192.168.1.89','63719','org.apache.tomcat.util.http.NamesEnumerator@2830ed19','POST','200','Booking','arul.p'),('http-apr-9191-exec-8','2017-12-14 16:10:21','com.etms.bookingcontroller.EmployeeController:159','INFO','New Booking',10000000538,'18498468','10064','48736866','192.168.1.80','61469','org.apache.tomcat.util.http.NamesEnumerator@9e00462','POST','200','Booking','arul.p'),('http-apr-9191-exec-4','2017-12-14 16:19:51','com.etms.bookingcontroller.EmployeeController:159','INFO','New Booking',10000000539,'19068343','10064','48736867','192.168.1.80','61601','org.apache.tomcat.util.http.NamesEnumerator@4ab92b87','POST','200','Booking','arul.p'),('http-apr-9191-exec-10','2017-12-14 16:27:34','com.etms.bookingcontroller.HodController:162','INFO','HOD Approved Booking',10000000540,'19532053','10061','48736865','192.168.1.86','63015','org.apache.tomcat.util.http.NamesEnumerator@10d893e4','PUT','200','','shivashankari.n'),('http-apr-9191-exec-5','2017-12-14 16:31:22','com.etms.bookingcontroller.HodController:162','INFO','HOD Approved Booking',10000000541,'19759378','10061','48736866','192.168.1.86','63167','org.apache.tomcat.util.http.NamesEnumerator@504fccc4','PUT','200','','shivashankari.n'),('http-apr-9191-exec-3','2017-12-14 16:33:35','com.etms.bookingcontroller.EmployeeController:159','INFO','New Booking',10000000542,'19892374','10064','48736868','192.168.1.80','61687','org.apache.tomcat.util.http.NamesEnumerator@2c961e1e','POST','200','Booking','arul.p'),('http-apr-9191-exec-3','2017-12-14 16:35:00','com.etms.bookingcontroller.HodController:162','INFO','HOD Approved Booking',10000000543,'19977389','10061','48736867','192.168.1.86','63196','org.apache.tomcat.util.http.NamesEnumerator@5705cb02','PUT','200','','shivashankari.n'),('http-apr-9191-exec-1','2017-12-14 16:37:31','com.etms.bookingcontroller.HodController:162','INFO','HOD Approved Booking',10000000544,'20128402','10061','48736868','192.168.1.86','63263','org.apache.tomcat.util.http.NamesEnumerator@667c15e5','PUT','200','','shivashankari.n'),('http-apr-9191-exec-8','2017-12-14 16:40:04','com.etms.bookingcontroller.EmployeeController:159','INFO','New Booking',10000000545,'20281517','10066','48736869','192.168.1.86','63292','org.apache.tomcat.util.http.NamesEnumerator@1eb06216','POST','200','Booking','menaka.k'),('http-apr-9191-exec-5','2017-12-14 16:40:20','com.etms.bookingcontroller.EmployeeController:159','INFO','New Booking',10000000546,'20297811','10066','48736870','192.168.1.86','63299','org.apache.tomcat.util.http.NamesEnumerator@3f4414ec','POST','200','Booking','menaka.k'),('http-apr-9191-exec-2','2017-12-14 16:40:37','com.etms.bookingcontroller.HodController:162','INFO','HOD Approved Booking',10000000547,'20314531','10061','48736869','192.168.1.85','17555','org.apache.tomcat.util.http.NamesEnumerator@5e6f1015','PUT','200','','shivashankari.n'),('http-apr-9191-exec-3','2017-12-14 16:41:12','com.etms.bookingcontroller.HodController:162','INFO','HOD Approved Booking',10000000548,'20349522','10061','48736870','192.168.1.86','63325','org.apache.tomcat.util.http.NamesEnumerator@511f1260','PUT','200','','shivashankari.n'),('http-apr-9191-exec-1','2017-12-14 16:42:33','com.etms.bookingcontroller.EmployeeController:159','INFO','New Booking',10000000549,'20430695','10064','48736871','192.168.1.80','61742','org.apache.tomcat.util.http.NamesEnumerator@1c9f9eb','POST','200','Booking','arul.p'),('http-apr-9191-exec-3','2017-12-14 16:43:23','com.etms.bookingcontroller.EmployeeController:159','INFO','New Booking',10000000550,'20480416','10066','48736872','192.168.1.86','63381','org.apache.tomcat.util.http.NamesEnumerator@67af095b','POST','200','Booking','menaka.k'),('http-apr-9191-exec-6','2017-12-14 16:44:06','com.etms.bookingcontroller.EmployeeController:159','INFO','New Booking',10000000551,'20524076','10066','48736873','192.168.1.86','63386','org.apache.tomcat.util.http.NamesEnumerator@7c312a53','POST','200','Booking','menaka.k'),('http-apr-9191-exec-10','2017-12-14 16:44:52','com.etms.bookingcontroller.HodController:162','INFO','HOD Approved Booking',10000000552,'20570088','10061','48736871','192.168.1.86','63421','org.apache.tomcat.util.http.NamesEnumerator@4809e26','PUT','200','','shivashankari.n'),('http-apr-9191-exec-1','2017-12-14 16:45:10','com.etms.bookingcontroller.EmployeeController:159','INFO','New Booking',10000000553,'20587401','10064','48736874','192.168.1.80','61847','org.apache.tomcat.util.http.NamesEnumerator@360bb36e','POST','200','Booking','arul.p'),('http-apr-9191-exec-5','2017-12-14 16:46:39','com.etms.bookingcontroller.HodController:162','INFO','HOD Approved Booking',10000000554,'20676310','10061','48736872','192.168.1.86','63482','org.apache.tomcat.util.http.NamesEnumerator@7c5b8772','PUT','200','','shivashankari.n'),('http-apr-9191-exec-3','2017-12-14 16:47:17','com.etms.bookingcontroller.HodController:162','INFO','HOD Approved Booking',10000000555,'20714420','10061','48736873','192.168.1.85','17701','org.apache.tomcat.util.http.NamesEnumerator@371c5f1b','PUT','200','','shivashankari.n'),('http-apr-9191-exec-9','2017-12-14 16:48:31','com.etms.bookingcontroller.HodController:162','INFO','HOD Approved Booking',10000000556,'20788389','10061','48736874','192.168.1.86','63511','org.apache.tomcat.util.http.NamesEnumerator@4e4fe58b','PUT','200','','shivashankari.n'),('http-apr-9191-exec-7','2017-12-14 17:06:47','com.etms.bookingcontroller.HrController:195','INFO','HR Scheduled Booking',10000000557,'21884525','10003','48736864','192.168.1.86','63931','org.apache.tomcat.util.http.NamesEnumerator@3b60faf2','PUT','200','','subarna.p'),('http-apr-9191-exec-6','2017-12-14 17:09:37','com.etms.bookingcontroller.HrController:195','INFO','HR Scheduled Booking',10000000558,'22055135','10003','48736865','192.168.1.86','64000','org.apache.tomcat.util.http.NamesEnumerator@80c0bcb','PUT','200','','subarna.p'),('http-apr-9191-exec-9','2017-12-14 17:12:58','com.etms.bookingcontroller.OperatorController:126','INFO','Operator Confirmed Booking',10000000559,'22256176','200003','48736755','192.168.1.97','52631','org.apache.tomcat.util.http.NamesEnumerator@27a9e6bd','PUT','200','','lakshmi.k@cabopnow.com'),('http-apr-9191-exec-7','2017-12-14 17:13:08','com.etms.bookingcontroller.OperatorController:126','INFO','Operator Confirmed Booking',10000000560,'22265505','200003','48736769','192.168.1.97','52631','org.apache.tomcat.util.http.NamesEnumerator@1157caaf','PUT','200','','lakshmi.k@cabopnow.com'),('http-apr-9191-exec-1','2017-12-14 17:13:17','com.etms.bookingcontroller.OperatorController:126','INFO','Operator Confirmed Booking',10000000561,'22274848','200003','48736773','192.168.1.97','52631','org.apache.tomcat.util.http.NamesEnumerator@7a02a679','PUT','200','','lakshmi.k@cabopnow.com'),('http-apr-9191-exec-4','2017-12-14 17:18:53','com.etms.bookingcontroller.HrController:195','INFO','HR Scheduled Booking',10000000562,'22611032','10003','48736866','192.168.1.86','64523','org.apache.tomcat.util.http.NamesEnumerator@253e3f0a','PUT','200','','subarna.p'),('http-apr-9191-exec-4','2017-12-14 17:24:48','com.etms.bookingcontroller.HrController:195','INFO','HR Scheduled Booking',10000000563,'22965651','10003','48736867','192.168.1.86','64559','org.apache.tomcat.util.http.NamesEnumerator@6cc3d4ec','PUT','200','','subarna.p'),('http-apr-9191-exec-3','2017-12-14 17:25:53','com.etms.bookingcontroller.HrController:195','INFO','HR Scheduled Booking',10000000564,'23030663','10003','48736868','192.168.1.86','64589','org.apache.tomcat.util.http.NamesEnumerator@2220d03','PUT','200','','subarna.p'),('http-apr-9191-exec-6','2017-12-14 17:29:35','com.etms.bookingcontroller.EmployeeController:159','INFO','New Booking',10000000565,'23253089','10062','48736875','192.168.1.76','53384','org.apache.tomcat.util.http.NamesEnumerator@50d869f1','POST','200','Booking','anish.a'),('http-apr-9191-exec-5','2017-12-14 17:29:35','com.etms.bookingcontroller.HrController:195','INFO','HR Scheduled Booking',10000000566,'23253120','10003','48736869','192.168.1.86','64660','org.apache.tomcat.util.http.NamesEnumerator@cbbb6c3','PUT','200','','subarna.p'),('http-apr-9191-exec-2','2017-12-14 17:31:02','com.etms.bookingcontroller.HrController:195','INFO','HR Scheduled Booking',10000000567,'23340158','10003','48736870','192.168.1.86','64690','org.apache.tomcat.util.http.NamesEnumerator@3735d9a5','PUT','200','','subarna.p'),('http-apr-9191-exec-5','2017-12-14 17:32:31','com.etms.bookingcontroller.HrController:195','INFO','HR Scheduled Booking',10000000568,'23428347','10003','48736871','192.168.1.86','64746','org.apache.tomcat.util.http.NamesEnumerator@2d422e0b','PUT','200','','subarna.p'),('http-apr-9191-exec-9','2017-12-14 17:33:27','com.etms.bookingcontroller.HrController:195','INFO','HR Scheduled Booking',10000000569,'23484690','10003','48736872','192.168.1.86','64779','org.apache.tomcat.util.http.NamesEnumerator@4399b2cc','PUT','200','','subarna.p'),('http-apr-9191-exec-9','2017-12-14 17:36:17','com.etms.bookingcontroller.HrController:195','INFO','HR Scheduled Booking',10000000570,'23654475','10003','48736873','192.168.1.86','64835','org.apache.tomcat.util.http.NamesEnumerator@2b99c2ec','PUT','200','','subarna.p'),('http-apr-9191-exec-4','2017-12-14 17:36:36','com.etms.bookingcontroller.EmployeeController:159','INFO','New Booking',10000000571,'23673591','10066','48736876','192.168.1.85','20467','org.apache.tomcat.util.http.NamesEnumerator@38f42fd2','POST','200','Booking','menaka.k'),('http-apr-9191-exec-6','2017-12-14 17:37:25','com.etms.bookingcontroller.EmployeeController:159','INFO','New Booking',10000000572,'23722384','10062','48736877','192.168.1.76','54129','org.apache.tomcat.util.http.NamesEnumerator@2ddc092b','POST','200','Booking','anish.a'),('http-apr-9191-exec-2','2017-12-14 17:37:54','com.etms.bookingcontroller.EmployeeController:159','INFO','New Booking',10000000573,'23751780','10062','48736878','192.168.1.76','54258','org.apache.tomcat.util.http.NamesEnumerator@bb9e7f4','POST','200','Booking','anish.a'),('http-apr-9191-exec-7','2017-12-14 17:38:17','com.etms.bookingcontroller.EmployeeController:159','INFO','New Booking',10000000574,'23775088','10062','48736879','192.168.1.76','54379','org.apache.tomcat.util.http.NamesEnumerator@3453d60b','POST','200','Booking','anish.a'),('http-apr-9191-exec-6','2017-12-14 17:40:40','com.etms.bookingcontroller.HodController:162','INFO','HOD Approved Booking',10000000575,'23917956','10061','48736875','192.168.1.85','20653','org.apache.tomcat.util.http.NamesEnumerator@2264a0a4','PUT','200','','shivashankari.n'),('http-apr-9191-exec-1','2017-12-14 17:44:40','com.etms.bookingcontroller.EmployeeController:159','INFO','New Booking',10000000576,'24157399','10066','48736880','192.168.1.97','53027','org.apache.tomcat.util.http.NamesEnumerator@3455e3dc','POST','200','Booking','menaka.k'),('http-apr-9191-exec-2','2017-12-14 17:46:56','com.etms.bookingcontroller.HrController:195','INFO','HR Scheduled Booking',10000000577,'24294008','10003','48736874','192.168.1.86','65124','org.apache.tomcat.util.http.NamesEnumerator@48f564bc','PUT','200','','subarna.p'),('http-apr-9191-exec-9','2017-12-14 17:47:04','com.etms.bookingcontroller.HodController:162','INFO','HOD Approved Booking',10000000578,'24301310','10061','48736877','192.168.1.97','53132','org.apache.tomcat.util.http.NamesEnumerator@6147c644','PUT','200','','shivashankari.n'),('http-apr-9191-exec-10','2017-12-14 17:47:13','com.etms.bookingcontroller.HodController:162','INFO','HOD Approved Booking',10000000579,'24310494','10061','48736878','192.168.1.97','53132','org.apache.tomcat.util.http.NamesEnumerator@5aab0496','PUT','200','','shivashankari.n'),('http-apr-9191-exec-7','2017-12-14 17:47:22','com.etms.bookingcontroller.HodController:162','INFO','HOD Approved Booking',10000000580,'24319639','10061','48736879','192.168.1.97','53132','org.apache.tomcat.util.http.NamesEnumerator@30e2a776','PUT','200','','shivashankari.n'),('http-apr-9191-exec-3','2017-12-14 17:47:31','com.etms.bookingcontroller.HodController:162','INFO','HOD Approved Booking',10000000581,'24328827','10061','48736880','192.168.1.97','53132','org.apache.tomcat.util.http.NamesEnumerator@ad72116','PUT','200','','shivashankari.n'),('http-apr-9191-exec-5','2017-12-14 17:47:40','com.etms.bookingcontroller.HodController:162','INFO','HOD Approved Booking',10000000582,'24337968','10061','48736876','192.168.1.97','53132','org.apache.tomcat.util.http.NamesEnumerator@20b6db9a','PUT','200','','shivashankari.n'),('http-apr-9191-exec-8','2017-12-14 17:49:04','com.etms.bookingcontroller.HrController:195','INFO','HR Scheduled Booking',10000000583,'24421220','10003','48736875','192.168.1.97','53255','org.apache.tomcat.util.http.NamesEnumerator@411c1c3d','PUT','200','','subarna.p'),('http-apr-9191-exec-1','2017-12-14 17:49:13','com.etms.bookingcontroller.HrController:195','INFO','HR Scheduled Booking',10000000584,'24430501','10003','48736877','192.168.1.97','53255','org.apache.tomcat.util.http.NamesEnumerator@655cd31f','PUT','200','','subarna.p'),('http-apr-9191-exec-9','2017-12-14 17:49:22','com.etms.bookingcontroller.HrController:195','INFO','HR Scheduled Booking',10000000585,'24439728','10003','48736878','192.168.1.97','53255','org.apache.tomcat.util.http.NamesEnumerator@3a76a187','PUT','200','','subarna.p'),('http-apr-9191-exec-10','2017-12-14 17:49:31','com.etms.bookingcontroller.HrController:195','INFO','HR Scheduled Booking',10000000586,'24448963','10003','48736879','192.168.1.97','53255','org.apache.tomcat.util.http.NamesEnumerator@38629b5f','PUT','200','','subarna.p'),('http-apr-9191-exec-7','2017-12-14 17:49:40','com.etms.bookingcontroller.HrController:195','INFO','HR Scheduled Booking',10000000587,'24458167','10003','48736880','192.168.1.97','53255','org.apache.tomcat.util.http.NamesEnumerator@1a547b49','PUT','200','','subarna.p'),('http-apr-9191-exec-3','2017-12-14 17:49:50','com.etms.bookingcontroller.HrController:195','INFO','HR Scheduled Booking',10000000588,'24467402','10003','48736876','192.168.1.97','53255','org.apache.tomcat.util.http.NamesEnumerator@53dc267b','PUT','200','','subarna.p'),('http-apr-9191-exec-1','2017-12-14 17:50:32','com.etms.bookingcontroller.OperatorController:126','INFO','Operator Confirmed Booking',10000000589,'24509550','200003','48736875','192.168.1.97','53420','org.apache.tomcat.util.http.NamesEnumerator@2f4b9bdc','PUT','200','','lakshmi.k@cabopnow.com'),('http-apr-9191-exec-2','2017-12-14 17:50:41','com.etms.bookingcontroller.OperatorController:126','INFO','Operator Confirmed Booking',10000000590,'24518972','200003','48736877','192.168.1.97','53420','org.apache.tomcat.util.http.NamesEnumerator@998215a','PUT','200','','lakshmi.k@cabopnow.com'),('http-apr-9191-exec-8','2017-12-14 17:50:51','com.etms.bookingcontroller.OperatorController:126','INFO','Operator Confirmed Booking',10000000591,'24528301','200003','48736878','192.168.1.97','53420','org.apache.tomcat.util.http.NamesEnumerator@4c1ceb65','PUT','200','','lakshmi.k@cabopnow.com'),('http-apr-9191-exec-7','2017-12-14 17:51:00','com.etms.bookingcontroller.OperatorController:126','INFO','Operator Confirmed Booking',10000000592,'24537680','200003','48736879','192.168.1.97','53420','org.apache.tomcat.util.http.NamesEnumerator@b4be180','PUT','200','','lakshmi.k@cabopnow.com'),('http-apr-9191-exec-9','2017-12-14 17:51:09','com.etms.bookingcontroller.OperatorController:126','INFO','Operator Confirmed Booking',10000000593,'24547040','200003','48736880','192.168.1.97','53420','org.apache.tomcat.util.http.NamesEnumerator@30d993bc','PUT','200','','lakshmi.k@cabopnow.com'),('http-apr-9191-exec-10','2017-12-14 17:51:19','com.etms.bookingcontroller.OperatorController:126','INFO','Operator Confirmed Booking',10000000594,'24556369','200003','48736876','192.168.1.97','53420','org.apache.tomcat.util.http.NamesEnumerator@760f941d','PUT','200','','lakshmi.k@cabopnow.com'),('http-apr-9191-exec-8','2017-12-14 17:55:06','com.etms.bookingcontroller.HrController:195','INFO','HR Scheduled Booking',10000000595,'24783371','10003','48736776','192.168.1.79','60648','org.apache.tomcat.util.http.NamesEnumerator@4c66d08b','PUT','200','','subarna.p'),('http-apr-9191-exec-6','2017-12-14 17:58:13','com.etms.bookingcontroller.HrController:195','INFO','HR Scheduled Booking',10000000596,'24971065','10003','48736778','192.168.1.86','49296','org.apache.tomcat.util.http.NamesEnumerator@14a2f019','PUT','200','','subarna.p'),('http-apr-9191-exec-4','2017-12-14 18:00:46','com.etms.bookingcontroller.HrController:195','INFO','HR Scheduled Booking',10000000597,'25123561','10003','48736781','192.168.1.86','49331','org.apache.tomcat.util.http.NamesEnumerator@450f2a2b','PUT','200','','subarna.p'),('http-apr-9191-exec-7','2017-12-14 18:06:34','com.etms.bookingcontroller.HrController:195','INFO','HR Scheduled Booking',10000000598,'25471377','10003','48736770','192.168.1.86','49422','org.apache.tomcat.util.http.NamesEnumerator@90466f3','PUT','200','','subarna.p'),('http-apr-9191-exec-5','2017-12-14 18:13:02','com.etms.bookingcontroller.EmployeeController:159','INFO','New Booking',10000000599,'25860085','10062','48736881','192.168.1.76','58467','org.apache.tomcat.util.http.NamesEnumerator@34d48f21','POST','200','Booking','anish.a'),('http-apr-9191-exec-9','2017-12-14 18:34:56','com.etms.bookingcontroller.HrController:195','INFO','HR Scheduled Booking',10000000600,'27173856','10003','48736756','192.168.1.86','49493','org.apache.tomcat.util.http.NamesEnumerator@6b2e9b48','PUT','200','','subarna.p'),('http-apr-9191-exec-8','2017-12-14 18:35:39','com.etms.bookingcontroller.HrController:195','INFO','HR Scheduled Booking',10000000601,'27216320','10003','48736751','192.168.1.86','49521','org.apache.tomcat.util.http.NamesEnumerator@91e2019','PUT','200','','subarna.p'),('http-apr-9191-exec-4','2017-12-14 18:37:45','com.etms.bookingcontroller.HrController:195','INFO','HR Scheduled Booking',10000000602,'27343014','10003','48736774','192.168.1.86','49552','org.apache.tomcat.util.http.NamesEnumerator@773d202d','PUT','200','','subarna.p'),('http-apr-9191-exec-5','2017-12-14 18:39:04','com.etms.bookingcontroller.HrController:195','INFO','HR Scheduled Booking',10000000603,'27421822','10003','48736752','192.168.1.86','49583','org.apache.tomcat.util.http.NamesEnumerator@2c7d6b5e','PUT','200','','subarna.p'),('http-apr-9191-exec-10','2017-12-14 18:39:47','com.etms.bookingcontroller.HrController:195','INFO','HR Scheduled Booking',10000000604,'27464603','10003','48736780','192.168.1.86','49616','org.apache.tomcat.util.http.NamesEnumerator@4c145bbe','PUT','200','','subarna.p'),('http-apr-9191-exec-5','2017-12-14 18:40:42','com.etms.bookingcontroller.EmployeeController:159','INFO','New Booking',10000000605,'27519294','10066','48736882','192.168.1.85','22568','org.apache.tomcat.util.http.NamesEnumerator@7e299cd9','POST','200','Booking','menaka.k'),('http-apr-9191-exec-10','2017-12-14 18:45:01','com.etms.bookingcontroller.HrController:195','INFO','HR Scheduled Booking',10000000606,'27778780','10003','48736777','192.168.1.86','49688','org.apache.tomcat.util.http.NamesEnumerator@19fa8aa4','PUT','200','','subarna.p'),('http-apr-9191-exec-3','2017-12-14 18:49:31','com.etms.bookingcontroller.HrController:195','INFO','HR Scheduled Booking',10000000607,'28048225','10003','48736779','192.168.1.86','49724','org.apache.tomcat.util.http.NamesEnumerator@1ee542f0','PUT','200','','subarna.p'),('http-apr-9191-exec-1','2017-12-14 18:51:18','com.etms.bookingcontroller.HrController:195','INFO','HR Scheduled Booking',10000000608,'28155588','10003','48736782','192.168.1.86','49754','org.apache.tomcat.util.http.NamesEnumerator@2d82bc5f','PUT','200','','subarna.p'),('http-apr-9191-exec-6','2017-12-14 18:54:08','com.etms.bookingcontroller.HrController:195','INFO','HR Scheduled Booking',10000000609,'28325728','10003','48736766','192.168.1.86','49789','org.apache.tomcat.util.http.NamesEnumerator@58e101e1','PUT','200','','subarna.p'),('http-apr-9191-exec-7','2017-12-14 18:55:03','com.etms.bookingcontroller.HrController:195','INFO','HR Scheduled Booking',10000000610,'28380325','10003','48736765','192.168.1.86','49819','org.apache.tomcat.util.http.NamesEnumerator@367b75b9','PUT','200','','subarna.p'),('http-apr-9191-exec-2','2017-12-14 18:55:51','com.etms.bookingcontroller.HrController:195','INFO','HR Scheduled Booking',10000000611,'28428284','10003','48736764','192.168.1.86','49848','org.apache.tomcat.util.http.NamesEnumerator@229a28f1','PUT','200','','subarna.p'),('http-apr-9191-exec-9','2017-12-14 18:56:38','com.etms.bookingcontroller.HrController:195','INFO','HR Scheduled Booking',10000000612,'28475953','10003','48736783','192.168.1.86','49877','org.apache.tomcat.util.http.NamesEnumerator@51c5f728','PUT','200','','subarna.p'),('http-apr-9191-exec-5','2017-12-14 19:02:33','com.etms.bookingcontroller.EmployeeController:159','INFO','New Booking',10000000613,'28830991','10066','48736883','192.168.1.85','22892','org.apache.tomcat.util.http.NamesEnumerator@73c92bfa','POST','200','Booking','menaka.k'),('http-apr-9191-exec-8','2017-12-14 19:02:40','com.etms.bookingcontroller.HrController:195','INFO','HR Scheduled Booking',10000000614,'28838151','10003','48736763','192.168.1.97','49958','org.apache.tomcat.util.http.NamesEnumerator@6bc6ddbd','PUT','200','','subarna.p'),('http-apr-9191-exec-10','2017-12-14 19:02:50','com.etms.bookingcontroller.HrController:195','INFO','HR Scheduled Booking',10000000615,'28847434','10003','48736762','192.168.1.97','49958','org.apache.tomcat.util.http.NamesEnumerator@1f9d643','PUT','200','','subarna.p'),('http-apr-9191-exec-4','2017-12-14 19:04:06','com.etms.bookingcontroller.EmployeeController:159','INFO','New Booking',10000000616,'28923746','10066','48736884','192.168.1.85','23025','org.apache.tomcat.util.http.NamesEnumerator@4f1791a8','POST','200','Booking','menaka.k'),('http-apr-9191-exec-10','2017-12-14 19:04:44','com.etms.bookingcontroller.EmployeeController:159','INFO','New Booking',10000000617,'28961277','10066','48736885','192.168.1.97','50071','org.apache.tomcat.util.http.NamesEnumerator@4b907bae','POST','200','Booking','menaka.k'),('http-apr-9191-exec-2','2017-12-14 19:05:41','com.etms.bookingcontroller.EmployeeController:159','INFO','New Booking',10000000618,'29018406','10066','48736886','192.168.1.97','50178','org.apache.tomcat.util.http.NamesEnumerator@62e34649','POST','200','Booking','menaka.k'),('http-apr-9191-exec-9','2017-12-14 19:05:57','com.etms.bookingcontroller.EmployeeController:159','INFO','New Booking',10000000619,'29034657','10066','48736887','192.168.1.97','50179','org.apache.tomcat.util.http.NamesEnumerator@2658132','POST','200','Booking','menaka.k'),('http-apr-9191-exec-1','2017-12-14 19:06:13','com.etms.bookingcontroller.EmployeeController:159','INFO','New Booking',10000000620,'29050971','10066','48736888','192.168.1.97','50179','org.apache.tomcat.util.http.NamesEnumerator@564b13e9','POST','200','Booking','menaka.k'),('http-apr-9191-exec-10','2017-12-14 19:06:30','com.etms.bookingcontroller.EmployeeController:159','INFO','New Booking',10000000621,'29067277','10066','48736889','192.168.1.97','50178','org.apache.tomcat.util.http.NamesEnumerator@7ad315a3','POST','200','Booking','menaka.k'),('http-apr-9191-exec-10','2017-12-14 19:06:46','com.etms.bookingcontroller.EmployeeController:159','INFO','New Booking',10000000622,'29083544','10066','48736890','192.168.1.97','50178','org.apache.tomcat.util.http.NamesEnumerator@722315e1','POST','200','Booking','menaka.k'),('http-apr-9191-exec-5','2017-12-14 19:07:02','com.etms.bookingcontroller.EmployeeController:159','INFO','New Booking',10000000623,'29099874','10066','48736891','192.168.1.97','50178','org.apache.tomcat.util.http.NamesEnumerator@136463b9','POST','200','Booking','menaka.k'),('http-apr-9191-exec-2','2017-12-14 19:07:18','com.etms.bookingcontroller.EmployeeController:159','INFO','New Booking',10000000624,'29116183','10066','48736892','192.168.1.97','50179','org.apache.tomcat.util.http.NamesEnumerator@65c65b6f','POST','200','Booking','menaka.k'),('http-apr-9191-exec-5','2017-12-14 19:07:32','com.etms.bookingcontroller.HodController:162','INFO','HOD Approved Booking',10000000625,'29129950','10061','48736881','192.168.1.86','50131','org.apache.tomcat.util.http.NamesEnumerator@6243a75','PUT','200','','shivashankari.n'),('http-apr-9191-exec-2','2017-12-14 19:07:35','com.etms.bookingcontroller.EmployeeController:159','INFO','New Booking',10000000626,'29132466','10066','48736893','192.168.1.97','50178','org.apache.tomcat.util.http.NamesEnumerator@4fd6a743','POST','200','Booking','menaka.k'),('http-apr-9191-exec-8','2017-12-14 19:07:51','com.etms.bookingcontroller.EmployeeController:159','INFO','New Booking',10000000627,'29148764','10066','48736894','192.168.1.97','50179','org.apache.tomcat.util.http.NamesEnumerator@66fd5f76','POST','200','Booking','menaka.k'),('http-apr-9191-exec-9','2017-12-14 19:08:07','com.etms.bookingcontroller.EmployeeController:159','INFO','New Booking',10000000628,'29165048','10066','48736895','192.168.1.97','50179','org.apache.tomcat.util.http.NamesEnumerator@14d1466b','POST','200','Booking','menaka.k'),('http-apr-9191-exec-3','2017-12-14 19:09:03','com.etms.bookingcontroller.HodController:162','INFO','HOD Approved Booking',10000000629,'29220611','10061','48736882','192.168.1.86','50138','org.apache.tomcat.util.http.NamesEnumerator@70041952','PUT','200','','shivashankari.n'),('http-apr-9191-exec-6','2017-12-14 19:09:09','com.etms.bookingcontroller.HodController:162','INFO','HOD Approved Booking',10000000630,'29226424','10061','48736883','192.168.1.86','50138','org.apache.tomcat.util.http.NamesEnumerator@114ac262','PUT','200','','shivashankari.n'),('http-apr-9191-exec-1','2017-12-14 19:09:12','com.etms.bookingcontroller.HodController:162','INFO','HOD Approved Booking',10000000631,'29230143','10061','48736884','192.168.1.86','50138','org.apache.tomcat.util.http.NamesEnumerator@1186daf8','PUT','200','','shivashankari.n'),('http-apr-9191-exec-10','2017-12-14 19:09:17','com.etms.bookingcontroller.HodController:162','INFO','HOD Approved Booking',10000000632,'29234222','10061','48736885','192.168.1.86','50138','org.apache.tomcat.util.http.NamesEnumerator@551ee3c1','PUT','200','','shivashankari.n'),('http-apr-9191-exec-7','2017-12-14 19:09:21','com.etms.bookingcontroller.HodController:162','INFO','HOD Approved Booking',10000000633,'29238363','10061','48736886','192.168.1.86','50138','org.apache.tomcat.util.http.NamesEnumerator@3f06d873','PUT','200','','shivashankari.n'),('http-apr-9191-exec-8','2017-12-14 19:09:24','com.etms.bookingcontroller.HodController:162','INFO','HOD Approved Booking',10000000634,'29241910','10061','48736887','192.168.1.86','50138','org.apache.tomcat.util.http.NamesEnumerator@2c87bd9f','PUT','200','','shivashankari.n'),('http-apr-9191-exec-9','2017-12-14 19:09:48','com.etms.bookingcontroller.HrController:195','INFO','HR Scheduled Booking',10000000635,'29265805','10003','48736881','192.168.1.86','50165','org.apache.tomcat.util.http.NamesEnumerator@3c8ee438','PUT','200','','subarna.p'),('http-apr-9191-exec-1','2017-12-14 19:09:52','com.etms.bookingcontroller.HodController:162','INFO','HOD Approved Booking',10000000636,'29269587','10061','48736888','192.168.1.97','50637','org.apache.tomcat.util.http.NamesEnumerator@48a607a7','PUT','200','','shivashankari.n'),('http-apr-9191-exec-7','2017-12-14 19:10:08','com.etms.bookingcontroller.HodController:162','INFO','HOD Approved Booking',10000000637,'29285526','10061','48736889','192.168.1.97','50637','org.apache.tomcat.util.http.NamesEnumerator@7ef21df4','PUT','200','','shivashankari.n'),('http-apr-9191-exec-1','2017-12-14 19:10:24','com.etms.bookingcontroller.HodController:162','INFO','HOD Approved Booking',10000000638,'29301384','10061','48736890','192.168.1.97','50637','org.apache.tomcat.util.http.NamesEnumerator@624514ca','PUT','200','','shivashankari.n'),('http-apr-9191-exec-3','2017-12-14 19:10:39','com.etms.bookingcontroller.HodController:162','INFO','HOD Approved Booking',10000000639,'29317214','10061','48736891','192.168.1.97','50637','org.apache.tomcat.util.http.NamesEnumerator@614552ee','PUT','200','','shivashankari.n'),('http-apr-9191-exec-7','2017-12-14 19:10:53','com.etms.bookingcontroller.HrController:195','INFO','HR Scheduled Booking',10000000640,'29331026','10003','48736882','192.168.1.86','50193','org.apache.tomcat.util.http.NamesEnumerator@4aeed9eb','PUT','200','','subarna.p'),('http-apr-9191-exec-2','2017-12-14 19:10:55','com.etms.bookingcontroller.HodController:162','INFO','HOD Approved Booking',10000000641,'29333042','10061','48736892','192.168.1.97','50637','org.apache.tomcat.util.http.NamesEnumerator@43315aa5','PUT','200','','shivashankari.n'),('http-apr-9191-exec-4','2017-12-14 19:11:00','com.etms.bookingcontroller.HrController:195','INFO','HR Scheduled Booking',10000000642,'29337449','10003','48736883','192.168.1.86','50193','org.apache.tomcat.util.http.NamesEnumerator@42f45f6d','PUT','200','','subarna.p'),('http-apr-9191-exec-5','2017-12-14 19:11:07','com.etms.bookingcontroller.HrController:195','INFO','HR Scheduled Booking',10000000643,'29344969','10003','48736884','192.168.1.86','50193','org.apache.tomcat.util.http.NamesEnumerator@2f43eba4','PUT','200','','subarna.p'),('http-apr-9191-exec-10','2017-12-14 19:11:11','com.etms.bookingcontroller.HodController:162','INFO','HOD Approved Booking',10000000644,'29348906','10061','48736893','192.168.1.97','50637','org.apache.tomcat.util.http.NamesEnumerator@52ca2d74','PUT','200','','shivashankari.n'),('http-apr-9191-exec-1','2017-12-14 19:11:27','com.etms.bookingcontroller.HodController:162','INFO','HOD Approved Booking',10000000645,'29364768','10061','48736894','192.168.1.97','50637','org.apache.tomcat.util.http.NamesEnumerator@117f94d0','PUT','200','','shivashankari.n'),('http-apr-9191-exec-2','2017-12-14 19:11:43','com.etms.bookingcontroller.HodController:162','INFO','HOD Approved Booking',10000000646,'29380597','10061','48736895','192.168.1.97','50637','org.apache.tomcat.util.http.NamesEnumerator@3767feca','PUT','200','','shivashankari.n'),('http-apr-9191-exec-8','2017-12-14 19:13:34','com.etms.bookingcontroller.HrController:195','INFO','HR Scheduled Booking',10000000647,'29491780','10003','48736885','192.168.1.97','50914','org.apache.tomcat.util.http.NamesEnumerator@3539e564','PUT','200','','subarna.p'),('http-apr-9191-exec-7','2017-12-14 19:13:50','com.etms.bookingcontroller.HrController:195','INFO','HR Scheduled Booking',10000000648,'29507578','10003','48736886','192.168.1.97','50914','org.apache.tomcat.util.http.NamesEnumerator@1ddf2cc6','PUT','200','','subarna.p'),('http-apr-9191-exec-7','2017-12-14 19:14:54','com.etms.bookingcontroller.HrController:195','INFO','HR Scheduled Booking',10000000649,'29571722','10003','48736887','192.168.1.97','51031','org.apache.tomcat.util.http.NamesEnumerator@58abb143','PUT','200','','subarna.p'),('http-apr-9191-exec-10','2017-12-14 19:15:10','com.etms.bookingcontroller.HrController:195','INFO','HR Scheduled Booking',10000000650,'29587521','10003','48736888','192.168.1.97','51031','org.apache.tomcat.util.http.NamesEnumerator@5e03a400','PUT','200','','subarna.p'),('http-apr-9191-exec-8','2017-12-14 19:15:25','com.etms.bookingcontroller.HrController:195','INFO','HR Scheduled Booking',10000000651,'29603209','10003','48736889','192.168.1.97','51031','org.apache.tomcat.util.http.NamesEnumerator@15eef471','PUT','200','','subarna.p'),('http-apr-9191-exec-1','2017-12-14 19:15:41','com.etms.bookingcontroller.HrController:195','INFO','HR Scheduled Booking',10000000652,'29618914','10003','48736890','192.168.1.97','51031','org.apache.tomcat.util.http.NamesEnumerator@1fa83bde','PUT','200','','subarna.p'),('http-apr-9191-exec-4','2017-12-14 19:15:57','com.etms.bookingcontroller.HrController:195','INFO','HR Scheduled Booking',10000000653,'29634601','10003','48736891','192.168.1.97','51031','org.apache.tomcat.util.http.NamesEnumerator@35cff3fb','PUT','200','','subarna.p'),('http-apr-9191-exec-8','2017-12-14 19:26:11','com.etms.bookingcontroller.OperatorController:126','INFO','Operator Confirmed Booking',10000000654,'30249044','200003','48736885','192.168.1.97','51415','org.apache.tomcat.util.http.NamesEnumerator@67984c23','PUT','200','','lakshmi.k@cabopnow.com'),('http-apr-9191-exec-4','2017-12-14 19:26:21','com.etms.bookingcontroller.OperatorController:126','INFO','Operator Confirmed Booking',10000000655,'30258488','200003','48736886','192.168.1.97','51415','org.apache.tomcat.util.http.NamesEnumerator@ee1cd7a','PUT','200','','lakshmi.k@cabopnow.com'),('http-apr-9191-exec-6','2017-12-14 19:37:40','com.etms.bookingcontroller.OperatorController:126','INFO','Operator Confirmed Booking',10000000656,'30937685','200003','48736887','192.168.1.86','51447','org.apache.tomcat.util.http.NamesEnumerator@278b6d5','PUT','200','','lakshmi.k@cabopnow.com'),('http-apr-9191-exec-6','2017-12-14 19:38:35','com.etms.bookingcontroller.EmployeeController:159','INFO','New Booking',10000000657,'30992571','10061','48736896','192.168.1.80','63185','org.apache.tomcat.util.http.NamesEnumerator@23f7cbf7','POST','200','Booking','shivashankari.n'),('http-apr-9191-exec-10','2017-12-14 19:40:57','com.etms.bookingcontroller.OperatorController:126','INFO','Operator Confirmed Booking',10000000658,'31134809','200003','48736888','192.168.1.86','51726','org.apache.tomcat.util.http.NamesEnumerator@3053080','PUT','200','','lakshmi.k@cabopnow.com'),('http-apr-9191-exec-10','2017-12-14 19:42:30','com.etms.bookingcontroller.OperatorController:126','INFO','Operator Confirmed Booking',10000000659,'31227875','200003','48736889','192.168.1.86','51803','org.apache.tomcat.util.http.NamesEnumerator@4a4fe3d8','PUT','200','','lakshmi.k@cabopnow.com'),('http-apr-9191-exec-10','2017-12-14 19:46:57','com.etms.bookingcontroller.OperatorController:126','INFO','Operator Confirmed Booking',10000000660,'31494607','200003','48736890','192.168.1.86','52094','org.apache.tomcat.util.http.NamesEnumerator@1d6113e3','PUT','200','','lakshmi.k@cabopnow.com'),('http-apr-9191-exec-3','2017-12-14 19:47:57','com.etms.bookingcontroller.OperatorController:126','INFO','Operator Confirmed Booking',10000000661,'31555203','200003','48736891','192.168.1.86','52123','org.apache.tomcat.util.http.NamesEnumerator@752f82a8','PUT','200','','lakshmi.k@cabopnow.com'),('http-apr-9191-exec-4','2017-12-14 19:50:48','com.etms.bookingcontroller.OperatorController:126','INFO','Operator Confirmed Booking',10000000662,'31725521','200003','48736763','192.168.1.86','52347','org.apache.tomcat.util.http.NamesEnumerator@77e27fc1','PUT','200','','lakshmi.k@cabopnow.com'),('http-apr-9191-exec-2','2017-12-14 19:58:55','com.etms.bookingcontroller.OperatorController:126','INFO','Operator Confirmed Booking',10000000663,'32213167','200003','48736762','192.168.1.86','52680','org.apache.tomcat.util.http.NamesEnumerator@62aedc5b','PUT','200','','lakshmi.k@cabopnow.com'),('localhost-startStop-1','2017-12-14 20:52:58','com.etms.security.config.SimpleCorsFilter:47','INFO','Intializing the Filter',10000000664,'0','','','','','','','','',''),('http-apr-9191-exec-7','2017-12-19 21:05:33','com.etms.security.config.SimpleCorsFilter:47','INFO','Intializing the Filter',10000000665,'0','','','','','','','','',''),('localhost-startStop-1','2017-12-21 11:33:49','com.etms.security.config.SimpleCorsFilter:47','INFO','Server Started',10000000666,'0','','','','','','','','',''),('localhost-startStop-1','2017-12-21 15:21:14','com.etms.security.config.SimpleCorsFilter:47','INFO','Server Started',10000000667,'0','','','','','','','','',''),('http-nio-9090-exec-6','2017-12-21 15:21:53','com.etms.bookingcontroller.EmployeeController:159','INFO','New Booking',10000000668,'39800','10066','48737184','192.168.1.86','64557','org.apache.tomcat.util.http.NamesEnumerator@6b913139','POST','200','Booking','menaka.k'),('http-nio-9090-exec-5','2017-12-21 16:31:47','com.etms.bookingcontroller.EmployeeController:159','INFO','New Booking',10000000669,'4233522','10066','48737185','192.168.1.94','50323','org.apache.tomcat.util.http.NamesEnumerator@1bf7bca','POST','200','Booking','menaka.k'),('http-nio-9090-exec-6','2017-12-21 16:34:29','com.etms.bookingcontroller.EmployeeController:159','INFO','New Booking',10000000670,'4395719','10066','48737186','192.168.1.94','50571','org.apache.tomcat.util.http.NamesEnumerator@66665d7','POST','200','Booking','menaka.k'),('http-nio-9090-exec-3','2017-12-21 16:48:48','com.etms.bookingcontroller.EmployeeController:159','INFO','New Booking',10000000671,'5254842','10066','48737187','192.168.1.89','54786','org.apache.tomcat.util.http.NamesEnumerator@714293d6','POST','200','Booking','menaka.k'),('localhost-startStop-1','2017-12-21 20:10:51','com.etms.security.config.SimpleCorsFilter:47','INFO','Intializing the Filter',10000000672,'0','','','','','','','','',''),('localhost-startStop-1','2017-12-21 20:11:06','com.etms.security.config.SimpleCorsFilter:47','INFO','Intializing the Filter',10000000673,'0','','','','','','','','',''),('localhost-startStop-1','2017-12-21 20:14:54','com.etms.security.config.SimpleCorsFilter:47','INFO','Intializing the Filter',10000000674,'0','','','','','','','','',''),('localhost-startStop-1','2017-12-21 20:15:08','com.etms.security.config.SimpleCorsFilter:47','INFO','Intializing the Filter',10000000675,'0','','','','','','','','',''),('http-apr-9191-exec-9','2017-12-21 20:17:05','com.etms.bookingcontroller.EmployeeController:159','INFO','New Booking',10000000676,'117231','10066','48737192','192.168.1.89','56472','org.apache.tomcat.util.http.NamesEnumerator@7ec3809b','POST','200','Booking','menaka.k'),('http-apr-9191-exec-2','2017-12-21 20:28:03','com.etms.bookingcontroller.EmployeeController:460','INFO','Update Booking',10000000677,'774454','10066','48737192','192.168.1.89','57428','org.apache.tomcat.util.http.NamesEnumerator@f573e93','PUT','200','Booking','menaka.k'),('http-apr-9191-exec-9','2017-12-21 20:30:50','com.etms.bookingcontroller.EmployeeController:460','INFO','Update Booking',10000000678,'941344','10066','48737192','192.168.1.89','57692','org.apache.tomcat.util.http.NamesEnumerator@464fbd94','PUT','200','Booking','menaka.k'),('localhost-startStop-1','2017-12-26 19:28:29','com.etms.security.config.SimpleCorsFilter:47','INFO','Server Started',10000000679,'0','','','','','','','','',''),('localhost-startStop-1','2017-12-26 19:29:22','com.etms.security.config.SimpleCorsFilter:47','INFO','Server Started',10000000680,'0','','','','','','','','',''),('localhost-startStop-1','2017-12-26 19:31:46','com.etms.security.config.SimpleCorsFilter:47','INFO','Server Started',10000000681,'0','','','','','','','','',''),('localhost-startStop-1','2017-12-26 19:34:32','com.etms.security.config.SimpleCorsFilter:47','INFO','Server Started',10000000682,'0','','','','','','','','',''),('localhost-startStop-1','2017-12-26 19:35:03','com.etms.security.config.SimpleCorsFilter:47','INFO','Server Started',10000000683,'0','','','','','','','','',''),('localhost-startStop-1','2017-12-27 11:57:59','com.etms.security.config.SimpleCorsFilter:47','INFO','Server Started',10000000684,'0','','','','','','','','',''),('http-nio-9090-exec-1','2017-12-27 12:01:32','com.etms.bookingcontroller.EmployeeController:167','INFO','New Booking',10000000685,'213637','10064','48737224','192.168.1.77','59329','org.apache.tomcat.util.http.NamesEnumerator@6b240459','POST','200','Booking','arul.p'),('http-nio-9090-exec-10','2017-12-27 12:02:11','com.etms.bookingcontroller.EmployeeController:346','INFO','Cancel Booking',10000000686,'252163','10064','48737224','192.168.1.77','59326','org.apache.tomcat.util.http.NamesEnumerator@2089b81f','PUT','200','Booking','arul.p'),('localhost-startStop-1','2017-12-27 12:19:44','com.etms.security.config.SimpleCorsFilter:47','INFO','Server Started',10000000687,'0','','','','','','','','',''),('http-apr-9191-exec-16','2017-12-27 12:20:48','com.etms.security.config.SimpleCorsFilter:47','INFO','Server Started',10000000688,'0','','','','','','','','',''),('http-apr-9191-exec-28','2017-12-27 14:25:51','com.etms.bookingcontroller.EmployeeController:167','INFO','New Booking',10000000689,'7502830','10064','48737236','192.168.1.80','62558','org.apache.tomcat.util.http.NamesEnumerator@3d38f334','POST','200','Booking','arul.p'),('http-apr-9191-exec-24','2017-12-27 14:26:03','com.etms.bookingcontroller.HodController:162','INFO','HOD Approved Booking',10000000690,'7514954','10061','48737236','192.168.1.80','62559','org.apache.tomcat.util.http.NamesEnumerator@3e703a71','PUT','200','','shivashankari.n'),('http-apr-9191-exec-27','2017-12-27 14:26:41','com.etms.bookingcontroller.HrController:195','INFO','HR Scheduled Booking',10000000691,'7553391','10003','48737236','192.168.1.80','62560','org.apache.tomcat.util.http.NamesEnumerator@790a4d96','PUT','200','','subarna.p'),('http-apr-9191-exec-25','2017-12-27 14:26:53','com.etms.bookingcontroller.OperatorController:126','INFO','Operator Confirmed Booking',10000000692,'7564892','200003','48737232','192.168.1.94','51329','org.apache.tomcat.util.http.NamesEnumerator@3474eeb9','PUT','200','','lakshmi.k@cabopnow.com'),('http-apr-9191-exec-22','2017-12-27 14:27:06','com.etms.bookingcontroller.OperatorController:126','INFO','Operator Confirmed Booking',10000000693,'7578329','200003','48737236','192.168.1.94','51329','org.apache.tomcat.util.http.NamesEnumerator@3eb4958c','PUT','200','','lakshmi.k@cabopnow.com'),('http-apr-9191-exec-22','2017-12-27 14:27:10','com.etms.bookingcontroller.OperatorController:126','INFO','Operator Confirmed Booking',10000000694,'7582358','200003','48737236','192.168.1.80','62560','org.apache.tomcat.util.http.NamesEnumerator@73c716e3','PUT','200','','lakshmi.k@cabopnow.com'),('http-apr-9191-exec-27','2017-12-27 14:27:48','com.etms.bookingcontroller.EmployeeController:167','INFO','New Booking',10000000695,'7620225','10064','48737238','192.168.1.80','62563','org.apache.tomcat.util.http.NamesEnumerator@14a85e0a','POST','200','Booking','arul.p'),('http-apr-9191-exec-29','2017-12-27 14:29:47','com.etms.bookingcontroller.EmployeeController:167','INFO','New Booking',10000000696,'7739440','10066','48737240','192.168.1.94','51590','org.apache.tomcat.util.http.NamesEnumerator@7cc61fcb','POST','200','Booking','menaka.k'),('http-apr-9191-exec-22','2017-12-27 14:29:50','com.etms.bookingcontroller.HodController:174','INFO','HOD Rejected Booking',10000000697,'7742174','10061','48737238','192.168.1.80','62567','org.apache.tomcat.util.http.NamesEnumerator@19a60ed2','PUT','200','','shivashankari.n'),('http-apr-9191-exec-26','2017-12-27 14:30:00','com.etms.bookingcontroller.HodController:162','INFO','HOD Approved Booking',10000000698,'7751769','10061','48737240','192.168.1.94','51589','org.apache.tomcat.util.http.NamesEnumerator@2264075f','PUT','200','','shivashankari.n'),('http-apr-9191-exec-25','2017-12-27 14:30:42','com.etms.bookingcontroller.EmployeeController:472','INFO','Update Booking',10000000699,'7794331','10064','48737238','192.168.1.80','62570','org.apache.tomcat.util.http.NamesEnumerator@1aca862','PUT','200','Booking','arul.p'),('http-apr-9191-exec-21','2017-12-27 14:30:54','com.etms.bookingcontroller.HrController:206','INFO','HR Rejected Booking',10000000700,'7806045','10003','48737240','192.168.1.94','51679','org.apache.tomcat.util.http.NamesEnumerator@1168921e','PUT','200','','subarna.p'),('http-apr-9191-exec-25','2017-12-27 14:31:01','com.etms.bookingcontroller.HodController:162','INFO','HOD Approved Booking',10000000701,'7812850','10061','48737238','192.168.1.80','62569','org.apache.tomcat.util.http.NamesEnumerator@59b6fc53','PUT','200','','shivashankari.n'),('http-apr-9191-exec-29','2017-12-27 14:31:15','com.etms.bookingcontroller.HrController:195','INFO','HR Scheduled Booking',10000000702,'7826924','10003','48737238','192.168.1.80','62569','org.apache.tomcat.util.http.NamesEnumerator@15bd799b','PUT','200','','subarna.p'),('http-apr-9191-exec-23','2017-12-27 14:31:32','com.etms.bookingcontroller.OperatorController:126','INFO','Operator Confirmed Booking',10000000703,'7843846','200003','48737238','192.168.1.80','62572','org.apache.tomcat.util.http.NamesEnumerator@7708f936','PUT','200','','lakshmi.k@cabopnow.com'),('http-apr-9191-exec-28','2017-12-27 14:36:36','com.etms.bookingcontroller.EmployeeController:167','INFO','New Booking',10000000704,'8147646','10066','48737241','192.168.1.94','52157','org.apache.tomcat.util.http.NamesEnumerator@4ee29807','POST','200','Booking','menaka.k'),('http-apr-9191-exec-24','2017-12-27 14:36:49','com.etms.bookingcontroller.HodController:162','INFO','HOD Approved Booking',10000000705,'8160864','10061','48737241','192.168.1.94','52158','org.apache.tomcat.util.http.NamesEnumerator@1b7b2408','PUT','200','','shivashankari.n'),('http-apr-9191-exec-27','2017-12-27 14:37:02','com.etms.bookingcontroller.HrController:206','INFO','HR Rejected Booking',10000000706,'8174063','10003','48737241','192.168.1.94','52158','org.apache.tomcat.util.http.NamesEnumerator@31b70deb','PUT','200','','subarna.p'),('http-apr-9191-exec-25','2017-12-27 14:57:06','com.etms.bookingcontroller.EmployeeController:167','INFO','New Booking',10000000707,'9377760','10066','48737242','192.168.1.94','53136','org.apache.tomcat.util.http.NamesEnumerator@2490fe78','POST','200','Booking','menaka.k'),('http-apr-9191-exec-25','2017-12-27 15:12:04','com.etms.bookingcontroller.EmployeeController:167','INFO','New Booking',10000000708,'10275954','10066','48737243','192.168.1.94','54401','org.apache.tomcat.util.http.NamesEnumerator@7b6aa387','POST','200','Booking','menaka.k'),('localhost-startStop-1','2017-12-27 15:29:45','com.etms.security.config.SimpleCorsFilter:47','INFO','Server Started',10000000709,'0','','','','','','','','',''),('http-apr-9191-exec-28','2017-12-27 15:32:20','com.etms.security.config.SimpleCorsFilter:47','INFO','Server Started',10000000710,'0','','','','','','','','',''),('http-apr-9191-exec-31','2017-12-27 15:49:46','com.etms.bookingcontroller.EmployeeController:167','INFO','New Booking',10000000711,'1046186','10066','48737244','192.168.1.94','57723','org.apache.tomcat.util.http.NamesEnumerator@7f3f1574','POST','200','Booking','menaka.k'),('http-apr-9191-exec-34','2017-12-27 15:50:13','com.etms.bookingcontroller.EmployeeController:167','INFO','New Booking',10000000712,'1072546','10066','48737245','192.168.1.94','57734','org.apache.tomcat.util.http.NamesEnumerator@323115f4','POST','200','Booking','menaka.k'),('http-apr-9191-exec-33','2017-12-27 16:39:47','com.etms.bookingcontroller.EmployeeController:167','INFO','New Booking',10000000713,'4046846','10066','48737247','192.168.1.94','61335','org.apache.tomcat.util.http.NamesEnumerator@77277590','POST','200','Booking','menaka.k'),('http-apr-9191-exec-32','2017-12-27 16:40:09','com.etms.bookingcontroller.EmployeeController:474','INFO','Update Booking',10000000714,'4068494','10066','48737246','192.168.1.94','61335','org.apache.tomcat.util.http.NamesEnumerator@55edf28c','PUT','200','Booking','menaka.k'),('http-apr-9191-exec-37','2017-12-27 16:40:41','com.etms.bookingcontroller.EmployeeController:474','INFO','Update Booking',10000000715,'4101207','10066','48737247','192.168.1.94','61421','org.apache.tomcat.util.http.NamesEnumerator@6e856779','PUT','200','Booking','menaka.k'),('http-apr-9191-exec-38','2017-12-27 16:41:27','com.etms.bookingcontroller.EmployeeController:474','INFO','Update Booking',10000000716,'4146522','10066','48737247','192.168.1.94','61466','org.apache.tomcat.util.http.NamesEnumerator@4f40194a','PUT','200','Booking','menaka.k'),('http-apr-9191-exec-33','2017-12-27 16:42:24','com.etms.bookingcontroller.EmployeeController:167','INFO','New Booking',10000000717,'4203960','10066','48737248','192.168.1.94','61565','org.apache.tomcat.util.http.NamesEnumerator@3c746810','POST','200','Booking','menaka.k'),('http-apr-9191-exec-32','2017-12-27 16:50:04','com.etms.bookingcontroller.EmployeeController:474','INFO','Update Booking',10000000718,'4663806','10066','48737245','192.168.1.94','61629','org.apache.tomcat.util.http.NamesEnumerator@5afffe21','PUT','200','Booking','menaka.k'),('http-apr-9191-exec-33','2017-12-27 17:18:48','com.etms.bookingcontroller.EmployeeController:474','INFO','Update Booking',10000000719,'6387691','10066','48737245','192.168.1.94','64166','org.apache.tomcat.util.http.NamesEnumerator@449619','PUT','200','Booking','menaka.k'),('http-apr-9191-exec-33','2017-12-27 17:19:58','com.etms.bookingcontroller.EmployeeController:167','INFO','New Booking',10000000720,'6458306','10066','48737252','192.168.1.94','64251','org.apache.tomcat.util.http.NamesEnumerator@63d430ea','POST','200','Booking','menaka.k'),('http-apr-9191-exec-39','2017-12-27 17:21:58','com.etms.bookingcontroller.EmployeeController:167','INFO','New Booking',10000000721,'6577422','10066','48737253','192.168.1.94','64404','org.apache.tomcat.util.http.NamesEnumerator@7a6c50cd','POST','200','Booking','menaka.k'),('http-apr-9191-exec-35','2017-12-27 17:23:23','com.etms.bookingcontroller.EmployeeController:474','INFO','Update Booking',10000000722,'6663184','10066','48737253','192.168.1.94','64510','org.apache.tomcat.util.http.NamesEnumerator@5831224c','PUT','200','Booking','menaka.k'),('http-apr-9191-exec-31','2017-12-27 17:24:03','com.etms.bookingcontroller.EmployeeController:474','INFO','Update Booking',10000000723,'6702630','10066','48737253','192.168.1.94','64587','org.apache.tomcat.util.http.NamesEnumerator@50201758','PUT','200','Booking','menaka.k'),('http-apr-9191-exec-36','2017-12-27 17:49:48','com.etms.bookingcontroller.EmployeeController:167','INFO','New Booking',10000000724,'8248062','10066','48737259','192.168.1.94','49216','org.apache.tomcat.util.http.NamesEnumerator@51b1d5ba','POST','200','Booking','menaka.k'),('http-apr-9191-exec-37','2017-12-27 17:50:11','com.etms.bookingcontroller.EmployeeController:167','INFO','New Booking',10000000725,'8270340','10066','48737260','192.168.1.94','49216','org.apache.tomcat.util.http.NamesEnumerator@5d728bdc','POST','200','Booking','menaka.k'),('http-apr-9191-exec-40','2017-12-27 17:58:20','com.etms.bookingcontroller.EmployeeController:167','INFO','New Booking',10000000726,'8759684','10066','48737262','192.168.1.94','49425','org.apache.tomcat.util.http.NamesEnumerator@14638dec','POST','200','Booking','menaka.k'),('http-apr-9191-exec-39','2017-12-27 20:18:09','com.etms.bookingcontroller.EmployeeController:167','INFO','New Booking',10000000727,'17148434','10069','48737266','192.168.1.74','53788','org.apache.tomcat.util.http.NamesEnumerator@23472038','POST','200','Booking','prabakaran.a'),('http-apr-9191-exec-37','2017-12-27 20:27:02','com.etms.security.config.SimpleCorsFilter:47','INFO','Server Started',10000000728,'0','','','','','','','','',''),('localhost-startStop-1','2017-12-27 20:28:39','com.etms.security.config.SimpleCorsFilter:47','INFO','Server Started',10000000729,'0','','','','','','','','',''),('http-apr-9191-exec-41','2017-12-27 20:34:07','com.etms.bookingcontroller.EmployeeController:167','INFO','New Booking',10000000730,'425171','10066','48737267','192.168.1.95','60655','org.apache.tomcat.util.http.NamesEnumerator@94baf3','POST','200','Booking','menaka.k'),('http-apr-9191-exec-47','2017-12-27 20:34:51','com.etms.bookingcontroller.EmployeeController:167','INFO','New Booking',10000000731,'469101','10066','48737268','192.168.1.94','62983','org.apache.tomcat.util.http.NamesEnumerator@a81b74d','POST','200','Booking','menaka.k'),('http-apr-9191-exec-42','2017-12-27 20:35:03','com.etms.bookingcontroller.EmployeeController:167','INFO','New Booking',10000000732,'480747','10064','48737269','192.168.1.95','60728','org.apache.tomcat.util.http.NamesEnumerator@fc95109','POST','200','Booking','arul.p'),('http-apr-9191-exec-46','2017-12-27 20:35:09','com.etms.bookingcontroller.HodController:162','INFO','HOD Approved Booking',10000000733,'487472','10061','48737267','192.168.1.94','62986','org.apache.tomcat.util.http.NamesEnumerator@591eb067','PUT','200','','shivashankari.n'),('http-apr-9191-exec-41','2017-12-27 20:35:13','com.etms.bookingcontroller.HodController:162','INFO','HOD Approved Booking',10000000734,'491348','10061','48737268','192.168.1.94','62986','org.apache.tomcat.util.http.NamesEnumerator@79a154b4','PUT','200','','shivashankari.n'),('http-apr-9191-exec-46','2017-12-27 20:35:18','com.etms.bookingcontroller.HodController:162','INFO','HOD Approved Booking',10000000735,'495837','10061','48737269','192.168.1.94','62986','org.apache.tomcat.util.http.NamesEnumerator@2e0a6a1b','PUT','200','','shivashankari.n'),('http-apr-9191-exec-45','2017-12-27 20:35:40','com.etms.bookingcontroller.HrController:206','INFO','HR Rejected Booking',10000000736,'517872','10003','48737267','192.168.1.94','62986','org.apache.tomcat.util.http.NamesEnumerator@6cd97097','PUT','200','','subarna.p'),('http-apr-9191-exec-48','2017-12-27 20:35:48','com.etms.bookingcontroller.HrController:195','INFO','HR Scheduled Booking',10000000737,'525701','10003','48737268','192.168.1.94','62986','org.apache.tomcat.util.http.NamesEnumerator@20c10809','PUT','200','','subarna.p'),('http-apr-9191-exec-48','2017-12-27 20:36:52','com.etms.bookingcontroller.HrController:195','INFO','HR Scheduled Booking',10000000738,'589820','10003','48737269','192.168.1.94','63174','org.apache.tomcat.util.http.NamesEnumerator@11ee7e1d','PUT','200','','subarna.p'),('http-apr-9191-exec-50','2017-12-27 20:37:42','com.etms.bookingcontroller.OperatorController:126','INFO','Operator Confirmed Booking',10000000739,'640502','200003','48737269','192.168.1.94','63240','org.apache.tomcat.util.http.NamesEnumerator@4099abef','PUT','200','','lakshmi.k@cabopnow.com'),('localhost-startStop-1','2018-01-02 17:03:46','com.etms.security.config.SimpleCorsFilter:47','INFO','Server Started',10000000740,'0','','','','','','','','',''),('localhost-startStop-1','2018-01-03 17:24:28','com.etms.security.config.SimpleCorsFilter:47','INFO','Server Started',10000000741,'0','','','','','','','','',''),('localhost-startStop-1','2018-01-03 17:26:05','com.etms.security.config.SimpleCorsFilter:47','INFO','Server Started',10000000742,'0','','','','','','','','',''),('localhost-startStop-1','2018-01-03 17:28:45','com.etms.security.config.SimpleCorsFilter:47','INFO','Server Started',10000000743,'0','','','','','','','','',''),('localhost-startStop-1','2018-01-03 17:29:52','com.etms.security.config.SimpleCorsFilter:47','INFO','Server Started',10000000744,'0','','','','','','','','',''),('localhost-startStop-1','2018-01-03 17:31:22','com.etms.security.config.SimpleCorsFilter:47','INFO','Server Started',10000000745,'0','','','','','','','','',''),('localhost-startStop-1','2018-01-03 17:32:09','com.etms.security.config.SimpleCorsFilter:47','INFO','Server Started',10000000746,'0','','','','','','','','',''),('localhost-startStop-1','2018-01-03 17:33:28','com.etms.security.config.SimpleCorsFilter:47','INFO','Server Started',10000000747,'0','','','','','','','','',''),('localhost-startStop-1','2018-01-03 17:45:39','com.etms.security.config.SimpleCorsFilter:47','INFO','Server Started',10000000748,'0','','','','','','','','',''),('http-nio-5551-exec-3','2018-01-03 17:48:54','com.etms.bookingcontroller.EmployeeController:167','INFO','New Booking',10000000749,'195531','10064','48737330','192.168.1.77','62698','org.apache.tomcat.util.http.NamesEnumerator@39c550c4','POST','200','Booking','arul.p'),('http-nio-5551-exec-5','2018-01-03 17:50:45','com.etms.bookingcontroller.HodController:163','INFO','HOD Approved Booking',10000000750,'305646','10061','48737330','192.168.1.77','62798','org.apache.tomcat.util.http.NamesEnumerator@29030cdc','PUT','200','Booking','shivashankari.n'),('http-nio-5551-exec-7','2018-01-03 17:51:32','com.etms.bookingcontroller.HodController:175','INFO','HOD Rejected Booking',10000000751,'353196','10061','48737329','192.168.1.77','62798','org.apache.tomcat.util.http.NamesEnumerator@76ab639','PUT','200','Booking','shivashankari.n'),('http-nio-5551-exec-8','2018-01-03 17:52:55','com.etms.bookingcontroller.HrController:196','INFO','HR Scheduled Booking',10000000752,'436396','10003','48737330','192.168.1.77','62798','org.apache.tomcat.util.http.NamesEnumerator@56ca7f99','PUT','200','Booking','subarna.p'),('http-nio-5551-exec-5','2018-01-03 17:54:07','com.etms.bookingcontroller.OperatorController:127','INFO','Operator Confirmed Booking',10000000753,'508454','200003','48737330','192.168.1.77','62851','org.apache.tomcat.util.http.NamesEnumerator@5c5805d9','PUT','200','Booking','lakshmi.k@cabopnow.com'),('localhost-startStop-1','2018-01-03 17:57:39','com.etms.security.config.SimpleCorsFilter:47','INFO','Server Started',10000000754,'0','','','','','','','','',''),('localhost-startStop-1','2018-01-03 18:06:53','com.etms.security.config.SimpleCorsFilter:47','INFO','Server Started',10000000755,'0','','','','','','','','',''),('localhost-startStop-1','2018-01-04 11:16:16','com.etms.security.config.SimpleCorsFilter:47','INFO','Server Started',10000000756,'0','','','','','','','','',''),('http-nio-9191-exec-6','2018-01-04 15:05:57','com.etms.bookingcontroller.EmployeeController:167','INFO','New Booking',10000000757,'13780757','10062','48737340','192.168.1.85','8499','org.apache.tomcat.util.http.NamesEnumerator@30f0a042','POST','200','Booking','anish.a'),('http-nio-9191-exec-3','2018-01-04 15:13:12','com.etms.bookingcontroller.EmployeeController:167','INFO','New Booking',10000000758,'14216052','10062','48737341','192.168.1.85','9435','org.apache.tomcat.util.http.NamesEnumerator@6c14bf4c','POST','200','Booking','anish.a'),('http-nio-9191-exec-10','2018-01-04 15:20:19','com.etms.bookingcontroller.EmployeeController:167','INFO','New Booking',10000000759,'14643180','10064','48737342','192.168.1.80','50275','org.apache.tomcat.util.http.NamesEnumerator@67bc02d7','POST','200','Booking','arul.p'),('http-nio-9191-exec-6','2018-01-04 15:32:33','com.etms.bookingcontroller.EmployeeController:167','INFO','New Booking',10000000760,'15377071','10062','48737343','192.168.1.97','50379','org.apache.tomcat.util.http.NamesEnumerator@1b9e3a0','POST','200','Booking','anish.a'),('http-nio-9191-exec-5','2018-01-04 15:35:08','com.etms.bookingcontroller.EmployeeController:167','INFO','New Booking',10000000761,'15532051','10066','48737344','192.168.1.94','60186','org.apache.tomcat.util.http.NamesEnumerator@2f8c01ac','POST','200','Booking','menaka.k'),('http-nio-9191-exec-5','2018-01-04 15:35:22','com.etms.bookingcontroller.EmployeeController:167','INFO','New Booking',10000000762,'15545768','10066','48737345','192.168.1.94','60186','org.apache.tomcat.util.http.NamesEnumerator@271ac04c','POST','200','Booking','menaka.k'),('http-nio-9191-exec-7','2018-01-04 15:36:30','com.etms.bookingcontroller.EmployeeController:167','INFO','New Booking',10000000763,'15613798','10066','48737346','192.168.1.85','13000','org.apache.tomcat.util.http.NamesEnumerator@7b3a0dfd','POST','200','Booking','menaka.k'),('http-nio-9191-exec-9','2018-01-04 15:36:53','com.etms.bookingcontroller.EmployeeController:167','INFO','New Booking',10000000764,'15637347','10066','48737347','192.168.1.94','60387','org.apache.tomcat.util.http.NamesEnumerator@4a33640f','POST','200','Booking','menaka.k'),('localhost-startStop-1','2018-01-04 15:41:27','com.etms.security.config.SimpleCorsFilter:47','INFO','Server Started',10000000765,'0','','','','','','','','',''),('localhost-startStop-1','2018-01-04 15:41:44','com.etms.security.config.SimpleCorsFilter:47','INFO','Intializing the Filter',10000000766,'0','','','','','','','','',''),('localhost-startStop-1','2018-01-04 15:41:59','com.etms.security.config.SimpleCorsFilter:47','INFO','Intializing the Filter',10000000767,'0','','','','','','','','',''),('localhost-startStop-1','2018-01-04 15:43:01','com.etms.security.config.SimpleCorsFilter:47','INFO','Server Started',10000000768,'0','','','','','','','','',''),('localhost-startStop-1','2018-01-04 15:43:16','com.etms.security.config.SimpleCorsFilter:47','INFO','Intializing the Filter',10000000769,'0','','','','','','','','',''),('localhost-startStop-1','2018-01-04 15:43:30','com.etms.security.config.SimpleCorsFilter:47','INFO','Intializing the Filter',10000000770,'0','','','','','','','','',''),('localhost-startStop-1','2018-01-04 15:44:19','com.etms.security.config.SimpleCorsFilter:47','INFO','Server Started',10000000771,'0','','','','','','','','',''),('localhost-startStop-1','2018-01-04 15:48:11','com.etms.security.config.SimpleCorsFilter:47','INFO','Server Started',10000000772,'0','','','','','','','','',''),('localhost-startStop-1','2018-01-04 15:48:25','com.etms.security.config.SimpleCorsFilter:47','INFO','Intializing the Filter',10000000773,'0','','','','','','','','',''),('localhost-startStop-1','2018-01-04 15:48:38','com.etms.security.config.SimpleCorsFilter:47','INFO','Intializing the Filter',10000000774,'0','','','','','','','','',''),('localhost-startStop-1','2018-01-04 15:57:09','com.etms.security.config.SimpleCorsFilter:47','INFO','Server Started',10000000775,'0','','','','','','','','',''),('http-nio-9191-exec-5','2018-01-04 16:07:54','com.etms.security.config.SimpleCorsFilter:47','INFO','Server Started',10000000776,'0','','','','','','','','',''),('http-nio-9090-exec-3','2018-01-04 16:07:57','com.etms.bookingcontroller.EmployeeController:167','INFO','New Booking',10000000777,'647405','10066','48737348','192.168.1.97','51391','org.apache.tomcat.util.http.NamesEnumerator@59ada6d8','POST','200','Booking','menaka.k'),('http-nio-9090-exec-1','2018-01-04 16:37:26','com.etms.bookingcontroller.EmployeeController:167','INFO','New Booking',10000000778,'2417255','10062','48737349','192.168.1.97','52082','org.apache.tomcat.util.http.NamesEnumerator@13f7c58c','POST','200','Booking','anish.a'),('http-nio-9090-exec-7','2018-01-04 16:38:04','com.etms.bookingcontroller.EmployeeController:167','INFO','New Booking',10000000779,'2455362','10062','48737350','192.168.1.97','52187','org.apache.tomcat.util.http.NamesEnumerator@4e1597b5','POST','200','Booking','anish.a'),('http-nio-9090-exec-8','2018-01-04 16:38:51','com.etms.bookingcontroller.EmployeeController:167','INFO','New Booking',10000000780,'2502310','10062','48737351','192.168.1.97','52322','org.apache.tomcat.util.http.NamesEnumerator@4c03a158','POST','200','Booking','anish.a'),('http-nio-9090-exec-5','2018-01-04 16:40:39','com.etms.bookingcontroller.HodController:163','INFO','HOD Approved Booking',10000000781,'2610365','10061','48737341','192.168.1.97','52401','org.apache.tomcat.util.http.NamesEnumerator@71cd3f05','PUT','200','Booking','shivashankari.n'),('http-nio-9090-exec-4','2018-01-04 16:46:25','com.etms.bookingcontroller.EmployeeController:167','INFO','New Booking',10000000782,'2956202','10064','48737352','192.168.1.80','50954','org.apache.tomcat.util.http.NamesEnumerator@5dc51e83','POST','200','Booking','arul.p'),('localhost-startStop-1','2018-01-04 16:53:14','com.etms.security.config.SimpleCorsFilter:47','INFO','Server Started',10000000783,'0','','','','','','','','',''),('http-nio-9090-exec-1','2018-01-04 17:03:27','com.etms.bookingcontroller.HodController:163','INFO','HOD Approved Booking',10000000784,'613141','10061','48737344','192.168.1.85','30803','org.apache.tomcat.util.http.NamesEnumerator@770fac24','PUT','200','Booking','shivashankari.n'),('http-nio-9090-exec-2','2018-01-04 17:09:19','com.etms.bookingcontroller.HodController:163','INFO','HOD Approved Booking',10000000785,'965613','10061','48737348','192.168.1.97','52922','org.apache.tomcat.util.http.NamesEnumerator@3b3c3b60','PUT','200','Booking','shivashankari.n'),('http-nio-9090-exec-5','2018-01-04 17:10:04','com.etms.bookingcontroller.HodController:163','INFO','HOD Approved Booking',10000000786,'1009779','10061','48737352','192.168.1.97','53012','org.apache.tomcat.util.http.NamesEnumerator@53d6de6f','PUT','200','Booking','shivashankari.n'),('http-nio-9090-exec-2','2018-01-04 17:11:15','com.etms.bookingcontroller.HodController:163','INFO','HOD Approved Booking',10000000787,'1081766','10061','48737343','192.168.1.97','53032','org.apache.tomcat.util.http.NamesEnumerator@248160c2','PUT','200','Booking','shivashankari.n'),('http-nio-9090-exec-1','2018-01-04 17:14:13','com.etms.bookingcontroller.HodController:163','INFO','HOD Approved Booking',10000000788,'1259597','10061','48737349','192.168.1.97','53144','org.apache.tomcat.util.http.NamesEnumerator@766dcc64','PUT','200','Booking','shivashankari.n'),('http-nio-9090-exec-1','2018-01-04 17:14:26','com.etms.bookingcontroller.HodController:163','INFO','HOD Approved Booking',10000000789,'1272017','10061','48737350','192.168.1.85','32012','org.apache.tomcat.util.http.NamesEnumerator@50c496eb','PUT','200','Booking','shivashankari.n'),('http-nio-9090-exec-5','2018-01-04 17:14:56','com.etms.bookingcontroller.EmployeeController:170','INFO','New Booking',10000000790,'1302069','10064','48737353','192.168.1.80','51192','org.apache.tomcat.util.http.NamesEnumerator@2ae3316e','POST','200','Booking','arul.p'),('http-nio-9090-exec-2','2018-01-04 17:15:39','com.etms.bookingcontroller.EmployeeController:170','INFO','New Booking',10000000791,'1345450','10064','48737354','192.168.1.80','51192','org.apache.tomcat.util.http.NamesEnumerator@7b9b6beb','POST','200','Booking','arul.p'),('localhost-startStop-1','2018-01-04 17:21:30','com.etms.security.config.SimpleCorsFilter:47','INFO','Server Started',10000000792,'0','','','','','','','','',''),('http-nio-9191-exec-4','2018-01-04 17:24:34','com.etms.bookingcontroller.EmployeeController:167','INFO','New Booking',10000000793,'4600262','10064','48737355','192.168.1.77','60007','org.apache.tomcat.util.http.NamesEnumerator@74938dc8','POST','200','Booking','arul.p'),('http-nio-9090-exec-7','2018-01-04 17:41:59','com.etms.bookingcontroller.EmployeeController:170','INFO','New Booking',10000000794,'1229588','10066','48737356','192.168.1.97','53379','org.apache.tomcat.util.http.NamesEnumerator@47f6e7eb','POST','200','Booking','menaka.k'),('http-nio-9090-exec-5','2018-01-04 17:42:29','com.etms.bookingcontroller.EmployeeController:349','INFO','Cancel Booking',10000000795,'1259232','10064','48737354','192.168.1.80','51454','org.apache.tomcat.util.http.NamesEnumerator@64f304a6','PUT','200','Booking','arul.p'),('http-nio-9090-exec-1','2018-01-04 17:44:55','com.etms.bookingcontroller.EmployeeController:170','INFO','New Booking',10000000796,'1405190','10061','48737357','192.168.1.94','55443','org.apache.tomcat.util.http.NamesEnumerator@46f023ad','POST','200','Booking','shivashankari.n'),('localhost-startStop-1','2018-01-04 17:50:51','com.etms.security.config.SimpleCorsFilter:47','INFO','Server Started',10000000797,'0','','','','','','','','',''),('http-nio-9090-exec-8','2018-01-04 18:04:53','com.etms.bookingcontroller.HodController:163','INFO','HOD Approved Booking',10000000798,'841907','10061','48737351','192.168.1.97','54254','org.apache.tomcat.util.http.NamesEnumerator@a936bc7','PUT','200','Booking','shivashankari.n'),('localhost-startStop-1','2018-01-04 19:45:39','com.etms.security.config.SimpleCorsFilter:47','INFO','Server Started',10000000799,'0','','','','','','','','',''),('localhost-startStop-1','2018-01-05 11:19:03','com.etms.security.config.SimpleCorsFilter:47','INFO','Server Started',10000000800,'0','','','','','','','','',''),('localhost-startStop-1','2018-01-05 11:20:35','com.etms.security.config.SimpleCorsFilter:47','INFO','Server Started',10000000801,'0','','','','','','','','',''),('localhost-startStop-1','2018-01-05 11:22:23','com.etms.security.config.SimpleCorsFilter:47','INFO','Server Started',10000000802,'0','','','','','','','','',''),('http-nio-9191-exec-8','2018-01-05 11:26:48','com.etms.bookingcontroller.EmployeeController:167','INFO','New Booking',10000000803,'264382','10062','48737358','192.168.1.97','50984','org.apache.tomcat.util.http.NamesEnumerator@2874a06d','POST','200','Booking','anish.a'),('http-nio-9191-exec-7','2018-01-05 11:27:08','com.etms.bookingcontroller.HodController:163','INFO','HOD Approved Booking',10000000804,'284940','10061','48737358','192.168.1.97','51081','org.apache.tomcat.util.http.NamesEnumerator@592fe709','PUT','200','Booking','shivashankari.n'),('http-nio-9191-exec-6','2018-01-05 11:29:25','com.etms.bookingcontroller.EmployeeController:167','INFO','New Booking',10000000805,'421427','10066','48737359','192.168.1.97','51161','org.apache.tomcat.util.http.NamesEnumerator@428dfd94','POST','200','Booking','menaka.k'),('http-nio-9191-exec-9','2018-01-05 11:30:42','com.etms.bookingcontroller.EmployeeController:167','INFO','New Booking',10000000806,'499137','10062','48737360','192.168.1.97','51348','org.apache.tomcat.util.http.NamesEnumerator@33484b47','POST','200','Booking','anish.a'),('http-nio-9191-exec-3','2018-01-05 11:31:18','com.etms.bookingcontroller.HodController:163','INFO','HOD Approved Booking',10000000807,'534806','10061','48737359','192.168.1.97','51473','org.apache.tomcat.util.http.NamesEnumerator@60029630','PUT','200','Booking','shivashankari.n'),('localhost-startStop-1','2018-01-05 11:31:29','com.etms.security.config.SimpleCorsFilter:47','INFO','Server Started',10000000808,'1','','','','','','','','',''),('http-nio-9191-exec-5','2018-01-05 11:32:49','com.etms.bookingcontroller.EmployeeController:167','INFO','New Booking',10000000809,'625501','10062','48737361','192.168.1.97','51593','org.apache.tomcat.util.http.NamesEnumerator@3c8b2984','POST','200','Booking','anish.a'),('http-nio-9191-exec-1','2018-01-05 11:33:47','com.etms.bookingcontroller.EmployeeController:167','INFO','New Booking',10000000810,'683557','10062','48737362','192.168.1.97','51709','org.apache.tomcat.util.http.NamesEnumerator@50952a6e','POST','200','Booking','anish.a'),('http-nio-9191-exec-7','2018-01-05 11:35:03','com.etms.bookingcontroller.EmployeeController:167','INFO','New Booking',10000000811,'759471','10017','48737363','192.168.1.89','56457','org.apache.tomcat.util.http.NamesEnumerator@30426106','POST','200','Booking','karthikeyan.e'),('http-nio-9191-exec-2','2018-01-05 11:35:16','com.etms.bookingcontroller.HodController:163','INFO','HOD Approved Booking',10000000812,'772725','10061','48737360','192.168.1.97','51815','org.apache.tomcat.util.http.NamesEnumerator@3ef0f9f0','PUT','200','Booking','shivashankari.n'),('http-nio-9191-exec-9','2018-01-05 11:38:39','com.etms.bookingcontroller.EmployeeController:167','INFO','New Booking',10000000813,'976011','10062','48737364','192.168.1.97','52006','org.apache.tomcat.util.http.NamesEnumerator@2f7cd617','POST','200','Booking','anish.a'),('http-nio-9191-exec-10','2018-01-05 11:39:04','com.etms.bookingcontroller.HodController:163','INFO','HOD Approved Booking',10000000814,'1000151','10061','48737361','192.168.1.97','52112','org.apache.tomcat.util.http.NamesEnumerator@2f038c8e','PUT','200','Booking','shivashankari.n'),('http-nio-9191-exec-8','2018-01-05 11:39:41','com.etms.bookingcontroller.EmployeeController:167','INFO','New Booking',10000000815,'1037214','10062','48737365','192.168.1.97','52218','org.apache.tomcat.util.http.NamesEnumerator@64ab9430','POST','200','Booking','anish.a'),('localhost-startStop-1','2018-01-05 11:41:29','com.etms.security.config.SimpleCorsFilter:47','INFO','Server Started',10000000816,'0','','','','','','','','',''),('http-nio-9191-exec-2','2018-01-05 11:41:52','com.etms.bookingcontroller.EmployeeController:167','INFO','New Booking',10000000817,'1169013','10062','48737366','192.168.1.97','52420','org.apache.tomcat.util.http.NamesEnumerator@730a6724','POST','200','Booking','anish.a'),('http-nio-9191-exec-1','2018-01-05 11:43:09','com.etms.bookingcontroller.EmployeeController:167','INFO','New Booking',10000000818,'1245610','10062','48737367','192.168.1.97','52600','org.apache.tomcat.util.http.NamesEnumerator@4e75fe1a','POST','200','Booking','anish.a'),('http-nio-9191-exec-4','2018-01-05 11:43:10','com.etms.bookingcontroller.EmployeeController:474','INFO','Update Booking',10000000819,'1247017','10017','48737363','192.168.1.89','57269','org.apache.tomcat.util.http.NamesEnumerator@6276275b','PUT','200','Booking','karthikeyan.e'),('http-nio-9191-exec-3','2018-01-05 11:43:42','com.etms.bookingcontroller.HodController:163','INFO','HOD Approved Booking',10000000820,'1278274','10061','48737362','192.168.1.97','52704','org.apache.tomcat.util.http.NamesEnumerator@17b86924','PUT','200','Booking','shivashankari.n'),('localhost-startStop-1','2018-01-05 11:43:52','com.etms.security.config.SimpleCorsFilter:47','INFO','Server Started',10000000821,'0','','','','','','','','',''),('http-nio-9191-exec-4','2018-01-05 11:44:24','com.etms.bookingcontroller.EmployeeController:167','INFO','New Booking',10000000822,'1320358','10017','48737368','192.168.1.89','57319','org.apache.tomcat.util.http.NamesEnumerator@79c2c55a','POST','200','Booking','karthikeyan.e'),('http-nio-9191-exec-8','2018-01-05 11:58:21','com.etms.bookingcontroller.EmployeeController:167','INFO','New Booking',10000000823,'2157209','10062','48737369','192.168.1.97','52929','org.apache.tomcat.util.http.NamesEnumerator@624c093e','POST','200','Booking','anish.a'),('http-nio-9191-exec-1','2018-01-05 11:58:50','com.etms.bookingcontroller.EmployeeController:167','INFO','New Booking',10000000824,'2186343','10061','48737370','192.168.1.94','60002','org.apache.tomcat.util.http.NamesEnumerator@457370a7','POST','200','Booking','shivashankari.n'),('http-nio-9191-exec-7','2018-01-05 12:00:38','com.etms.bookingcontroller.EmployeeController:167','INFO','New Booking',10000000825,'2294494','10062','48737371','192.168.1.97','53144','org.apache.tomcat.util.http.NamesEnumerator@72b3df6e','POST','200','Booking','anish.a'),('http-nio-9191-exec-10','2018-01-05 12:02:18','com.etms.bookingcontroller.EmployeeController:167','INFO','New Booking',10000000826,'2394460','10062','48737372','192.168.1.97','53335','org.apache.tomcat.util.http.NamesEnumerator@9823b77','POST','200','Booking','anish.a'),('http-nio-9191-exec-6','2018-01-05 12:06:25','com.etms.bookingcontroller.EmployeeController:167','INFO','New Booking',10000000827,'2641586','10062','48737373','192.168.1.97','53605','org.apache.tomcat.util.http.NamesEnumerator@64f2df2a','POST','200','Booking','anish.a'),('http-nio-9191-exec-6','2018-01-05 12:09:42','com.etms.bookingcontroller.EmployeeController:167','INFO','New Booking',10000000828,'2838409','10062','48737374','192.168.1.97','53808','org.apache.tomcat.util.http.NamesEnumerator@358f4a21','POST','200','Booking','anish.a'),('http-nio-9191-exec-10','2018-01-05 12:13:50','com.etms.bookingcontroller.EmployeeController:167','INFO','New Booking',10000000829,'3087007','10062','48737375','192.168.1.97','54085','org.apache.tomcat.util.http.NamesEnumerator@77f596d6','POST','200','Booking','anish.a'),('http-nio-9191-exec-4','2018-01-05 12:32:34','com.etms.bookingcontroller.HodController:163','INFO','HOD Approved Booking',10000000830,'4210537','10061','48737364','192.168.1.85','3536','org.apache.tomcat.util.http.NamesEnumerator@3caac7aa','PUT','200','Booking','shivashankari.n'),('http-nio-9191-exec-8','2018-01-05 12:34:56','com.etms.bookingcontroller.HodController:163','INFO','HOD Approved Booking',10000000831,'4352476','10061','48737365','192.168.1.85','3686','org.apache.tomcat.util.http.NamesEnumerator@746884ac','PUT','200','Booking','shivashankari.n'),('http-nio-9191-exec-5','2018-01-05 12:39:04','com.etms.bookingcontroller.HodController:163','INFO','HOD Approved Booking',10000000832,'4600220','10061','48737366','192.168.1.85','3842','org.apache.tomcat.util.http.NamesEnumerator@4b9cbaeb','PUT','200','Booking','shivashankari.n'),('http-nio-9191-exec-10','2018-01-05 12:39:45','com.etms.bookingcontroller.HodController:163','INFO','HOD Approved Booking',10000000833,'4641794','10061','48737367','192.168.1.85','3937','org.apache.tomcat.util.http.NamesEnumerator@5df32d9e','PUT','200','Booking','shivashankari.n'),('http-nio-9191-exec-1','2018-01-05 12:42:44','com.etms.bookingcontroller.HodController:163','INFO','HOD Approved Booking',10000000834,'4820549','10061','48737369','192.168.1.85','4073','org.apache.tomcat.util.http.NamesEnumerator@4952f367','PUT','200','Booking','shivashankari.n'),('http-nio-9191-exec-3','2018-01-05 12:45:16','com.etms.bookingcontroller.HodController:163','INFO','HOD Approved Booking',10000000835,'4972287','10061','48737371','192.168.1.85','4273','org.apache.tomcat.util.http.NamesEnumerator@76dc2ec4','PUT','200','Booking','shivashankari.n'),('http-nio-9191-exec-5','2018-01-05 12:45:20','com.etms.bookingcontroller.EmployeeController:167','INFO','New Booking',10000000836,'4976446','10064','48737376','192.168.1.80','57116','org.apache.tomcat.util.http.NamesEnumerator@43a3282d','POST','200','Booking','arul.p'),('http-nio-9191-exec-8','2018-01-05 12:46:17','com.etms.bookingcontroller.EmployeeController:167','INFO','New Booking',10000000837,'5033434','10064','48737377','192.168.1.80','57117','org.apache.tomcat.util.http.NamesEnumerator@6e41add8','POST','200','Booking','arul.p'),('http-nio-9191-exec-7','2018-01-05 12:46:46','com.etms.bookingcontroller.EmployeeController:167','INFO','New Booking',10000000838,'5062248','10066','48737378','192.168.1.85','4414','org.apache.tomcat.util.http.NamesEnumerator@1c4dc15c','POST','200','Booking','menaka.k'),('http-nio-9191-exec-8','2018-01-05 12:47:00','com.etms.bookingcontroller.HodController:163','INFO','HOD Approved Booking',10000000839,'5076760','10061','48737372','192.168.1.85','4414','org.apache.tomcat.util.http.NamesEnumerator@35ea3588','PUT','200','Booking','shivashankari.n'),('http-nio-9191-exec-4','2018-01-05 12:48:37','com.etms.bookingcontroller.HodController:163','INFO','HOD Approved Booking',10000000840,'5173347','10061','48737369','192.168.1.85','4556','org.apache.tomcat.util.http.NamesEnumerator@32ecf7b6','PUT','200','Booking','shivashankari.n'),('http-nio-9191-exec-4','2018-01-05 12:51:36','com.etms.bookingcontroller.EmployeeController:167','INFO','New Booking',10000000841,'5352239','10066','48737379','192.168.1.85','4824','org.apache.tomcat.util.http.NamesEnumerator@53ff4d83','POST','200','Booking','menaka.k'),('http-nio-9191-exec-4','2018-01-05 12:52:29','com.etms.bookingcontroller.EmployeeController:167','INFO','New Booking',10000000842,'5405916','10062','48737380','192.168.1.97','54513','org.apache.tomcat.util.http.NamesEnumerator@50fb34d6','POST','200','Booking','anish.a'),('http-nio-9191-exec-2','2018-01-05 12:55:20','com.etms.bookingcontroller.EmployeeController:167','INFO','New Booking',10000000843,'5576768','10066','48737381','192.168.1.85','5256','org.apache.tomcat.util.http.NamesEnumerator@5bca13ca','POST','200','Booking','menaka.k'),('http-nio-9191-exec-8','2018-01-05 12:55:40','com.etms.bookingcontroller.HodController:163','INFO','HOD Approved Booking',10000000844,'5596241','10061','48737373','192.168.1.85','5256','org.apache.tomcat.util.http.NamesEnumerator@44690b00','PUT','200','Booking','shivashankari.n'),('http-nio-9191-exec-9','2018-01-05 12:58:13','com.etms.bookingcontroller.EmployeeController:167','INFO','New Booking',10000000845,'5749143','10066','48737382','192.168.1.85','5690','org.apache.tomcat.util.http.NamesEnumerator@6bda1c29','POST','200','Booking','menaka.k'),('http-nio-9191-exec-10','2018-01-05 12:59:17','com.etms.bookingcontroller.HodController:163','INFO','HOD Approved Booking',10000000846,'5813533','10061','48737374','192.168.1.85','5895','org.apache.tomcat.util.http.NamesEnumerator@58cd24d','PUT','200','Booking','shivashankari.n'),('http-nio-9191-exec-8','2018-01-05 13:00:21','com.etms.bookingcontroller.EmployeeController:167','INFO','New Booking',10000000847,'5878091','10066','48737383','192.168.1.85','6094','org.apache.tomcat.util.http.NamesEnumerator@7644772f','POST','200','Booking','menaka.k'),('http-nio-9191-exec-6','2018-01-05 13:00:43','com.etms.bookingcontroller.HodController:163','INFO','HOD Approved Booking',10000000848,'5899628','10061','48737375','192.168.1.85','6096','org.apache.tomcat.util.http.NamesEnumerator@24d12877','PUT','200','Booking','shivashankari.n'),('http-nio-9191-exec-6','2018-01-05 13:06:51','com.etms.security.config.SimpleCorsFilter:47','INFO','Server Started',10000000849,'0','','','','','','','','',''),('http-nio-9191-exec-1','2018-01-05 13:37:40','com.etms.bookingcontroller.EmployeeController:181','INFO','New Booking',10000000850,'1849926','10061','48737384','192.168.1.94','62759','org.apache.tomcat.util.http.NamesEnumerator@3d83a38f','POST','200','Booking','shivashankari.n'),('http-nio-9191-exec-5','2018-01-05 13:45:28','com.etms.bookingcontroller.EmployeeController:167','INFO','New Booking',10000000851,'8585077','10064','48737385','192.168.1.80','57625','org.apache.tomcat.util.http.NamesEnumerator@5da739d5','POST','200','Booking','arul.p'),('http-nio-9191-exec-2','2018-01-05 13:48:16','com.etms.bookingcontroller.EmployeeController:167','INFO','New Booking',10000000852,'8753032','10066','48737386','192.168.1.83','49831','org.apache.tomcat.util.http.NamesEnumerator@a13d095','POST','200','Booking','menaka.k'),('http-nio-9191-exec-12','2018-01-05 14:05:02','com.etms.bookingcontroller.HodController:175','INFO','HOD Rejected Booking',10000000853,'3491270','10061','48737386','192.168.1.80','58074','org.apache.tomcat.util.http.NamesEnumerator@2a8ccb53','PUT','200','Booking','shivashankari.n'),('http-nio-9191-exec-18','2018-01-05 14:06:15','com.etms.bookingcontroller.EmployeeController:181','INFO','New Booking',10000000854,'3564357','10066','48737387','192.168.1.85','12332','org.apache.tomcat.util.http.NamesEnumerator@65ee5c82','POST','200','Booking','menaka.k'),('http-nio-9191-exec-16','2018-01-05 14:06:36','com.etms.bookingcontroller.HodController:163','INFO','HOD Approved Booking',10000000855,'3585848','10061','48737385','192.168.1.85','12332','org.apache.tomcat.util.http.NamesEnumerator@186c3844','PUT','200','Booking','shivashankari.n'),('http-nio-9191-exec-18','2018-01-05 14:07:00','com.etms.bookingcontroller.EmployeeController:488','INFO','Update Booking',10000000856,'3609998','10066','48737386','192.168.1.83','51656','org.apache.tomcat.util.http.NamesEnumerator@1f05652d','PUT','200','Booking','menaka.k'),('http-nio-9191-exec-12','2018-01-05 14:07:23','com.etms.bookingcontroller.EmployeeController:488','INFO','Update Booking',10000000857,'3632127','10066','48737386','192.168.1.83','51656','org.apache.tomcat.util.http.NamesEnumerator@5805554b','PUT','200','Booking','menaka.k'),('http-nio-9191-exec-12','2018-01-05 14:08:28','com.etms.bookingcontroller.HodController:175','INFO','HOD Rejected Booking',10000000858,'3697740','10061','48737387','192.168.1.80','58121','org.apache.tomcat.util.http.NamesEnumerator@69fd6f5a','PUT','200','Booking','shivashankari.n'),('http-nio-9191-exec-16','2018-01-05 14:12:25','com.etms.bookingcontroller.EmployeeController:181','INFO','New Booking',10000000859,'3934869','10066','48737388','192.168.1.85','13163','org.apache.tomcat.util.http.NamesEnumerator@11ddb253','POST','200','Booking','menaka.k'),('http-nio-9191-exec-14','2018-01-05 14:16:56','com.etms.bookingcontroller.EmployeeController:181','INFO','New Booking',10000000860,'4205096','10066','48737389','192.168.1.85','13770','org.apache.tomcat.util.http.NamesEnumerator@72719fe5','POST','200','Booking','menaka.k'),('http-nio-9191-exec-11','2018-01-05 14:18:35','com.etms.bookingcontroller.EmployeeController:181','INFO','New Booking',10000000861,'4304053','10066','48737390','192.168.1.85','14103','org.apache.tomcat.util.http.NamesEnumerator@4867acec','POST','200','Booking','menaka.k'),('http-nio-9191-exec-16','2018-01-05 14:23:41','com.etms.bookingcontroller.EmployeeController:181','INFO','New Booking',10000000862,'4610368','10062','48737391','192.168.1.97','64286','org.apache.tomcat.util.http.NamesEnumerator@55effb19','POST','200','Booking','anish.a'),('http-nio-9191-exec-12','2018-01-05 14:30:24','com.etms.bookingcontroller.EmployeeController:181','INFO','New Booking',10000000863,'5013984','10062','48737392','192.168.1.97','64531','org.apache.tomcat.util.http.NamesEnumerator@10c1da91','POST','200','Booking','anish.a'),('http-nio-9191-exec-20','2018-01-05 14:32:59','com.etms.bookingcontroller.EmployeeController:181','INFO','New Booking',10000000864,'5168895','10062','48737393','192.168.1.97','64787','org.apache.tomcat.util.http.NamesEnumerator@1052ccfc','POST','200','Booking','anish.a'),('http-nio-9191-exec-15','2018-01-05 14:36:54','com.etms.bookingcontroller.EmployeeController:181','INFO','New Booking',10000000865,'5403840','10062','48737394','192.168.1.97','65036','org.apache.tomcat.util.http.NamesEnumerator@55491514','POST','200','Booking','anish.a'),('http-nio-9191-exec-20','2018-01-05 14:38:13','com.etms.bookingcontroller.EmployeeController:181','INFO','New Booking',10000000866,'5482434','10066','48737395','192.168.1.83','54909','org.apache.tomcat.util.http.NamesEnumerator@2d0a60a4','POST','200','Booking','menaka.k'),('http-nio-9191-exec-12','2018-01-05 14:43:22','com.etms.bookingcontroller.EmployeeController:181','INFO','New Booking',10000000867,'5791354','10066','48737396','192.168.1.89','59270','org.apache.tomcat.util.http.NamesEnumerator@391050c6','POST','200','Booking','menaka.k'),('http-nio-9191-exec-18','2018-01-05 14:44:14','com.etms.bookingcontroller.EmployeeController:488','INFO','Update Booking',10000000868,'5843399','10066','48737396','192.168.1.89','59342','org.apache.tomcat.util.http.NamesEnumerator@172a18f2','PUT','200','Booking','menaka.k'),('http-nio-9191-exec-18','2018-01-05 14:44:41','com.etms.bookingcontroller.EmployeeController:181','INFO','New Booking',10000000869,'5870237','10066','48737397','192.168.1.89','59342','org.apache.tomcat.util.http.NamesEnumerator@40ecaab3','POST','200','Booking','menaka.k'),('http-nio-9191-exec-16','2018-01-05 14:45:30','com.etms.bookingcontroller.HodController:163','INFO','HOD Approved Booking',10000000870,'5919176','10061','48737397','192.168.1.89','59341','org.apache.tomcat.util.http.NamesEnumerator@743a65c1','PUT','200','Booking','shivashankari.n'),('http-nio-9191-exec-18','2018-01-05 14:45:47','com.etms.bookingcontroller.HodController:175','INFO','HOD Rejected Booking',10000000871,'5936435','10061','48737396','192.168.1.89','59341','org.apache.tomcat.util.http.NamesEnumerator@200c9a32','PUT','200','Booking','shivashankari.n'),('http-nio-9191-exec-17','2018-01-05 14:46:31','com.etms.bookingcontroller.HodController:175','INFO','HOD Rejected Booking',10000000872,'5980541','10061','48737395','192.168.1.89','59542','org.apache.tomcat.util.http.NamesEnumerator@17fc9e0f','PUT','200','Booking','shivashankari.n'),('http-nio-9191-exec-19','2018-01-05 14:46:38','com.etms.bookingcontroller.HodController:163','INFO','HOD Approved Booking',10000000873,'5987912','10061','48737394','192.168.1.89','59542','org.apache.tomcat.util.http.NamesEnumerator@2deca368','PUT','200','Booking','shivashankari.n'),('http-nio-9191-exec-15','2018-01-05 14:47:19','com.etms.bookingcontroller.HrController:207','INFO','HR Rejected Booking',10000000874,'6028435','10003','48737384','192.168.1.89','59620','org.apache.tomcat.util.http.NamesEnumerator@68c51e01','PUT','200','Booking','subarna.p'),('http-nio-9191-exec-16','2018-01-05 14:47:47','com.etms.bookingcontroller.HrController:196','INFO','HR Scheduled Booking',10000000875,'6056470','10003','48737385','192.168.1.89','59657','org.apache.tomcat.util.http.NamesEnumerator@523a5996','PUT','200','Booking','subarna.p'),('http-nio-9191-exec-16','2018-01-05 14:50:17','com.etms.bookingcontroller.EmployeeController:181','INFO','New Booking',10000000876,'6206977','10003','48737398','192.168.1.89','59869','org.apache.tomcat.util.http.NamesEnumerator@6526ab14','POST','200','Booking','subarna.p'),('http-nio-9191-exec-20','2018-01-05 14:55:02','com.etms.bookingcontroller.EmployeeController:181','INFO','New Booking',10000000877,'6491874','10062','48737399','192.168.1.97','65268','org.apache.tomcat.util.http.NamesEnumerator@3aa4c80e','POST','200','Booking','anish.a'),('http-nio-9191-exec-19','2018-01-05 14:56:17','com.etms.bookingcontroller.HodController:163','INFO','HOD Approved Booking',10000000878,'6566405','10061','48737391','192.168.1.80','50927','org.apache.tomcat.util.http.NamesEnumerator@7923adf6','PUT','200','Booking','shivashankari.n'),('http-nio-9191-exec-18','2018-01-05 14:57:01','com.etms.bookingcontroller.EmployeeController:181','INFO','New Booking',10000000879,'6610237','10062','48737400','192.168.1.97','65470','org.apache.tomcat.util.http.NamesEnumerator@7c32583e','POST','200','Booking','anish.a'),('http-nio-9191-exec-11','2018-01-05 14:57:09','com.etms.bookingcontroller.HodController:163','INFO','HOD Approved Booking',10000000880,'6618823','10061','48737386','192.168.1.80','50927','org.apache.tomcat.util.http.NamesEnumerator@32a5bec1','PUT','200','Booking','shivashankari.n'),('http-nio-9191-exec-11','2018-01-05 14:57:44','com.etms.bookingcontroller.HrController:207','INFO','HR Rejected Booking',10000000881,'6653257','10003','48737386','192.168.1.80','50927','org.apache.tomcat.util.http.NamesEnumerator@32ccda93','PUT','200','Booking','subarna.p'),('http-nio-9191-exec-11','2018-01-05 14:58:17','com.etms.bookingcontroller.EmployeeController:181','INFO','New Booking',10000000882,'6686412','10066','48737401','192.168.1.85','15876','org.apache.tomcat.util.http.NamesEnumerator@38a8d666','POST','200','Booking','menaka.k'),('http-nio-9191-exec-16','2018-01-05 15:01:11','com.etms.bookingcontroller.EmployeeController:181','INFO','New Booking',10000000883,'6860567','10066','48737402','192.168.1.85','16079','org.apache.tomcat.util.http.NamesEnumerator@7d9cee35','POST','200','Booking','menaka.k'),('http-nio-9191-exec-14','2018-01-05 15:05:21','com.etms.bookingcontroller.HodController:175','INFO','HOD Rejected Booking',10000000884,'7110738','10061','48737388','192.168.1.80','51023','org.apache.tomcat.util.http.NamesEnumerator@4e8b2f8','PUT','200','Booking','shivashankari.n'),('http-nio-9191-exec-14','2018-01-05 15:05:57','com.etms.bookingcontroller.EmployeeController:360','INFO','Cancel Booking',10000000885,'7146531','10066','48737389','192.168.1.80','51041','org.apache.tomcat.util.http.NamesEnumerator@60be57ed','PUT','200','Booking','menaka.k'),('http-nio-9191-exec-16','2018-01-05 15:06:41','com.etms.bookingcontroller.OperatorController:195','INFO','Operator Declined',10000000886,'7190293','200003','48737385','192.168.1.80','51048','org.apache.tomcat.util.http.NamesEnumerator@c07cb06','PUT','200','Booking','lakshmi.k@cabopnow.com'),('http-nio-9191-exec-12','2018-01-05 15:06:45','com.etms.bookingcontroller.EmployeeController:181','INFO','New Booking',10000000887,'7194575','10062','48737403','192.168.1.97','49340','org.apache.tomcat.util.http.NamesEnumerator@603afe3f','POST','200','Booking','anish.a'),('http-nio-9191-exec-16','2018-01-05 15:10:23','com.etms.bookingcontroller.EmployeeController:181','INFO','New Booking',10000000888,'7412931','10066','48737404','192.168.1.85','16559','org.apache.tomcat.util.http.NamesEnumerator@6139bc4d','POST','200','Booking','menaka.k'),('http-nio-9191-exec-13','2018-01-05 15:22:19','com.etms.bookingcontroller.EmployeeController:181','INFO','New Booking',10000000889,'8128066','10062','48737405','192.168.1.97','49555','org.apache.tomcat.util.http.NamesEnumerator@3e7c4dfc','POST','200','Booking','anish.a'),('http-nio-9191-exec-18','2018-01-05 15:26:22','com.etms.bookingcontroller.HrController:196','INFO','HR Scheduled Booking',10000000890,'8371639','10003','48737391','192.168.1.85','16820','org.apache.tomcat.util.http.NamesEnumerator@3bfc09bd','PUT','200','Booking','subarna.p'),('http-nio-9191-exec-13','2018-01-05 15:30:10','com.etms.bookingcontroller.EmployeeController:181','INFO','New Booking',10000000891,'8599723','10062','48737406','192.168.1.97','49871','org.apache.tomcat.util.http.NamesEnumerator@48137f0e','POST','200','Booking','anish.a'),('http-nio-9191-exec-12','2018-01-05 15:35:32','com.etms.bookingcontroller.EmployeeController:181','INFO','New Booking',10000000892,'8921971','10062','48737407','192.168.1.97','50138','org.apache.tomcat.util.http.NamesEnumerator@469c6293','POST','200','Booking','anish.a'),('http-nio-9191-exec-17','2018-01-05 15:42:01','com.etms.bookingcontroller.EmployeeController:181','INFO','New Booking',10000000893,'9310546','10062','48737408','192.168.1.97','50564','org.apache.tomcat.util.http.NamesEnumerator@278f8c9f','POST','200','Booking','anish.a'),('http-nio-9191-exec-17','2018-01-05 15:43:48','com.etms.bookingcontroller.EmployeeController:181','INFO','New Booking',10000000894,'9417572','10062','48737409','192.168.1.97','50810','org.apache.tomcat.util.http.NamesEnumerator@60942e91','POST','200','Booking','anish.a'),('http-nio-9191-exec-19','2018-01-05 15:45:33','com.etms.bookingcontroller.EmployeeController:181','INFO','New Booking',10000000895,'9522407','10062','48737410','192.168.1.97','51091','org.apache.tomcat.util.http.NamesEnumerator@3bdd5255','POST','200','Booking','anish.a'),('http-nio-9191-exec-20','2018-01-05 15:46:41','com.etms.bookingcontroller.EmployeeController:181','INFO','New Booking',10000000896,'9590532','10061','48737411','192.168.1.80','51398','org.apache.tomcat.util.http.NamesEnumerator@31ac1f8d','POST','200','Booking','shivashankari.n'),('http-nio-9191-exec-19','2018-01-05 15:47:10','com.etms.bookingcontroller.HrController:207','INFO','HR Rejected Booking',10000000897,'9619067','10003','48737411','192.168.1.80','51399','org.apache.tomcat.util.http.NamesEnumerator@86cf4d','PUT','200','Booking','subarna.p'),('http-nio-9191-exec-14','2018-01-05 15:47:10','com.etms.bookingcontroller.EmployeeController:181','INFO','New Booking',10000000898,'9619785','10062','48737412','192.168.1.97','51274','org.apache.tomcat.util.http.NamesEnumerator@547bd237','POST','200','Booking','anish.a'),('http-nio-9191-exec-13','2018-01-05 15:48:01','com.etms.bookingcontroller.HodController:163','INFO','HOD Approved Booking',10000000899,'9670201','10061','48737390','192.168.1.97','51409','org.apache.tomcat.util.http.NamesEnumerator@6cd50cda','PUT','200','Booking','shivashankari.n'),('http-nio-9191-exec-11','2018-01-05 15:48:04','com.etms.bookingcontroller.HodController:163','INFO','HOD Approved Booking',10000000900,'9673364','10061','48737392','192.168.1.97','51409','org.apache.tomcat.util.http.NamesEnumerator@796955bd','PUT','200','Booking','shivashankari.n'),('http-nio-9191-exec-18','2018-01-05 15:48:07','com.etms.bookingcontroller.HodController:163','INFO','HOD Approved Booking',10000000901,'9676461','10061','48737393','192.168.1.97','51409','org.apache.tomcat.util.http.NamesEnumerator@ec4ac85','PUT','200','Booking','shivashankari.n'),('http-nio-9191-exec-13','2018-01-05 15:48:10','com.etms.bookingcontroller.HodController:163','INFO','HOD Approved Booking',10000000902,'9679449','10061','48737399','192.168.1.97','51409','org.apache.tomcat.util.http.NamesEnumerator@275bba52','PUT','200','Booking','shivashankari.n'),('http-nio-9191-exec-20','2018-01-05 15:49:10','com.etms.bookingcontroller.EmployeeController:181','INFO','New Booking',10000000903,'9739722','10066','48737413','192.168.1.85','18910','org.apache.tomcat.util.http.NamesEnumerator@466ca104','POST','200','Booking','menaka.k'),('http-nio-9191-exec-13','2018-01-05 15:49:26','com.etms.bookingcontroller.EmployeeController:181','INFO','New Booking',10000000904,'9755894','10062','48737414','192.168.1.97','51478','org.apache.tomcat.util.http.NamesEnumerator@25d7c9d2','POST','200','Booking','anish.a'),('http-nio-9191-exec-20','2018-01-05 15:51:24','com.etms.bookingcontroller.EmployeeController:181','INFO','New Booking',10000000905,'9873601','10062','48737415','192.168.1.97','51727','org.apache.tomcat.util.http.NamesEnumerator@23104563','POST','200','Booking','anish.a'),('http-nio-9191-exec-16','2018-01-05 15:52:07','com.etms.bookingcontroller.EmployeeController:488','INFO','Update Booking',10000000906,'9916862','10066','48737395','192.168.1.83','62843','org.apache.tomcat.util.http.NamesEnumerator@6a2f79c4','PUT','200','Booking','menaka.k'),('http-nio-9191-exec-17','2018-01-05 15:53:57','com.etms.bookingcontroller.EmployeeController:181','INFO','New Booking',10000000907,'10026708','10062','48737416','192.168.1.97','51988','org.apache.tomcat.util.http.NamesEnumerator@420c9b72','POST','200','Booking','anish.a'),('http-nio-9191-exec-13','2018-01-05 15:55:40','com.etms.bookingcontroller.EmployeeController:360','INFO','Cancel Booking',10000000908,'10129434','10066','48737413','192.168.1.74','49435','org.apache.tomcat.util.http.NamesEnumerator@b877165','PUT','200','Booking','menaka.k'),('http-nio-9191-exec-20','2018-01-05 15:58:30','com.etms.bookingcontroller.EmployeeController:181','INFO','New Booking',10000000909,'10299624','10066','48737417','192.168.1.83','63438','org.apache.tomcat.util.http.NamesEnumerator@5715cc76','POST','200','Booking','menaka.k'),('http-nio-9191-exec-16','2018-01-05 16:01:36','com.etms.bookingcontroller.EmployeeController:488','INFO','Update Booking',10000000910,'10485926','10066','48737417','192.168.1.83','63760','org.apache.tomcat.util.http.NamesEnumerator@6e35a0c6','PUT','200','Booking','menaka.k'),('http-nio-9191-exec-14','2018-01-05 16:01:54','com.etms.bookingcontroller.EmployeeController:181','INFO','New Booking',10000000911,'10503480','10009','48737418','192.168.1.91','53422','org.apache.tomcat.util.http.NamesEnumerator@12741b94','POST','200','Booking','harsha.t'),('http-nio-9191-exec-17','2018-01-05 16:30:42','com.etms.bookingcontroller.EmployeeController:488','INFO','Update Booking',10000000912,'12231810','10066','48737402','192.168.1.83','49948','org.apache.tomcat.util.http.NamesEnumerator@1d5fe50e','PUT','200','Booking','menaka.k'),('http-nio-9191-exec-13','2018-01-05 16:31:33','com.etms.bookingcontroller.EmployeeController:488','INFO','Update Booking',10000000913,'12282837','10066','48737402','192.168.1.83','50025','org.apache.tomcat.util.http.NamesEnumerator@30f0bdf','PUT','200','Booking','menaka.k'),('http-nio-9191-exec-14','2018-01-05 16:32:54','com.etms.bookingcontroller.EmployeeController:181','INFO','New Booking',10000000914,'12363261','10066','48737419','192.168.1.83','50108','org.apache.tomcat.util.http.NamesEnumerator@7cb48b49','POST','200','Booking','menaka.k'),('http-nio-9191-exec-14','2018-01-05 16:33:21','com.etms.bookingcontroller.EmployeeController:488','INFO','Update Booking',10000000915,'12390921','10066','48737419','192.168.1.83','50184','org.apache.tomcat.util.http.NamesEnumerator@67226fc','PUT','200','Booking','menaka.k'),('http-nio-9191-exec-12','2018-01-05 16:34:06','com.etms.bookingcontroller.EmployeeController:488','INFO','Update Booking',10000000916,'12435503','10066','48737419','192.168.1.83','50271','org.apache.tomcat.util.http.NamesEnumerator@67ce8975','PUT','200','Booking','menaka.k'),('http-nio-9191-exec-14','2018-01-05 16:38:34','com.etms.bookingcontroller.EmployeeController:488','INFO','Update Booking',10000000917,'12703188','10066','48737404','192.168.1.83','50755','org.apache.tomcat.util.http.NamesEnumerator@6fc1b8a','PUT','200','Booking','menaka.k'),('http-nio-9191-exec-14','2018-01-05 16:39:32','com.etms.bookingcontroller.EmployeeController:181','INFO','New Booking',10000000918,'12761954','10066','48737420','192.168.1.85','26360','org.apache.tomcat.util.http.NamesEnumerator@e5d06e0','POST','200','Booking','menaka.k'),('http-nio-9191-exec-17','2018-01-05 16:41:04','com.etms.bookingcontroller.EmployeeController:181','INFO','New Booking',10000000919,'12853011','10066','48737421','192.168.1.85','26733','org.apache.tomcat.util.http.NamesEnumerator@8d8ae2','POST','200','Booking','menaka.k'),('http-nio-9191-exec-15','2018-01-05 16:42:26','com.etms.bookingcontroller.EmployeeController:181','INFO','New Booking',10000000920,'12935155','10066','48737422','192.168.1.85','27069','org.apache.tomcat.util.http.NamesEnumerator@69df3522','POST','200','Booking','menaka.k'),('http-nio-9191-exec-19','2018-01-05 16:42:45','com.etms.bookingcontroller.EmployeeController:488','INFO','Update Booking',10000000921,'12954933','10066','48737419','192.168.1.83','51187','org.apache.tomcat.util.http.NamesEnumerator@ac917f9','PUT','200','Booking','menaka.k'),('http-nio-9191-exec-13','2018-01-05 16:45:49','com.etms.bookingcontroller.EmployeeController:488','INFO','Update Booking',10000000922,'13138494','10066','48737419','192.168.1.83','51509','org.apache.tomcat.util.http.NamesEnumerator@55d75124','PUT','200','Booking','menaka.k'),('http-nio-9191-exec-11','2018-01-05 16:48:21','com.etms.bookingcontroller.EmployeeController:181','INFO','New Booking',10000000923,'13290633','10062','48737423','192.168.1.97','52506','org.apache.tomcat.util.http.NamesEnumerator@1091f194','POST','200','Booking','anish.a'),('http-nio-9191-exec-16','2018-01-05 16:49:36','com.etms.bookingcontroller.EmployeeController:181','INFO','New Booking',10000000924,'13365081','10066','48737424','192.168.1.85','27880','org.apache.tomcat.util.http.NamesEnumerator@738d8ce6','POST','200','Booking','menaka.k'),('http-nio-9191-exec-15','2018-01-05 16:51:42','com.etms.bookingcontroller.EmployeeController:181','INFO','New Booking',10000000925,'13491136','10062','48737425','192.168.1.97','52696','org.apache.tomcat.util.http.NamesEnumerator@1bbc108b','POST','200','Booking','anish.a'),('http-nio-9191-exec-15','2018-01-05 16:53:32','com.etms.bookingcontroller.EmployeeController:181','INFO','New Booking',10000000926,'13601634','10062','48737426','192.168.1.97','52888','org.apache.tomcat.util.http.NamesEnumerator@3c984ea','POST','200','Booking','anish.a'),('http-nio-9191-exec-19','2018-01-05 16:54:16','com.etms.bookingcontroller.HodController:163','INFO','HOD Approved Booking',10000000927,'13645917','10061','48737406','192.168.1.97','53039','org.apache.tomcat.util.http.NamesEnumerator@483c1f65','PUT','200','Booking','shivashankari.n'),('http-nio-9191-exec-16','2018-01-05 16:54:20','com.etms.bookingcontroller.HodController:163','INFO','HOD Approved Booking',10000000928,'13649190','10061','48737407','192.168.1.97','53039','org.apache.tomcat.util.http.NamesEnumerator@792566d1','PUT','200','Booking','shivashankari.n'),('http-nio-9191-exec-20','2018-01-05 16:54:23','com.etms.bookingcontroller.HodController:163','INFO','HOD Approved Booking',10000000929,'13652155','10061','48737408','192.168.1.97','53039','org.apache.tomcat.util.http.NamesEnumerator@5ec190aa','PUT','200','Booking','shivashankari.n'),('http-nio-9191-exec-15','2018-01-05 16:54:25','com.etms.bookingcontroller.HodController:163','INFO','HOD Approved Booking',10000000930,'13654954','10061','48737409','192.168.1.97','53039','org.apache.tomcat.util.http.NamesEnumerator@5dea7d25','PUT','200','Booking','shivashankari.n'),('http-nio-9191-exec-11','2018-01-05 16:54:30','com.etms.bookingcontroller.HodController:163','INFO','HOD Approved Booking',10000000931,'13659355','10061','48737410','192.168.1.97','53039','org.apache.tomcat.util.http.NamesEnumerator@208b9dfd','PUT','200','Booking','shivashankari.n'),('http-nio-9191-exec-17','2018-01-05 16:54:33','com.etms.bookingcontroller.HodController:163','INFO','HOD Approved Booking',10000000932,'13662521','10061','48737412','192.168.1.97','53039','org.apache.tomcat.util.http.NamesEnumerator@64133810','PUT','200','Booking','shivashankari.n'),('http-nio-9191-exec-19','2018-01-05 16:54:37','com.etms.bookingcontroller.HodController:163','INFO','HOD Approved Booking',10000000933,'13666264','10061','48737414','192.168.1.97','53039','org.apache.tomcat.util.http.NamesEnumerator@71755934','PUT','200','Booking','shivashankari.n'),('http-nio-9191-exec-16','2018-01-05 16:55:11','com.etms.bookingcontroller.EmployeeController:181','INFO','New Booking',10000000934,'13700599','10062','48737427','192.168.1.97','53119','org.apache.tomcat.util.http.NamesEnumerator@1758f9d2','POST','200','Booking','anish.a'),('http-nio-9191-exec-11','2018-01-05 16:56:25','com.etms.bookingcontroller.EmployeeController:488','INFO','Update Booking',10000000935,'13774952','10066','48737419','192.168.1.83','52485','org.apache.tomcat.util.http.NamesEnumerator@64ee0cf','PUT','200','Booking','menaka.k'),('http-nio-9191-exec-18','2018-01-05 16:57:45','com.etms.bookingcontroller.EmployeeController:488','INFO','Update Booking',10000000936,'13854621','10066','48737419','192.168.1.83','52623','org.apache.tomcat.util.http.NamesEnumerator@208f11d0','PUT','200','Booking','menaka.k'),('http-nio-9191-exec-11','2018-01-05 16:59:45','com.etms.bookingcontroller.EmployeeController:181','INFO','New Booking',10000000937,'13974708','10066','48737428','192.168.1.85','29044','org.apache.tomcat.util.http.NamesEnumerator@6ab7d25b','POST','200','Booking','menaka.k'),('http-nio-9191-exec-15','2018-01-05 17:00:01','com.etms.bookingcontroller.HrController:196','INFO','HR Scheduled Booking',10000000938,'13990109','10003','48737406','192.168.1.94','54652','org.apache.tomcat.util.http.NamesEnumerator@690fad01','PUT','200','Booking','subarna.p'),('localhost-startStop-1','2018-01-05 17:02:05','com.etms.security.config.SimpleCorsFilter:47','INFO','Server Started',10000000939,'0','','','','','','','','',''),('http-nio-9191-exec-16','2018-01-05 17:02:15','com.etms.bookingcontroller.EmployeeController:488','INFO','Update Booking',10000000940,'14124832','10066','48737419','192.168.1.83','52998','org.apache.tomcat.util.http.NamesEnumerator@614c649f','PUT','200','Booking','menaka.k'),('http-nio-9191-exec-11','2018-01-05 17:04:32','com.etms.bookingcontroller.EmployeeController:181','INFO','New Booking',10000000941,'14261710','10066','48737429','192.168.1.85','29650','org.apache.tomcat.util.http.NamesEnumerator@537fc58e','POST','200','Booking','menaka.k'),('http-nio-9191-exec-13','2018-01-05 17:06:10','com.etms.bookingcontroller.EmployeeController:488','INFO','Update Booking',10000000942,'14359975','10066','48737419','192.168.1.83','53314','org.apache.tomcat.util.http.NamesEnumerator@639c2760','PUT','200','Booking','menaka.k'),('http-nio-9191-exec-13','2018-01-05 17:07:01','com.etms.bookingcontroller.EmployeeController:181','INFO','New Booking',10000000943,'14410588','10066','48737430','192.168.1.85','29859','org.apache.tomcat.util.http.NamesEnumerator@6e70aa66','POST','200','Booking','menaka.k'),('http-nio-9191-exec-17','2018-01-05 17:07:15','com.etms.bookingcontroller.EmployeeController:488','INFO','Update Booking',10000000944,'14424127','10066','48737419','192.168.1.83','53365','org.apache.tomcat.util.http.NamesEnumerator@1497d942','PUT','200','Booking','menaka.k'),('http-nio-9191-exec-13','2018-01-05 17:08:05','com.etms.bookingcontroller.EmployeeController:488','INFO','Update Booking',10000000945,'14474878','10066','48737419','192.168.1.83','53480','org.apache.tomcat.util.http.NamesEnumerator@f892175','PUT','200','Booking','menaka.k'),('http-nio-9191-exec-19','2018-01-05 17:13:49','com.etms.bookingcontroller.EmployeeController:181','INFO','New Booking',10000000946,'14818943','10066','48737431','192.168.1.86','56161','org.apache.tomcat.util.http.NamesEnumerator@258c1b21','POST','200','Booking','menaka.k'),('http-nio-9191-exec-20','2018-01-05 17:16:12','com.etms.bookingcontroller.EmployeeController:181','INFO','New Booking',10000000947,'14961792','10066','48737432','192.168.1.85','30169','org.apache.tomcat.util.http.NamesEnumerator@19b5fd58','POST','200','Booking','menaka.k'),('http-nio-9191-exec-15','2018-01-05 17:17:29','com.etms.bookingcontroller.HodController:163','INFO','HOD Approved Booking',10000000948,'15038165','10061','48737415','192.168.1.80','52062','org.apache.tomcat.util.http.NamesEnumerator@27b8dc1c','PUT','200','Booking','shivashankari.n'),('http-nio-9191-exec-20','2018-01-05 17:17:40','com.etms.bookingcontroller.HrController:196','INFO','HR Scheduled Booking',10000000949,'15049954','10003','48737415','192.168.1.80','52062','org.apache.tomcat.util.http.NamesEnumerator@3fb451f2','PUT','200','Booking','subarna.p'),('http-nio-9191-exec-17','2018-01-05 17:17:52','com.etms.bookingcontroller.OperatorController:195','INFO','Operator Declined',10000000950,'15061148','200003','48737415','192.168.1.80','52075','org.apache.tomcat.util.http.NamesEnumerator@6fcd7513','PUT','200','Booking','lakshmi.k@cabopnow.com'),('http-nio-9191-exec-18','2018-01-05 17:19:07','com.etms.bookingcontroller.EmployeeController:181','INFO','New Booking',10000000951,'15136151','10062','48737433','192.168.1.97','53383','org.apache.tomcat.util.http.NamesEnumerator@44b92c10','POST','200','Booking','anish.a'),('http-nio-9191-exec-20','2018-01-05 17:20:33','com.etms.bookingcontroller.EmployeeController:181','INFO','New Booking',10000000952,'15222928','10062','48737434','192.168.1.97','53574','org.apache.tomcat.util.http.NamesEnumerator@218a5358','POST','200','Booking','anish.a'),('localhost-startStop-1','2018-01-05 17:21:01','com.etms.security.config.SimpleCorsFilter:47','INFO','Server Started',10000000953,'0','','','','','','','','',''),('http-nio-9191-exec-18','2018-01-05 17:21:53','com.etms.bookingcontroller.EmployeeController:181','INFO','New Booking',10000000954,'15302365','10066','48737435','192.168.1.86','56374','org.apache.tomcat.util.http.NamesEnumerator@59bf4390','POST','200','Booking','menaka.k'),('http-nio-9191-exec-13','2018-01-05 17:26:14','com.etms.bookingcontroller.EmployeeController:181','INFO','New Booking',10000000955,'15563566','10066','48737436','192.168.1.85','30612','org.apache.tomcat.util.http.NamesEnumerator@39ba2466','POST','200','Booking','menaka.k'),('http-nio-9191-exec-18','2018-01-05 17:26:29','com.etms.bookingcontroller.EmployeeController:181','INFO','New Booking',10000000956,'15578662','10066','48737437','192.168.1.86','56537','org.apache.tomcat.util.http.NamesEnumerator@5fecc70f','POST','200','Booking','menaka.k'),('http-nio-9191-exec-18','2018-01-05 17:27:44','com.etms.bookingcontroller.HrController:196','INFO','HR Scheduled Booking',10000000957,'15653333','10003','48737408','192.168.1.97','53779','org.apache.tomcat.util.http.NamesEnumerator@6dadbb9f','PUT','200','Booking','subarna.p'),('http-nio-9191-exec-20','2018-01-05 17:28:05','com.etms.bookingcontroller.HodController:163','INFO','HOD Approved Booking',10000000958,'15674093','10061','48737420','192.168.1.97','53779','org.apache.tomcat.util.http.NamesEnumerator@22d4ddf8','PUT','200','Booking','shivashankari.n'),('http-nio-9191-exec-14','2018-01-05 17:28:09','com.etms.bookingcontroller.HodController:163','INFO','HOD Approved Booking',10000000959,'15678371','10061','48737421','192.168.1.97','53779','org.apache.tomcat.util.http.NamesEnumerator@5d9f6d5c','PUT','200','Booking','shivashankari.n'),('http-nio-9191-exec-15','2018-01-05 17:28:11','com.etms.bookingcontroller.EmployeeController:181','INFO','New Booking',10000000960,'15680086','10066','48737438','192.168.1.86','56573','org.apache.tomcat.util.http.NamesEnumerator@4e0c5c41','POST','200','Booking','menaka.k'),('http-nio-9191-exec-17','2018-01-05 17:28:12','com.etms.bookingcontroller.HodController:163','INFO','HOD Approved Booking',10000000961,'15681274','10061','48737422','192.168.1.97','53779','org.apache.tomcat.util.http.NamesEnumerator@38d99dca','PUT','200','Booking','shivashankari.n'),('http-nio-9191-exec-14','2018-01-05 17:28:15','com.etms.bookingcontroller.HodController:163','INFO','HOD Approved Booking',10000000962,'15684118','10061','48737423','192.168.1.97','53779','org.apache.tomcat.util.http.NamesEnumerator@51945407','PUT','200','Booking','shivashankari.n'),('http-nio-9191-exec-16','2018-01-05 17:28:17','com.etms.bookingcontroller.HodController:163','INFO','HOD Approved Booking',10000000963,'15686746','10061','48737424','192.168.1.97','53779','org.apache.tomcat.util.http.NamesEnumerator@4585ad5c','PUT','200','Booking','shivashankari.n'),('http-nio-9191-exec-17','2018-01-05 17:28:37','com.etms.bookingcontroller.HrController:196','INFO','HR Scheduled Booking',10000000964,'15706755','10003','48737420','192.168.1.97','53779','org.apache.tomcat.util.http.NamesEnumerator@4282be7a','PUT','200','Booking','subarna.p'),('http-nio-9191-exec-12','2018-01-05 17:28:42','com.etms.bookingcontroller.HrController:196','INFO','HR Scheduled Booking',10000000965,'15711903','10003','48737421','192.168.1.97','53779','org.apache.tomcat.util.http.NamesEnumerator@5d69a003','PUT','200','Booking','subarna.p'),('http-nio-9191-exec-20','2018-01-05 17:28:47','com.etms.bookingcontroller.HrController:196','INFO','HR Scheduled Booking',10000000966,'15716525','10003','48737422','192.168.1.97','53779','org.apache.tomcat.util.http.NamesEnumerator@252a83b8','PUT','200','Booking','subarna.p'),('http-nio-9191-exec-12','2018-01-05 17:33:23','com.etms.bookingcontroller.EmployeeController:181','INFO','New Booking',10000000967,'15992036','10066','48737439','192.168.1.86','56883','org.apache.tomcat.util.http.NamesEnumerator@48b453f7','POST','200','Booking','menaka.k'),('http-nio-9191-exec-18','2018-01-05 17:35:32','com.etms.bookingcontroller.EmployeeController:181','INFO','New Booking',10000000968,'16121890','10066','48737440','192.168.1.86','56916','org.apache.tomcat.util.http.NamesEnumerator@4027e8b3','POST','200','Booking','menaka.k'),('http-nio-9191-exec-15','2018-01-05 17:38:48','com.etms.bookingcontroller.EmployeeController:181','INFO','New Booking',10000000969,'16317588','10066','48737441','192.168.1.85','31059','org.apache.tomcat.util.http.NamesEnumerator@3912d9c4','POST','200','Booking','menaka.k'),('http-nio-9191-exec-19','2018-01-05 17:39:46','com.etms.bookingcontroller.EmployeeController:181','INFO','New Booking',10000000970,'16375201','10066','48737442','192.168.1.86','56974','org.apache.tomcat.util.http.NamesEnumerator@148f2cc7','POST','200','Booking','menaka.k'),('http-nio-9191-exec-13','2018-01-05 17:41:52','com.etms.bookingcontroller.EmployeeController:181','INFO','New Booking',10000000971,'16501357','10066','48737443','192.168.1.86','57038','org.apache.tomcat.util.http.NamesEnumerator@537fe7d2','POST','200','Booking','menaka.k'),('http-nio-9191-exec-13','2018-01-05 17:44:34','com.etms.bookingcontroller.EmployeeController:181','INFO','New Booking',10000000972,'16663784','10066','48737444','192.168.1.86','57094','org.apache.tomcat.util.http.NamesEnumerator@522d517c','POST','200','Booking','menaka.k'),('http-nio-9191-exec-17','2018-01-05 17:45:59','com.etms.bookingcontroller.EmployeeController:181','INFO','New Booking',10000000973,'16748123','10066','48737445','192.168.1.86','57185','org.apache.tomcat.util.http.NamesEnumerator@6ecc5b04','POST','200','Booking','menaka.k'),('http-nio-9191-exec-15','2018-01-05 17:47:21','com.etms.bookingcontroller.EmployeeController:181','INFO','New Booking',10000000974,'16830033','10066','48737446','192.168.1.86','57243','org.apache.tomcat.util.http.NamesEnumerator@1b542a80','POST','200','Booking','menaka.k'),('http-nio-9191-exec-12','2018-01-05 17:48:47','com.etms.bookingcontroller.EmployeeController:181','INFO','New Booking',10000000975,'16916494','10066','48737447','192.168.1.86','57270','org.apache.tomcat.util.http.NamesEnumerator@4d979568','POST','200','Booking','menaka.k'),('http-nio-9191-exec-17','2018-01-05 17:50:11','com.etms.bookingcontroller.EmployeeController:181','INFO','New Booking',10000000976,'17000707','10066','48737448','192.168.1.86','57333','org.apache.tomcat.util.http.NamesEnumerator@6d119c0a','POST','200','Booking','menaka.k'),('http-nio-9191-exec-19','2018-01-05 17:51:31','com.etms.bookingcontroller.EmployeeController:181','INFO','New Booking',10000000977,'17080630','10066','48737449','192.168.1.86','57392','org.apache.tomcat.util.http.NamesEnumerator@3cb19f3b','POST','200','Booking','menaka.k'),('http-nio-9191-exec-17','2018-01-05 17:52:26','com.etms.bookingcontroller.EmployeeController:181','INFO','New Booking',10000000978,'17135450','10066','48737450','192.168.1.86','57450','org.apache.tomcat.util.http.NamesEnumerator@2851c1c9','POST','200','Booking','menaka.k'),('http-nio-9191-exec-19','2018-01-05 17:56:06','com.etms.bookingcontroller.EmployeeController:181','INFO','New Booking',10000000979,'17355926','10012','48737451','192.168.1.80','52316','org.apache.tomcat.util.http.NamesEnumerator@7674e476','POST','200','Booking','bharat.a'),('http-nio-9191-exec-16','2018-01-05 17:57:26','com.etms.bookingcontroller.EmployeeController:181','INFO','New Booking',10000000980,'17435373','10062','48737452','192.168.1.97','54905','org.apache.tomcat.util.http.NamesEnumerator@4572cf90','POST','200','Booking','anish.a'),('http-nio-9191-exec-17','2018-01-05 17:58:16','com.etms.bookingcontroller.EmployeeController:181','INFO','New Booking',10000000981,'17485792','10011','48737453','192.168.1.91','62889','org.apache.tomcat.util.http.NamesEnumerator@30398feb','POST','200','Booking','abhimanyu.p'),('http-nio-9191-exec-18','2018-01-05 18:02:30','com.etms.bookingcontroller.EmployeeController:181','INFO','New Booking',10000000982,'17739982','10062','48737454','192.168.1.97','55317','org.apache.tomcat.util.http.NamesEnumerator@5d8ef11c','POST','200','Booking','anish.a'),('http-nio-9191-exec-20','2018-01-05 18:05:33','com.etms.bookingcontroller.HodController:163','INFO','HOD Approved Booking',10000000983,'17922909','10061','48737454','192.168.1.97','55711','org.apache.tomcat.util.http.NamesEnumerator@631dc069','PUT','200','Booking','shivashankari.n'),('http-nio-9191-exec-19','2018-01-05 18:06:06','com.etms.bookingcontroller.EmployeeController:181','INFO','New Booking',10000000984,'17955756','10066','48737455','192.168.1.85','34528','org.apache.tomcat.util.http.NamesEnumerator@19c4963a','POST','200','Booking','menaka.k'),('http-nio-9191-exec-14','2018-01-05 18:06:19','com.etms.bookingcontroller.EmployeeController:181','INFO','New Booking',10000000985,'17968887','10062','48737456','192.168.1.97','55801','org.apache.tomcat.util.http.NamesEnumerator@6b9c1958','POST','200','Booking','anish.a'),('http-nio-9191-exec-15','2018-01-05 18:13:01','com.etms.bookingcontroller.HodController:163','INFO','HOD Approved Booking',10000000986,'18370404','10011','48737451','192.168.1.80','52407','org.apache.tomcat.util.http.NamesEnumerator@5165356c','PUT','200','Booking','abhimanyu.p'),('http-nio-9191-exec-13','2018-01-05 18:13:58','com.etms.bookingcontroller.EmployeeController:181','INFO','New Booking',10000000987,'18427190','10012','48737457','192.168.1.80','52407','org.apache.tomcat.util.http.NamesEnumerator@4668d541','POST','200','Booking','bharat.a'),('http-nio-9191-exec-17','2018-01-05 18:26:32','com.etms.bookingcontroller.EmployeeController:181','INFO','New Booking',10000000988,'19181571','10064','48737458','192.168.1.80','52473','org.apache.tomcat.util.http.NamesEnumerator@53e8c8c8','POST','200','Booking','arul.p'),('http-nio-9191-exec-20','2018-01-05 18:26:45','com.etms.bookingcontroller.HodController:163','INFO','HOD Approved Booking',10000000989,'19194600','10061','48737428','192.168.1.80','52474','org.apache.tomcat.util.http.NamesEnumerator@41500d7e','PUT','200','Booking','shivashankari.n'),('http-nio-9191-exec-20','2018-01-05 18:27:06','com.etms.bookingcontroller.HrController:196','INFO','HR Scheduled Booking',10000000990,'19215109','10003','48737428','192.168.1.80','52474','org.apache.tomcat.util.http.NamesEnumerator@7c5f833e','PUT','200','Booking','subarna.p'),('http-nio-9191-exec-16','2018-01-05 18:27:30','com.etms.bookingcontroller.OperatorController:195','INFO','Operator Declined',10000000991,'19239970','200003','48737428','192.168.1.80','52486','org.apache.tomcat.util.http.NamesEnumerator@ffb3882','PUT','200','Booking','lakshmi.k@cabopnow.com'),('http-nio-9191-exec-12','2018-01-05 18:27:46','com.etms.bookingcontroller.EmployeeController:181','INFO','New Booking',10000000992,'19255329','10066','48737459','192.168.1.86','58038','org.apache.tomcat.util.http.NamesEnumerator@229d44c5','POST','200','Booking','menaka.k'),('http-nio-9191-exec-19','2018-01-05 18:29:01','com.etms.bookingcontroller.EmployeeController:181','INFO','New Booking',10000000993,'19330784','10066','48737460','192.168.1.86','58078','org.apache.tomcat.util.http.NamesEnumerator@7228500f','POST','200','Booking','menaka.k'),('http-nio-9191-exec-14','2018-01-05 18:33:07','com.etms.bookingcontroller.EmployeeController:181','INFO','New Booking',10000000994,'19576313','10066','48737461','192.168.1.86','58192','org.apache.tomcat.util.http.NamesEnumerator@7495e5af','POST','200','Booking','menaka.k'),('http-nio-9191-exec-18','2018-01-05 18:34:13','com.etms.bookingcontroller.EmployeeController:181','INFO','New Booking',10000000995,'19642797','10066','48737462','192.168.1.85','37049','org.apache.tomcat.util.http.NamesEnumerator@6a6168ec','POST','200','Booking','menaka.k'),('http-nio-9191-exec-19','2018-01-05 18:34:26','com.etms.bookingcontroller.EmployeeController:181','INFO','New Booking',10000000996,'19655110','10062','48737463','192.168.1.97','56271','org.apache.tomcat.util.http.NamesEnumerator@4e1a2564','POST','200','Booking','anish.a'),('http-nio-9191-exec-18','2018-01-05 18:35:14','com.etms.bookingcontroller.EmployeeController:181','INFO','New Booking',10000000997,'19703107','10066','48737464','192.168.1.86','58261','org.apache.tomcat.util.http.NamesEnumerator@fa50fbb','POST','200','Booking','menaka.k'),('http-nio-9191-exec-12','2018-01-05 18:35:45','com.etms.bookingcontroller.EmployeeController:181','INFO','New Booking',10000000998,'19734363','10066','48737465','192.168.1.85','37292','org.apache.tomcat.util.http.NamesEnumerator@d1334dd','POST','200','Booking','menaka.k'),('http-nio-9191-exec-18','2018-01-05 18:36:12','com.etms.bookingcontroller.EmployeeController:181','INFO','New Booking',10000000999,'19761938','10062','48737466','192.168.1.97','56672','org.apache.tomcat.util.http.NamesEnumerator@419531c3','POST','200','Booking','anish.a'),('http-nio-9191-exec-11','2018-01-05 18:38:05','com.etms.bookingcontroller.EmployeeController:181','INFO','New Booking',10000001000,'19874818','10062','48737467','192.168.1.97','57092','org.apache.tomcat.util.http.NamesEnumerator@4191d1cc','POST','200','Booking','anish.a'),('http-nio-9191-exec-15','2018-01-05 18:42:51','com.etms.bookingcontroller.EmployeeController:181','INFO','New Booking',10000001001,'20160258','10062','48737468','192.168.1.97','57419','org.apache.tomcat.util.http.NamesEnumerator@51682504','POST','200','Booking','anish.a'),('http-nio-9191-exec-16','2018-01-05 18:43:11','com.etms.bookingcontroller.EmployeeController:181','INFO','New Booking',10000001002,'20180176','10066','48737469','192.168.1.85','38138','org.apache.tomcat.util.http.NamesEnumerator@2c33ecf3','POST','200','Booking','menaka.k'),('http-nio-9191-exec-11','2018-01-05 18:43:49','com.etms.bookingcontroller.EmployeeController:181','INFO','New Booking',10000001003,'20218101','10066','48737470','192.168.1.86','58483','org.apache.tomcat.util.http.NamesEnumerator@64e40894','POST','200','Booking','menaka.k'),('http-nio-9191-exec-19','2018-01-05 18:49:41','com.etms.bookingcontroller.EmployeeController:181','INFO','New Booking',10000001004,'20570041','10009','48737471','192.168.1.91','52067','org.apache.tomcat.util.http.NamesEnumerator@705dfd9b','POST','200','Booking','harsha.t'),('http-nio-9191-exec-12','2018-01-05 19:05:45','com.etms.bookingcontroller.HodController:175','INFO','HOD Rejected Booking',10000001005,'21534624','10011','48737457','192.168.1.80','53011','org.apache.tomcat.util.http.NamesEnumerator@468b320d','PUT','200','Booking','abhimanyu.p'),('http-nio-9191-exec-17','2018-01-05 19:08:10','com.etms.bookingcontroller.EmployeeController:181','INFO','New Booking',10000001006,'21679989','10012','48737472','192.168.1.80','53059','org.apache.tomcat.util.http.NamesEnumerator@56d4e60f','POST','200','Booking','bharat.a'),('http-nio-9191-exec-17','2018-01-05 19:08:31','com.etms.bookingcontroller.EmployeeController:181','INFO','New Booking',10000001007,'21700401','10062','48737473','192.168.1.97','57956','org.apache.tomcat.util.http.NamesEnumerator@69730f8','POST','200','Booking','anish.a'),('http-nio-9191-exec-15','2018-01-05 19:10:16','com.etms.bookingcontroller.HodController:163','INFO','HOD Approved Booking',10000001008,'21805589','10061','48737443','192.168.1.97','58334','org.apache.tomcat.util.http.NamesEnumerator@7cf1db04','PUT','200','Booking','shivashankari.n'),('http-nio-9191-exec-16','2018-01-05 19:10:43','com.etms.bookingcontroller.EmployeeController:181','INFO','New Booking',10000001009,'21832905','10012','48737474','192.168.1.80','53086','org.apache.tomcat.util.http.NamesEnumerator@5ada0725','POST','200','Booking','bharat.a'),('http-nio-9191-exec-18','2018-01-05 19:11:26','com.etms.bookingcontroller.EmployeeController:181','INFO','New Booking',10000001010,'21875803','10012','48737475','192.168.1.91','52480','org.apache.tomcat.util.http.NamesEnumerator@3f4c3fe5','POST','200','Booking','bharat.a'),('http-nio-9191-exec-20','2018-01-05 19:12:42','com.etms.bookingcontroller.EmployeeController:181','INFO','New Booking',10000001011,'21951463','10062','48737476','192.168.1.97','58428','org.apache.tomcat.util.http.NamesEnumerator@fef7c64','POST','200','Booking','anish.a'),('http-nio-9191-exec-14','2018-01-05 19:14:08','com.etms.bookingcontroller.EmployeeController:488','INFO','Update Booking',10000001012,'22037289','10066','48737444','192.168.1.83','65417','org.apache.tomcat.util.http.NamesEnumerator@4ddaf99f','PUT','200','Booking','menaka.k'),('http-nio-9191-exec-18','2018-01-05 19:14:21','com.etms.bookingcontroller.EmployeeController:181','INFO','New Booking',10000001013,'22050622','10062','48737477','192.168.1.97','58814','org.apache.tomcat.util.http.NamesEnumerator@4aef0f86','POST','200','Booking','anish.a'),('http-nio-9191-exec-16','2018-01-05 19:14:49','com.etms.bookingcontroller.EmployeeController:488','INFO','Update Booking',10000001014,'22078085','10066','48737445','192.168.1.83','65417','org.apache.tomcat.util.http.NamesEnumerator@68e8348e','PUT','200','Booking','menaka.k'),('http-nio-9191-exec-11','2018-01-05 19:15:12','com.etms.bookingcontroller.EmployeeController:488','INFO','Update Booking',10000001015,'22101022','10066','48737445','192.168.1.83','65417','org.apache.tomcat.util.http.NamesEnumerator@28bd6a42','PUT','200','Booking','menaka.k'),('http-nio-9191-exec-17','2018-01-05 19:16:02','com.etms.bookingcontroller.EmployeeController:488','INFO','Update Booking',10000001016,'22151282','10066','48737470','192.168.1.83','49270','org.apache.tomcat.util.http.NamesEnumerator@44930faf','PUT','200','Booking','menaka.k'),('http-nio-9191-exec-19','2018-01-05 19:16:13','com.etms.bookingcontroller.EmployeeController:488','INFO','Update Booking',10000001017,'22162319','10066','48737470','192.168.1.83','49270','org.apache.tomcat.util.http.NamesEnumerator@52c93504','PUT','200','Booking','menaka.k'),('http-nio-9191-exec-16','2018-01-05 19:17:11','com.etms.bookingcontroller.EmployeeController:181','INFO','New Booking',10000001018,'22220870','10062','48737478','192.168.1.97','59116','org.apache.tomcat.util.http.NamesEnumerator@59575c5a','POST','200','Booking','anish.a'),('http-nio-9191-exec-18','2018-01-05 19:20:29','com.etms.bookingcontroller.EmployeeController:181','INFO','New Booking',10000001019,'22418272','10062','48737479','192.168.1.97','59406','org.apache.tomcat.util.http.NamesEnumerator@13d2d58d','POST','200','Booking','anish.a'),('http-nio-9191-exec-12','2018-01-05 19:21:37','com.etms.bookingcontroller.EmployeeController:181','INFO','New Booking',10000001020,'22486010','10012','48737480','192.168.1.91','52621','org.apache.tomcat.util.http.NamesEnumerator@5076abba','POST','200','Booking','bharat.a'),('http-nio-9191-exec-13','2018-01-05 19:25:05','com.etms.bookingcontroller.EmployeeController:181','INFO','New Booking',10000001021,'22694403','10062','48737481','192.168.1.97','59741','org.apache.tomcat.util.http.NamesEnumerator@27e3b8cf','POST','200','Booking','anish.a'),('http-nio-9191-exec-14','2018-01-05 19:29:19','com.etms.bookingcontroller.HrController:196','INFO','HR Scheduled Booking',10000001022,'22948422','10003','48737454','192.168.1.80','53217','org.apache.tomcat.util.http.NamesEnumerator@1a7d0929','PUT','200','Booking','subarna.p'),('http-nio-9191-exec-14','2018-01-05 19:29:29','com.etms.bookingcontroller.OperatorController:195','INFO','Operator Declined',10000001023,'22958590','200003','48737454','192.168.1.80','53215','org.apache.tomcat.util.http.NamesEnumerator@3bb5317f','PUT','200','Booking','lakshmi.k@cabopnow.com'),('http-nio-9191-exec-12','2018-01-05 19:32:34','com.etms.bookingcontroller.EmployeeController:181','INFO','New Booking',10000001024,'23143073','10066','48737482','192.168.1.85','42866','org.apache.tomcat.util.http.NamesEnumerator@123c114d','POST','200','Booking','menaka.k'),('http-nio-9191-exec-15','2018-01-05 19:32:48','com.etms.bookingcontroller.EmployeeController:181','INFO','New Booking',10000001025,'23157158','10066','48737483','192.168.1.74','51328','org.apache.tomcat.util.http.NamesEnumerator@60e46067','POST','200','Booking','menaka.k'),('http-nio-9191-exec-14','2018-01-05 19:32:50','com.etms.bookingcontroller.HodController:163','INFO','HOD Approved Booking',10000001026,'23159306','10061','48737425','192.168.1.97','60062','org.apache.tomcat.util.http.NamesEnumerator@fcbc41a','PUT','200','Booking','shivashankari.n'),('http-nio-9191-exec-13','2018-01-05 19:32:51','com.etms.bookingcontroller.HodController:163','INFO','HOD Approved Booking',10000001027,'23160526','10061','48737425','192.168.1.97','60062','org.apache.tomcat.util.http.NamesEnumerator@697a92de','PUT','200','Booking','shivashankari.n'),('http-nio-9191-exec-17','2018-01-05 19:32:52','com.etms.bookingcontroller.HodController:163','INFO','HOD Approved Booking',10000001028,'23161040','10061','48737425','192.168.1.97','60062','org.apache.tomcat.util.http.NamesEnumerator@6373136a','PUT','200','Booking','shivashankari.n'),('http-nio-9191-exec-17','2018-01-05 19:32:56','com.etms.bookingcontroller.HodController:163','INFO','HOD Approved Booking',10000001029,'23165209','10061','48737455','192.168.1.74','51328','org.apache.tomcat.util.http.NamesEnumerator@6d46ecc','PUT','200','Booking','shivashankari.n'),('http-nio-9191-exec-16','2018-01-05 19:33:00','com.etms.bookingcontroller.HodController:163','INFO','HOD Approved Booking',10000001030,'23169377','10061','48737456','192.168.1.74','51328','org.apache.tomcat.util.http.NamesEnumerator@75a7e7f2','PUT','200','Booking','shivashankari.n'),('http-nio-9191-exec-13','2018-01-05 19:33:06','com.etms.bookingcontroller.HodController:163','INFO','HOD Approved Booking',10000001031,'23175956','10061','48737455','192.168.1.97','60062','org.apache.tomcat.util.http.NamesEnumerator@6820ce3a','PUT','200','Booking','shivashankari.n'),('http-nio-9191-exec-15','2018-01-05 19:33:10','com.etms.bookingcontroller.HodController:163','INFO','HOD Approved Booking',10000001032,'23179971','10061','48737458','192.168.1.97','60062','org.apache.tomcat.util.http.NamesEnumerator@761ff50e','PUT','200','Booking','shivashankari.n'),('http-nio-9191-exec-18','2018-01-05 19:33:15','com.etms.bookingcontroller.HodController:163','INFO','HOD Approved Booking',10000001033,'23184234','10061','48737459','192.168.1.97','60062','org.apache.tomcat.util.http.NamesEnumerator@4d740f3d','PUT','200','Booking','shivashankari.n'),('http-nio-9191-exec-17','2018-01-05 19:33:18','com.etms.bookingcontroller.HodController:163','INFO','HOD Approved Booking',10000001034,'23187732','10061','48737460','192.168.1.97','60062','org.apache.tomcat.util.http.NamesEnumerator@30dff8f','PUT','200','Booking','shivashankari.n'),('http-nio-9191-exec-15','2018-01-05 19:33:21','com.etms.bookingcontroller.HodController:163','INFO','HOD Approved Booking',10000001035,'23190581','10061','48737461','192.168.1.97','60062','org.apache.tomcat.util.http.NamesEnumerator@6299104e','PUT','200','Booking','shivashankari.n'),('http-nio-9191-exec-18','2018-01-05 19:33:24','com.etms.bookingcontroller.HodController:163','INFO','HOD Approved Booking',10000001036,'23193240','10061','48737462','192.168.1.97','60062','org.apache.tomcat.util.http.NamesEnumerator@6b671f8f','PUT','200','Booking','shivashankari.n'),('http-nio-9191-exec-17','2018-01-05 19:33:26','com.etms.bookingcontroller.HodController:163','INFO','HOD Approved Booking',10000001037,'23195908','10061','48737463','192.168.1.97','60062','org.apache.tomcat.util.http.NamesEnumerator@5c69bec8','PUT','200','Booking','shivashankari.n'),('http-nio-9191-exec-15','2018-01-05 19:33:30','com.etms.bookingcontroller.HodController:163','INFO','HOD Approved Booking',10000001038,'23199588','10061','48737464','192.168.1.97','60062','org.apache.tomcat.util.http.NamesEnumerator@6da25dce','PUT','200','Booking','shivashankari.n'),('http-nio-9191-exec-18','2018-01-05 19:33:33','com.etms.bookingcontroller.HodController:163','INFO','HOD Approved Booking',10000001039,'23202906','10061','48737465','192.168.1.97','60062','org.apache.tomcat.util.http.NamesEnumerator@68c1dbbe','PUT','200','Booking','shivashankari.n'),('http-nio-9191-exec-17','2018-01-05 19:33:36','com.etms.bookingcontroller.HodController:163','INFO','HOD Approved Booking',10000001040,'23205919','10061','48737466','192.168.1.97','60062','org.apache.tomcat.util.http.NamesEnumerator@b75e81d','PUT','200','Booking','shivashankari.n'),('http-nio-9191-exec-15','2018-01-05 19:33:40','com.etms.bookingcontroller.HodController:163','INFO','HOD Approved Booking',10000001041,'23209517','10061','48737467','192.168.1.97','60062','org.apache.tomcat.util.http.NamesEnumerator@1507225e','PUT','200','Booking','shivashankari.n'),('http-nio-9191-exec-11','2018-01-05 19:33:43','com.etms.bookingcontroller.HodController:163','INFO','HOD Approved Booking',10000001042,'23212282','10061','48737468','192.168.1.97','60062','org.apache.tomcat.util.http.NamesEnumerator@5ad510b1','PUT','200','Booking','shivashankari.n'),('http-nio-9191-exec-13','2018-01-05 19:33:45','com.etms.bookingcontroller.HodController:163','INFO','HOD Approved Booking',10000001043,'23214442','10061','48737469','192.168.1.97','60062','org.apache.tomcat.util.http.NamesEnumerator@6eb39be8','PUT','200','Booking','shivashankari.n'),('http-nio-9191-exec-20','2018-01-05 19:33:48','com.etms.bookingcontroller.HodController:163','INFO','HOD Approved Booking',10000001044,'23217057','10061','48737470','192.168.1.97','60062','org.apache.tomcat.util.http.NamesEnumerator@5eb8df9','PUT','200','Booking','shivashankari.n'),('http-nio-9191-exec-16','2018-01-05 19:33:51','com.etms.bookingcontroller.HodController:163','INFO','HOD Approved Booking',10000001045,'23220522','10061','48737473','192.168.1.97','60062','org.apache.tomcat.util.http.NamesEnumerator@516ebece','PUT','200','Booking','shivashankari.n'),('http-nio-9191-exec-13','2018-01-05 19:33:54','com.etms.bookingcontroller.HodController:163','INFO','HOD Approved Booking',10000001046,'23223704','10061','48737476','192.168.1.97','60062','org.apache.tomcat.util.http.NamesEnumerator@9246373','PUT','200','Booking','shivashankari.n'),('http-nio-9191-exec-19','2018-01-05 19:34:37','com.etms.bookingcontroller.EmployeeController:181','INFO','New Booking',10000001047,'23266440','10062','48737484','192.168.1.97','60140','org.apache.tomcat.util.http.NamesEnumerator@17bad084','POST','200','Booking','anish.a'),('http-nio-9191-exec-17','2018-01-05 19:39:46','com.etms.bookingcontroller.EmployeeController:181','INFO','New Booking',10000001048,'23575295','10062','48737485','192.168.1.97','60428','org.apache.tomcat.util.http.NamesEnumerator@4a09b8dc','POST','200','Booking','anish.a'),('http-nio-9191-exec-14','2018-01-05 19:43:35','com.etms.bookingcontroller.HodController:163','INFO','HOD Approved Booking',10000001049,'23804120','10061','48737477','192.168.1.85','44125','org.apache.tomcat.util.http.NamesEnumerator@793b5d98','PUT','200','Booking','shivashankari.n'),('http-nio-9191-exec-20','2018-01-05 19:44:18','com.etms.bookingcontroller.HodController:163','INFO','HOD Approved Booking',10000001050,'23847155','10061','48737478','192.168.1.85','44289','org.apache.tomcat.util.http.NamesEnumerator@1ae601e','PUT','200','Booking','shivashankari.n'),('http-nio-9191-exec-16','2018-01-05 19:49:08','com.etms.bookingcontroller.HrController:196','INFO','HR Scheduled Booking',10000001051,'24137658','10003','48737458','192.168.1.97','60804','org.apache.tomcat.util.http.NamesEnumerator@43b8ce7a','PUT','200','Booking','subarna.p'),('http-nio-9191-exec-20','2018-01-05 19:49:14','com.etms.bookingcontroller.HrController:196','INFO','HR Scheduled Booking',10000001052,'24143863','10003','48737459','192.168.1.97','60804','org.apache.tomcat.util.http.NamesEnumerator@32c8a5b5','PUT','200','Booking','subarna.p'),('http-nio-9191-exec-13','2018-01-05 19:49:20','com.etms.bookingcontroller.HrController:196','INFO','HR Scheduled Booking',10000001053,'24149113','10003','48737460','192.168.1.97','60804','org.apache.tomcat.util.http.NamesEnumerator@116fd484','PUT','200','Booking','subarna.p'),('http-nio-9191-exec-11','2018-01-05 19:49:25','com.etms.bookingcontroller.HrController:196','INFO','HR Scheduled Booking',10000001054,'24154045','10003','48737461','192.168.1.97','60804','org.apache.tomcat.util.http.NamesEnumerator@595dc7e3','PUT','200','Booking','subarna.p'),('http-nio-9191-exec-13','2018-01-05 19:49:32','com.etms.bookingcontroller.HrController:196','INFO','HR Scheduled Booking',10000001055,'24161759','10003','48737462','192.168.1.97','60804','org.apache.tomcat.util.http.NamesEnumerator@6508f822','PUT','200','Booking','subarna.p'),('http-nio-9191-exec-19','2018-01-05 20:01:35','com.etms.bookingcontroller.EmployeeController:181','INFO','New Booking',10000001056,'24884803','10062','48737486','192.168.1.97','60977','org.apache.tomcat.util.http.NamesEnumerator@18531fe1','POST','200','Booking','anish.a'),('http-nio-9191-exec-12','2018-01-05 20:03:15','com.etms.bookingcontroller.HodController:163','INFO','HOD Approved Booking',10000001057,'24984174','10061','48737479','192.168.1.85','46086','org.apache.tomcat.util.http.NamesEnumerator@454b6777','PUT','200','Booking','shivashankari.n'),('http-nio-9191-exec-12','2018-01-05 20:05:35','com.etms.bookingcontroller.HodController:163','INFO','HOD Approved Booking',10000001058,'25124789','10061','48737481','192.168.1.86','59229','org.apache.tomcat.util.http.NamesEnumerator@7e5c3567','PUT','200','Booking','shivashankari.n'),('http-nio-9191-exec-11','2018-01-05 20:06:01','com.etms.bookingcontroller.EmployeeController:181','INFO','New Booking',10000001059,'25150971','10062','48737487','192.168.1.97','61424','org.apache.tomcat.util.http.NamesEnumerator@720de55e','POST','200','Booking','anish.a'),('http-nio-9191-exec-20','2018-01-05 20:07:00','com.etms.bookingcontroller.HodController:163','INFO','HOD Approved Booking',10000001060,'25209428','10061','48737482','192.168.1.86','59253','org.apache.tomcat.util.http.NamesEnumerator@51c818ba','PUT','200','Booking','shivashankari.n'),('http-nio-9191-exec-13','2018-01-05 20:07:33','com.etms.bookingcontroller.HodController:163','INFO','HOD Approved Booking',10000001061,'25242204','10061','48737483','192.168.1.97','61692','org.apache.tomcat.util.http.NamesEnumerator@44bad3af','PUT','200','Booking','shivashankari.n'),('http-nio-9191-exec-20','2018-01-05 20:09:28','com.etms.bookingcontroller.EmployeeController:181','INFO','New Booking',10000001062,'25357626','10066','48737488','192.168.1.85','46753','org.apache.tomcat.util.http.NamesEnumerator@1cc0abe','POST','200','Booking','menaka.k'),('http-nio-9191-exec-11','2018-01-05 20:10:34','com.etms.bookingcontroller.EmployeeController:181','INFO','New Booking',10000001063,'25423505','10062','48737489','192.168.1.97','61790','org.apache.tomcat.util.http.NamesEnumerator@61fef459','POST','200','Booking','anish.a'),('http-nio-9191-exec-16','2018-01-05 20:11:17','com.etms.bookingcontroller.HodController:163','INFO','HOD Approved Booking',10000001064,'25466361','10061','48737484','192.168.1.97','61890','org.apache.tomcat.util.http.NamesEnumerator@2cc5bd30','PUT','200','Booking','shivashankari.n'),('http-nio-9191-exec-16','2018-01-05 20:11:37','com.etms.bookingcontroller.HodController:163','INFO','HOD Approved Booking',10000001065,'25486599','10061','48737485','192.168.1.97','61890','org.apache.tomcat.util.http.NamesEnumerator@5baa0071','PUT','200','Booking','shivashankari.n'),('localhost-startStop-1','2018-01-06 15:45:18','com.etms.security.config.SimpleCorsFilter:47','INFO','Server Started',10000001066,'0','','','','','','','','',''),('localhost-startStop-1','2018-01-06 15:45:57','com.etms.security.config.SimpleCorsFilter:47','INFO','Server Started',10000001067,'0','','','','','','','','',''),('localhost-startStop-1','2018-01-06 15:46:30','com.etms.security.config.SimpleCorsFilter:47','INFO','Server Started',10000001068,'0','','','','','','','','',''),('localhost-startStop-1','2018-01-06 15:48:31','com.etms.security.config.SimpleCorsFilter:47','INFO','Server Started',10000001069,'0','','','','','','','','',''),('localhost-startStop-1','2018-01-06 15:48:52','com.etms.security.config.SimpleCorsFilter:47','INFO','Server Started',10000001070,'0','','','','','','','','',''),('localhost-startStop-1','2018-01-06 15:50:47','com.etms.security.config.SimpleCorsFilter:47','INFO','Server Started',10000001071,'0','','','','','','','','',''),('localhost-startStop-1','2018-01-06 15:51:08','com.etms.security.config.SimpleCorsFilter:47','INFO','Server Started',10000001072,'0','','','','','','','','',''),('localhost-startStop-2','2018-01-06 15:52:29','com.etms.security.config.SimpleCorsFilter:47','INFO','Server Started',10000001073,'0','','','','','','','','',''),('localhost-startStop-1','2018-01-06 15:53:15','com.etms.security.config.SimpleCorsFilter:47','INFO','Server Started',10000001074,'0','','','','','','','','',''),('localhost-startStop-1','2018-01-06 15:53:34','com.etms.security.config.SimpleCorsFilter:47','INFO','Server Started',10000001075,'0','','','','','','','','',''),('localhost-startStop-1','2018-01-06 15:53:52','com.etms.security.config.SimpleCorsFilter:47','INFO','Server Started',10000001076,'0','','','','','','','','',''),('localhost-startStop-1','2018-01-06 15:55:59','com.etms.security.config.SimpleCorsFilter:47','INFO','Server Started',10000001077,'0','','','','','','','','',''),('localhost-startStop-1','2018-01-06 15:56:19','com.etms.security.config.SimpleCorsFilter:47','INFO','Server Started',10000001078,'0','','','','','','','','',''),('localhost-startStop-1','2018-01-06 15:56:37','com.etms.security.config.SimpleCorsFilter:47','INFO','Server Started',10000001079,'0','','','','','','','','',''),('localhost-startStop-1','2018-01-06 15:57:43','com.etms.security.config.SimpleCorsFilter:47','INFO','Server Started',10000001080,'0','','','','','','','','',''),('localhost-startStop-1','2018-01-06 16:06:37','com.etms.security.config.SimpleCorsFilter:47','INFO','Server Started',10000001081,'0','','','','','','','','',''),('localhost-startStop-1','2018-01-06 16:06:57','com.etms.security.config.SimpleCorsFilter:47','INFO','Server Started',10000001082,'0','','','','','','','','',''),('localhost-startStop-1','2018-01-06 16:07:17','com.etms.security.config.SimpleCorsFilter:47','INFO','Server Started',10000001083,'0','','','','','','','','',''),('localhost-startStop-1','2018-01-06 16:08:04','com.etms.security.config.SimpleCorsFilter:47','INFO','Server Started',10000001084,'0','','','','','','','','',''),('localhost-startStop-1','2018-01-06 16:08:26','com.etms.security.config.SimpleCorsFilter:47','INFO','Server Started',10000001085,'0','','','','','','','','',''),('localhost-startStop-1','2018-01-06 16:08:47','com.etms.security.config.SimpleCorsFilter:47','INFO','Server Started',10000001086,'0','','','','','','','','',''),('localhost-startStop-1','2018-01-06 16:09:37','com.etms.security.config.SimpleCorsFilter:47','INFO','Server Started',10000001087,'0','','','','','','','','',''),('localhost-startStop-1','2018-01-06 16:09:56','com.etms.security.config.SimpleCorsFilter:47','INFO','Server Started',10000001088,'0','','','','','','','','',''),('localhost-startStop-1','2018-01-06 16:10:14','com.etms.security.config.SimpleCorsFilter:47','INFO','Server Started',10000001089,'0','','','','','','','','',''),('localhost-startStop-1','2018-01-06 17:04:51','com.etms.security.config.SimpleCorsFilter:47','INFO','Server Started',10000001090,'0','','','','','','','','',''),('localhost-startStop-1','2018-01-06 17:06:11','com.etms.security.config.SimpleCorsFilter:47','INFO','Server Started',10000001091,'0','','','','','','','','',''),('localhost-startStop-1','2018-01-06 19:02:44','com.etms.security.config.SimpleCorsFilter:47','INFO','Server Started',10000001092,'0','','','','','','','','',''),('localhost-startStop-1','2018-01-06 19:03:03','com.etms.security.config.SimpleCorsFilter:47','INFO','Server Started',10000001093,'0','','','','','','','','',''),('http-nio-9191-exec-7','2018-01-06 19:06:17','com.etms.security.config.SimpleCorsFilter:47','INFO','Server Started',10000001094,'0','','','','','','','','',''),('http-nio-5500-exec-3','2018-01-09 11:45:14','com.etms.bookingcontroller.EmployeeController:167','INFO','New Booking',10000001095,'3772304','10066','48737578','192.168.1.74','61021','org.apache.tomcat.util.http.NamesEnumerator@671a6bb0','POST','200','Booking','menaka.k'),('http-nio-5500-exec-6','2018-01-09 11:46:22','com.etms.bookingcontroller.HodController:162','INFO','HOD Approved Booking',10000001096,'3840341','10061','48737578','192.168.1.74','61022','org.apache.tomcat.util.http.NamesEnumerator@328507fc','PUT','200','','shivashankari.n'),('http-nio-5500-exec-3','2018-01-09 11:46:32','com.etms.bookingcontroller.HrController:195','INFO','HR Scheduled Booking',10000001097,'3849919','10003','48737578','192.168.1.74','61022','org.apache.tomcat.util.http.NamesEnumerator@12f46d52','PUT','200','','subarna.p'),('http-nio-5500-exec-10','2018-01-09 11:46:46','com.etms.bookingcontroller.OperatorController:193','INFO','Operator Declined Booking',10000001098,'3864528','200003','48737578','192.168.1.74','61022','org.apache.tomcat.util.http.NamesEnumerator@3e3dee8','PUT','200','','lakshmi.k@cabopnow.com'),('localhost-startStop-1','2018-01-09 11:52:12','com.etms.security.config.SimpleCorsFilter:47','INFO','Server Started',10000001099,'0','','','','','','','','',''),('localhost-startStop-1','2018-01-09 11:52:29','com.etms.security.config.SimpleCorsFilter:47','INFO','Server Started',10000001100,'0','','','','','','','','',''),('http-nio-5500-exec-8','2018-01-09 11:54:49','com.etms.bookingcontroller.EmployeeController:167','INFO','New Booking',10000001101,'140774','10066','48737579','192.168.1.74','61266','org.apache.tomcat.util.http.NamesEnumerator@77b95352','POST','200','Booking','menaka.k'),('http-nio-5500-exec-4','2018-01-09 11:55:01','com.etms.bookingcontroller.HodController:162','INFO','HOD Approved Booking',10000001102,'152746','10061','48737579','192.168.1.74','61265','org.apache.tomcat.util.http.NamesEnumerator@455f5247','PUT','200','','shivashankari.n'),('http-nio-5500-exec-3','2018-01-09 11:55:15','com.etms.bookingcontroller.HrController:195','INFO','HR Scheduled Booking',10000001103,'166142','10003','48737579','192.168.1.74','61266','org.apache.tomcat.util.http.NamesEnumerator@209c8fd9','PUT','200','','subarna.p'),('http-nio-5500-exec-4','2018-01-09 11:55:47','com.etms.bookingcontroller.HrController:206','INFO','HR Rejected Booking',10000001104,'198487','10003','48737578','192.168.1.74','61266','org.apache.tomcat.util.http.NamesEnumerator@55d79175','PUT','200','','subarna.p'),('http-nio-5500-exec-1','2018-01-09 11:56:51','com.etms.bookingcontroller.EmployeeController:167','INFO','New Booking',10000001105,'262518','10066','48737580','192.168.1.74','61269','org.apache.tomcat.util.http.NamesEnumerator@413e0468','POST','200','Booking','menaka.k'),('http-nio-5500-exec-7','2018-01-09 11:57:04','com.etms.bookingcontroller.HodController:162','INFO','HOD Approved Booking',10000001106,'275297','10061','48737580','192.168.1.74','61266','org.apache.tomcat.util.http.NamesEnumerator@7b21daa3','PUT','200','','shivashankari.n'),('http-nio-5500-exec-8','2018-01-09 11:57:20','com.etms.bookingcontroller.HrController:195','INFO','HR Scheduled Booking',10000001107,'291052','10003','48737580','192.168.1.74','61266','org.apache.tomcat.util.http.NamesEnumerator@22620567','PUT','200','','subarna.p'),('http-nio-5500-exec-2','2018-01-09 11:57:40','com.etms.bookingcontroller.OperatorController:193','INFO','Operator Declined Booking',10000001108,'311702','200003','48737580','192.168.1.74','61269','org.apache.tomcat.util.http.NamesEnumerator@6bf4b4eb','PUT','200','','lakshmi.k@cabopnow.com'),('localhost-startStop-1','2018-01-09 12:23:39','com.etms.security.config.SimpleCorsFilter:47','INFO','Server Started',10000001109,'0','','','','','','','','',''),('localhost-startStop-1','2018-01-09 12:24:28','com.etms.security.config.SimpleCorsFilter:47','INFO','Server Started',10000001110,'0','','','','','','','','',''),('localhost-startStop-1','2018-01-09 12:41:22','com.etms.security.config.SimpleCorsFilter:47','INFO','Server Started',10000001111,'0','','','','','','','','',''),('localhost-startStop-1','2018-01-09 12:41:59','com.etms.security.config.SimpleCorsFilter:47','INFO','Server Started',10000001112,'0','','','','','','','','',''),('localhost-startStop-1','2018-01-09 12:47:55','com.etms.security.config.SimpleCorsFilter:47','INFO','Server Started',10000001113,'0','','','','','','','','',''),('localhost-startStop-1','2018-01-09 13:00:15','com.etms.security.config.SimpleCorsFilter:47','INFO','Server Started',10000001114,'0','','','','','','','','',''),('localhost-startStop-1','2018-01-09 13:29:15','com.etms.security.config.SimpleCorsFilter:47','INFO','Server Started',10000001115,'0','','','','','','','','',''),('localhost-startStop-1','2018-01-09 13:37:48','com.etms.security.config.SimpleCorsFilter:47','INFO','Server Started',10000001116,'0','','','','','','','','',''),('localhost-startStop-1','2018-01-09 13:38:05','com.etms.security.config.SimpleCorsFilter:47','INFO','Server Started',10000001117,'0','','','','','','','','',''),('localhost-startStop-1','2018-01-09 13:44:37','com.etms.security.config.SimpleCorsFilter:47','INFO','Server Started',10000001118,'0','','','','','','','','',''),('localhost-startStop-1','2018-01-09 13:44:58','com.etms.security.config.SimpleCorsFilter:47','INFO','Server Started',10000001119,'0','','','','','','','','',''),('localhost-startStop-1','2018-01-09 13:45:20','com.etms.security.config.SimpleCorsFilter:47','INFO','Server Started',10000001120,'0','','','','','','','','',''),('localhost-startStop-1','2018-01-09 14:04:42','com.etms.security.config.SimpleCorsFilter:47','INFO','Server Started',10000001121,'0','','','','','','','','',''),('localhost-startStop-1','2018-01-09 14:44:30','com.etms.security.config.SimpleCorsFilter:47','INFO','Server Started',10000001122,'0','','','','','','','','',''),('localhost-startStop-1','2018-01-09 14:50:13','com.etms.security.config.SimpleCorsFilter:47','INFO','Server Started',10000001123,'0','','','','','','','','',''),('http-nio-5500-exec-6','2018-01-09 14:58:39','com.etms.bookingcontroller.EmployeeController:167','INFO','New Booking',10000001124,'506050','10061','48737581','192.168.1.74','62784','org.apache.tomcat.util.http.NamesEnumerator@6f0af857','POST','200','Booking','shivashankari.n'),('http-nio-5500-exec-9','2018-01-09 14:58:52','com.etms.bookingcontroller.HrController:195','INFO','HR Scheduled Booking',10000001125,'519200','10003','48737581','192.168.1.74','62783','org.apache.tomcat.util.http.NamesEnumerator@2897689b','PUT','200','','subarna.p'),('http-nio-5500-exec-3','2018-01-09 14:59:06','com.etms.bookingcontroller.OperatorController:126','INFO','Operator Confirmed Booking',10000001126,'533162','200003','48737581','192.168.1.74','62783','org.apache.tomcat.util.http.NamesEnumerator@7cf3105f','PUT','200','','lakshmi.k@cabopnow.com'),('localhost-startStop-1','2018-01-09 15:14:02','com.etms.security.config.SimpleCorsFilter:47','INFO','Server Started',10000001127,'0','','','','','','','','',''),('localhost-startStop-1','2018-01-09 15:15:18','com.etms.security.config.SimpleCorsFilter:47','INFO','Server Started',10000001128,'0','','','','','','','','',''),('localhost-startStop-1','2018-01-09 15:16:48','com.etms.security.config.SimpleCorsFilter:47','INFO','Server Started',10000001129,'0','','','','','','','','',''),('localhost-startStop-1','2018-01-09 15:18:15','com.etms.security.config.SimpleCorsFilter:47','INFO','Server Started',10000001130,'0','','','','','','','','',''),('localhost-startStop-1','2018-01-09 15:20:42','com.etms.security.config.SimpleCorsFilter:47','INFO','Server Started',10000001131,'0','','','','','','','','',''),('localhost-startStop-1','2018-01-09 15:21:31','com.etms.security.config.SimpleCorsFilter:47','INFO','Server Started',10000001132,'0','','','','','','','','',''),('localhost-startStop-1','2018-01-09 15:24:04','com.etms.security.config.SimpleCorsFilter:47','INFO','Server Started',10000001133,'0','','','','','','','','',''),('localhost-startStop-1','2018-01-09 15:25:03','com.etms.security.config.SimpleCorsFilter:47','INFO','Server Started',10000001134,'0','','','','','','','','',''),('localhost-startStop-1','2018-01-09 15:31:35','com.etms.security.config.SimpleCorsFilter:47','INFO','Server Started',10000001135,'0','','','','','','','','',''),('localhost-startStop-1','2018-01-09 15:34:29','com.etms.security.config.SimpleCorsFilter:47','INFO','Server Started',10000001136,'0','','','','','','','','',''),('localhost-startStop-1','2018-01-09 15:51:21','com.etms.security.config.SimpleCorsFilter:47','INFO','Server Started',10000001137,'0','','','','','','','','',''),('localhost-startStop-1','2018-01-09 16:07:49','com.etms.security.config.SimpleCorsFilter:47','INFO','Server Started',10000001138,'0','','','','','','','','',''),('localhost-startStop-1','2018-01-09 16:59:21','com.etms.security.config.SimpleCorsFilter:47','INFO','Server Started',10000001139,'0','','','','','','','','',''),('localhost-startStop-1','2018-01-09 17:01:35','com.etms.security.config.SimpleCorsFilter:47','INFO','Server Started',10000001140,'0','','','','','','','','',''),('localhost-startStop-1','2018-01-09 17:06:21','com.etms.security.config.SimpleCorsFilter:47','INFO','Server Started',10000001141,'0','','','','','','','','',''),('localhost-startStop-1','2018-01-09 17:06:46','com.etms.security.config.SimpleCorsFilter:47','INFO','Server Started',10000001142,'0','','','','','','','','','');
/*!40000 ALTER TABLE `etms_logs` ENABLE KEYS */;
UNLOCK TABLES;

--
-- Table structure for table `etms_organization_departments`
--

DROP TABLE IF EXISTS `etms_organization_departments`;
/*!40101 SET @saved_cs_client     = @@character_set_client */;
/*!40101 SET character_set_client = utf8 */;
CREATE TABLE `etms_organization_departments` (
  `id` int(10) NOT NULL AUTO_INCREMENT,
  `departments` varchar(255) NOT NULL,
  PRIMARY KEY (`id`),
  UNIQUE KEY `departments_UNIQUE` (`departments`)
) ENGINE=InnoDB AUTO_INCREMENT=9 DEFAULT CHARSET=utf8;
/*!40101 SET character_set_client = @saved_cs_client */;

--
-- Dumping data for table `etms_organization_departments`
--

LOCK TABLES `etms_organization_departments` WRITE;
/*!40000 ALTER TABLE `etms_organization_departments` DISABLE KEYS */;
INSERT INTO `etms_organization_departments` VALUES (5,'Admin'),(2,'Human Resources'),(4,'Marketing'),(1,'Network Infrastructure'),(8,'NTO'),(6,'QMS'),(3,'Sales'),(7,'SDC');
/*!40000 ALTER TABLE `etms_organization_departments` ENABLE KEYS */;
UNLOCK TABLES;

--
-- Table structure for table `etms_organization_employee_designation`
--

DROP TABLE IF EXISTS `etms_organization_employee_designation`;
/*!40101 SET @saved_cs_client     = @@character_set_client */;
/*!40101 SET character_set_client = utf8 */;
CREATE TABLE `etms_organization_employee_designation` (
  `Id` int(11) NOT NULL AUTO_INCREMENT,
  `designation` varchar(55) DEFAULT NULL,
  PRIMARY KEY (`Id`)
) ENGINE=InnoDB AUTO_INCREMENT=100027 DEFAULT CHARSET=utf8;
/*!40101 SET character_set_client = @saved_cs_client */;

--
-- Dumping data for table `etms_organization_employee_designation`
--

LOCK TABLES `etms_organization_employee_designation` WRITE;
/*!40000 ALTER TABLE `etms_organization_employee_designation` DISABLE KEYS */;
INSERT INTO `etms_organization_employee_designation` VALUES (100001,'Admin'),(100002,'Office Coordinator'),(100003,'Sr.Admin Executive'),(100004,'Receptionist'),(100005,'Admin Executive'),(100006,'Receptionist'),(100007,'Office Administrator'),(100008,'Networking Manager'),(100009,'Network Engineer'),(100010,'Network Analyst'),(100011,'Network Administrator'),(100012,'Hardware Engineer'),(100013,'Network Security Engineer'),(100014,'Sr.Network Administrator'),(100015,'Network Support Associate'),(100016,'QMS Manager'),(100017,'QMS Executive'),(100018,'QMS Lead Auditor'),(100019,'QMS Associate'),(100020,'Sr.Project Manager'),(100021,'Project Manager'),(100022,'Technical Lead'),(100023,'Technical Manager'),(100024,'Sr.Software Engineer'),(100025,'Software Engineer'),(100026,'Software Engineer Trainee');
/*!40000 ALTER TABLE `etms_organization_employee_designation` ENABLE KEYS */;
UNLOCK TABLES;

--
-- Table structure for table `etms_organization_profile`
--

DROP TABLE IF EXISTS `etms_organization_profile`;
/*!40101 SET @saved_cs_client     = @@character_set_client */;
/*!40101 SET character_set_client = utf8 */;
CREATE TABLE `etms_organization_profile` (
  `id` varchar(45) NOT NULL,
  `branch_Name` varchar(255) NOT NULL,
  `branch_Location` varchar(255) NOT NULL,
  `office_Address` varchar(255) NOT NULL,
  PRIMARY KEY (`id`)
) ENGINE=InnoDB DEFAULT CHARSET=utf8;
/*!40101 SET character_set_client = @saved_cs_client */;

--
-- Dumping data for table `etms_organization_profile`
--

LOCK TABLES `etms_organization_profile` WRITE;
/*!40000 ALTER TABLE `etms_organization_profile` DISABLE KEYS */;
INSERT INTO `etms_organization_profile` VALUES ('1','Chennai','T Nagar','First Lane - T Nagar'),('2','Chennai - NHR','Vadapalani','near Temple, Vadapalani'),('3','Chennai - Corparate Office','K K Nagar','2/32, SS Biz Complex');
/*!40000 ALTER TABLE `etms_organization_profile` ENABLE KEYS */;
UNLOCK TABLES;

--
-- Table structure for table `etms_passengers_details`
--

DROP TABLE IF EXISTS `etms_passengers_details`;
/*!40101 SET @saved_cs_client     = @@character_set_client */;
/*!40101 SET character_set_client = utf8 */;
CREATE TABLE `etms_passengers_details` (
  `id` int(11) NOT NULL AUTO_INCREMENT,
  `booking_Id` bigint(11) NOT NULL,
  `passenger_Employee_Id` varchar(45) DEFAULT NULL,
  `passenger_Name` varchar(45) DEFAULT NULL,
  `passenger_Email` varchar(45) DEFAULT NULL,
  `passenger_Phone_No` varchar(45) DEFAULT NULL,
  `passenger_Id` int(20) DEFAULT NULL,
  `passenger_Commute_Status` varchar(45) DEFAULT NULL,
  PRIMARY KEY (`id`),
  KEY `booking_foreign_key_idx` (`booking_Id`),
  CONSTRAINT `booking_foreign_key` FOREIGN KEY (`booking_Id`) REFERENCES `etms_booking_records` (`booking_Id`) ON DELETE NO ACTION ON UPDATE NO ACTION
) ENGINE=InnoDB AUTO_INCREMENT=1788 DEFAULT CHARSET=utf8;
/*!40101 SET character_set_client = @saved_cs_client */;

--
-- Dumping data for table `etms_passengers_details`
--

LOCK TABLES `etms_passengers_details` WRITE;
/*!40000 ALTER TABLE `etms_passengers_details` DISABLE KEYS */;
INSERT INTO `etms_passengers_details` VALUES (1361,48737384,'10061',NULL,NULL,NULL,1,NULL),(1362,48737384,'10084',NULL,NULL,NULL,3,NULL),(1363,48737384,'10061',NULL,NULL,NULL,0,NULL),(1364,48737384,'10068',NULL,NULL,NULL,2,NULL),(1365,48737385,'10064',NULL,NULL,NULL,0,NULL),(1366,48737385,'10064',NULL,NULL,NULL,1,NULL),(1367,48737386,'10066',NULL,NULL,NULL,0,NULL),(1368,48737386,'10066',NULL,NULL,NULL,1,NULL),(1369,48737387,'10066',NULL,NULL,NULL,0,NULL),(1370,48737387,'10066',NULL,NULL,NULL,1,NULL),(1371,48737386,'10062',NULL,NULL,NULL,2,NULL),(1372,48737388,'10066',NULL,NULL,NULL,1,NULL),(1373,48737388,'10066',NULL,NULL,NULL,0,NULL),(1374,48737389,'10066',NULL,NULL,NULL,1,NULL),(1375,48737389,'10066',NULL,NULL,NULL,0,NULL),(1376,48737390,'10066',NULL,NULL,NULL,1,NULL),(1377,48737390,'10066',NULL,NULL,NULL,0,NULL),(1378,48737391,'10062',NULL,NULL,NULL,1,NULL),(1379,48737391,'10062',NULL,NULL,NULL,0,NULL),(1380,48737392,'10062',NULL,NULL,NULL,1,NULL),(1381,48737392,'10062',NULL,NULL,NULL,0,NULL),(1382,48737393,'10062',NULL,NULL,NULL,1,NULL),(1383,48737393,'10062',NULL,NULL,NULL,0,NULL),(1384,48737394,'10062',NULL,NULL,NULL,1,NULL),(1385,48737394,'10062',NULL,NULL,NULL,0,NULL),(1386,48737395,'10066',NULL,NULL,NULL,0,NULL),(1387,48737395,'10068',NULL,NULL,NULL,1,NULL),(1388,48737395,'10063',NULL,NULL,NULL,2,NULL),(1389,48737396,'10066',NULL,NULL,NULL,1,NULL),(1390,48737397,'10066',NULL,NULL,NULL,1,NULL),(1391,48737398,'10003',NULL,NULL,NULL,1,NULL),(1392,48737399,'10062',NULL,NULL,NULL,0,NULL),(1393,48737399,'10062',NULL,NULL,NULL,1,NULL),(1394,48737400,'10062',NULL,NULL,NULL,1,NULL),(1395,48737400,'10062',NULL,NULL,NULL,0,NULL),(1396,48737401,'10066',NULL,NULL,NULL,1,NULL),(1397,48737401,'10066',NULL,NULL,NULL,0,NULL),(1398,48737402,'10066',NULL,NULL,NULL,0,NULL),(1399,48737402,'10098',NULL,NULL,NULL,2,NULL),(1400,48737403,'10062',NULL,NULL,NULL,1,NULL),(1401,48737403,'10062',NULL,NULL,NULL,0,NULL),(1402,48737404,'111',NULL,NULL,NULL,1,NULL),(1403,48737404,'10066',NULL,NULL,NULL,0,NULL),(1404,48737405,'10062',NULL,NULL,NULL,1,NULL),(1405,48737405,'10062',NULL,NULL,NULL,0,NULL),(1406,48737406,'10062',NULL,NULL,NULL,1,NULL),(1407,48737406,'10062',NULL,NULL,NULL,0,NULL),(1408,48737407,'10062',NULL,NULL,NULL,1,NULL),(1409,48737407,'10062',NULL,NULL,NULL,0,NULL),(1410,48737408,'10062',NULL,NULL,NULL,0,NULL),(1411,48737408,'10062',NULL,NULL,NULL,1,NULL),(1412,48737409,'10062',NULL,NULL,NULL,1,NULL),(1413,48737409,'10062',NULL,NULL,NULL,0,NULL),(1414,48737410,'10062',NULL,NULL,NULL,0,NULL),(1415,48737410,'10062',NULL,NULL,NULL,1,NULL),(1416,48737411,'10061',NULL,NULL,NULL,0,NULL),(1417,48737411,'10061',NULL,NULL,NULL,1,NULL),(1418,48737412,'10062',NULL,NULL,NULL,1,NULL),(1419,48737412,'10062',NULL,NULL,NULL,0,NULL),(1420,48737413,'10066',NULL,NULL,NULL,0,NULL),(1421,48737413,'10066',NULL,NULL,NULL,1,NULL),(1422,48737414,'10062',NULL,NULL,NULL,0,NULL),(1423,48737414,'10062',NULL,NULL,NULL,1,NULL),(1424,48737415,'10062',NULL,NULL,NULL,0,NULL),(1425,48737415,'10062',NULL,NULL,NULL,1,NULL),(1426,48737416,'10062',NULL,NULL,NULL,0,NULL),(1427,48737416,'10062',NULL,NULL,NULL,1,NULL),(1428,48737417,'10068',NULL,NULL,NULL,1,NULL),(1429,48737417,'10066',NULL,NULL,NULL,0,NULL),(1430,48737417,'10062',NULL,NULL,NULL,2,NULL),(1431,48737418,'10010',NULL,NULL,NULL,2,NULL),(1432,48737418,'10009',NULL,NULL,NULL,1,NULL),(1433,48737418,'10009',NULL,NULL,NULL,0,NULL),(1434,48737402,'10064',NULL,NULL,NULL,1,NULL),(1435,48737402,'10066',NULL,NULL,NULL,0,NULL),(1436,48737419,'10092',NULL,NULL,NULL,3,NULL),(1437,48737419,'234234',NULL,NULL,NULL,3,NULL),(1438,48737419,'10037',NULL,NULL,NULL,2,NULL),(1439,48737419,'10085',NULL,NULL,NULL,2,NULL),(1440,48737419,'10068',NULL,NULL,NULL,1,NULL),(1441,48737404,'10066',NULL,NULL,NULL,0,NULL),(1442,48737420,'10066',NULL,NULL,NULL,0,NULL),(1443,48737420,'10066',NULL,NULL,NULL,1,NULL),(1444,48737421,'10066',NULL,NULL,NULL,0,NULL),(1445,48737421,'10066',NULL,NULL,NULL,1,NULL),(1446,48737422,'10066',NULL,NULL,NULL,0,NULL),(1447,48737422,'10066',NULL,NULL,NULL,1,NULL),(1448,48737419,'10062',NULL,NULL,NULL,1,NULL),(1449,48737419,'10062',NULL,NULL,NULL,1,NULL),(1450,48737423,'10062',NULL,NULL,NULL,1,NULL),(1451,48737423,'10062',NULL,NULL,NULL,0,NULL),(1452,48737424,'10066',NULL,NULL,NULL,1,NULL),(1453,48737424,'10066',NULL,NULL,NULL,0,NULL),(1454,48737425,'10062',NULL,NULL,NULL,1,NULL),(1455,48737425,'10062',NULL,NULL,NULL,0,NULL),(1456,48737426,'10062',NULL,NULL,NULL,0,NULL),(1457,48737426,'10062',NULL,NULL,NULL,1,NULL),(1458,48737427,'10062',NULL,NULL,NULL,1,NULL),(1459,48737427,'10062',NULL,NULL,NULL,0,NULL),(1460,48737419,'10062',NULL,NULL,NULL,3,NULL),(1461,48737419,'10072',NULL,NULL,NULL,3,NULL),(1462,48737428,'10066',NULL,NULL,NULL,0,NULL),(1463,48737428,'10066',NULL,NULL,NULL,1,NULL),(1464,48737419,'10072',NULL,NULL,NULL,2,NULL),(1465,48737429,'10066',NULL,NULL,NULL,0,NULL),(1466,48737429,'10066',NULL,NULL,NULL,1,NULL),(1467,48737419,'10068',NULL,NULL,NULL,1,NULL),(1468,48737430,'10066',NULL,NULL,NULL,1,NULL),(1469,48737430,'10066',NULL,NULL,NULL,0,NULL),(1470,48737419,'10074',NULL,NULL,NULL,0,NULL),(1471,48737419,'10066',NULL,NULL,NULL,0,NULL),(1472,48737431,'10066',NULL,NULL,NULL,1,NULL),(1473,48737431,'10066',NULL,NULL,NULL,0,NULL),(1474,48737432,'10066',NULL,NULL,NULL,0,NULL),(1475,48737432,'10066',NULL,NULL,NULL,1,NULL),(1476,48737433,'10062',NULL,NULL,NULL,1,NULL),(1477,48737433,'10062',NULL,NULL,NULL,0,NULL),(1478,48737434,'10062',NULL,NULL,NULL,1,NULL),(1479,48737434,'10062',NULL,NULL,NULL,0,NULL),(1480,48737435,'10066',NULL,NULL,NULL,0,NULL),(1481,48737435,'10066',NULL,NULL,NULL,1,NULL),(1482,48737436,'10066',NULL,NULL,NULL,1,NULL),(1483,48737436,'10066',NULL,NULL,NULL,0,NULL),(1484,48737437,'10066',NULL,NULL,NULL,0,NULL),(1485,48737437,'10066',NULL,NULL,NULL,1,NULL),(1486,48737438,'10066',NULL,NULL,NULL,0,NULL),(1487,48737438,'10066',NULL,NULL,NULL,1,NULL),(1488,48737439,'10066',NULL,NULL,NULL,1,NULL),(1489,48737439,'10066',NULL,NULL,NULL,0,NULL),(1490,48737440,'10066',NULL,NULL,NULL,1,NULL),(1491,48737440,'10066',NULL,NULL,NULL,0,NULL),(1492,48737441,'10066',NULL,NULL,NULL,0,NULL),(1493,48737441,'10066',NULL,NULL,NULL,1,NULL),(1494,48737442,'10066',NULL,NULL,NULL,1,NULL),(1495,48737442,'10066',NULL,NULL,NULL,0,NULL),(1496,48737443,'10066',NULL,NULL,NULL,1,NULL),(1497,48737443,'10066',NULL,NULL,NULL,0,NULL),(1498,48737444,'10064',NULL,NULL,NULL,1,NULL),(1499,48737444,'10066',NULL,NULL,NULL,0,NULL),(1500,48737445,'10066',NULL,NULL,NULL,0,NULL),(1501,48737445,'10064',NULL,NULL,NULL,1,NULL),(1502,48737446,'10066',NULL,NULL,NULL,1,NULL),(1503,48737446,'10066',NULL,NULL,NULL,0,NULL),(1504,48737447,'10066',NULL,NULL,NULL,0,NULL),(1505,48737447,'10066',NULL,NULL,NULL,1,NULL),(1506,48737448,'10066',NULL,NULL,NULL,1,NULL),(1507,48737448,'10066',NULL,NULL,NULL,0,NULL),(1508,48737449,'10066',NULL,NULL,NULL,0,NULL),(1509,48737449,'10066',NULL,NULL,NULL,1,NULL),(1510,48737450,'10066',NULL,NULL,NULL,1,NULL),(1511,48737450,'10066',NULL,NULL,NULL,0,NULL),(1512,48737451,'10012',NULL,NULL,NULL,1,NULL),(1513,48737451,'10012',NULL,NULL,NULL,0,NULL),(1514,48737452,'10062',NULL,NULL,NULL,1,NULL),(1515,48737452,'10062',NULL,NULL,NULL,0,NULL),(1516,48737453,'10011',NULL,NULL,NULL,1,NULL),(1517,48737453,NULL,'Nisha','Photon',NULL,2,NULL),(1518,48737453,'10011',NULL,NULL,NULL,0,NULL),(1519,48737454,'10062',NULL,NULL,NULL,1,NULL),(1520,48737454,'10062',NULL,NULL,NULL,0,NULL),(1521,48737455,'10066',NULL,NULL,NULL,0,NULL),(1522,48737455,'10066',NULL,NULL,NULL,1,NULL),(1523,48737456,'10062',NULL,NULL,NULL,1,NULL),(1524,48737456,'10062',NULL,NULL,NULL,0,NULL),(1525,48737457,'10012',NULL,NULL,NULL,1,NULL),(1526,48737457,'10012',NULL,NULL,NULL,0,NULL),(1527,48737458,'10064',NULL,NULL,NULL,1,NULL),(1528,48737458,'10064',NULL,NULL,NULL,0,NULL),(1529,48737459,'10066',NULL,NULL,NULL,1,NULL),(1530,48737459,'10066',NULL,NULL,NULL,0,NULL),(1531,48737460,'10066',NULL,NULL,NULL,1,NULL),(1532,48737460,'10066',NULL,NULL,NULL,0,NULL),(1533,48737461,'10066',NULL,NULL,NULL,1,NULL),(1534,48737461,'10066',NULL,NULL,NULL,0,NULL),(1535,48737462,'10066',NULL,NULL,NULL,1,NULL),(1536,48737462,'10066',NULL,NULL,NULL,0,NULL),(1537,48737463,'10062',NULL,NULL,NULL,0,NULL),(1538,48737463,'10062',NULL,NULL,NULL,1,NULL),(1539,48737464,'10066',NULL,NULL,NULL,1,NULL),(1540,48737464,'10066',NULL,NULL,NULL,0,NULL),(1541,48737465,'10066',NULL,NULL,NULL,0,NULL),(1542,48737465,'10066',NULL,NULL,NULL,1,NULL),(1543,48737466,'10062',NULL,NULL,NULL,1,NULL),(1544,48737466,'10062',NULL,NULL,NULL,0,NULL),(1545,48737467,'10062',NULL,NULL,NULL,0,NULL),(1546,48737467,'10062',NULL,NULL,NULL,1,NULL),(1547,48737468,'10062',NULL,NULL,NULL,0,NULL),(1548,48737468,'10062',NULL,NULL,NULL,1,NULL),(1549,48737469,'10066',NULL,NULL,NULL,1,NULL),(1550,48737469,'10066',NULL,NULL,NULL,0,NULL),(1551,48737470,'10062',NULL,NULL,NULL,1,NULL),(1552,48737470,'10066',NULL,NULL,NULL,0,NULL),(1553,48737471,'10009',NULL,NULL,NULL,0,NULL),(1554,48737471,'10009',NULL,NULL,NULL,1,NULL),(1555,48737472,'10014',NULL,NULL,NULL,3,NULL),(1556,48737472,'10015',NULL,NULL,NULL,5,NULL),(1557,48737472,'10011',NULL,NULL,NULL,2,NULL),(1558,48737472,'10012',NULL,NULL,NULL,1,NULL),(1559,48737472,'10013',NULL,NULL,NULL,4,NULL),(1560,48737472,'10012',NULL,NULL,NULL,0,NULL),(1561,48737473,'10062',NULL,NULL,NULL,0,NULL),(1562,48737473,'10062',NULL,NULL,NULL,1,NULL),(1563,48737474,'10013',NULL,NULL,NULL,3,'ProxyUser'),(1564,48737474,'10012',NULL,NULL,NULL,0,'ProxyUser'),(1565,48737474,'10015',NULL,NULL,NULL,2,'ProxyUser'),(1566,48737474,'10014',NULL,NULL,NULL,4,'ProxyUser'),(1567,48737474,'10011',NULL,NULL,NULL,1,'ProxyUser'),(1568,48737475,'10011',NULL,NULL,NULL,1,'ProxyUser'),(1569,48737475,'10012',NULL,NULL,NULL,0,'ProxyUser'),(1570,48737476,'10062',NULL,NULL,NULL,0,NULL),(1571,48737476,'10062',NULL,NULL,NULL,1,NULL),(1572,48737444,'10066',NULL,NULL,NULL,0,NULL),(1573,48737477,'10062',NULL,NULL,NULL,0,NULL),(1574,48737477,'10062',NULL,NULL,NULL,1,NULL),(1575,48737445,'10062',NULL,NULL,NULL,1,NULL),(1576,48737445,'10066',NULL,NULL,NULL,0,NULL),(1577,48737470,'10064',NULL,NULL,NULL,1,NULL),(1578,48737470,'10066',NULL,NULL,NULL,0,NULL),(1579,48737478,'10062',NULL,NULL,NULL,0,NULL),(1580,48737478,'10062',NULL,NULL,NULL,1,NULL),(1581,48737479,'10062',NULL,NULL,NULL,0,NULL),(1582,48737479,'10062',NULL,NULL,NULL,1,NULL),(1583,48737480,'10012',NULL,NULL,NULL,1,NULL),(1584,48737480,'10012',NULL,NULL,NULL,0,NULL),(1585,48737481,'10062',NULL,NULL,NULL,1,NULL),(1586,48737481,'10062',NULL,NULL,NULL,0,NULL),(1587,48737482,'10066',NULL,NULL,NULL,0,NULL),(1588,48737482,'10066',NULL,NULL,NULL,1,NULL),(1589,48737483,'10066',NULL,NULL,NULL,1,NULL),(1590,48737483,'10066',NULL,NULL,NULL,0,NULL),(1591,48737484,'10062',NULL,NULL,NULL,0,NULL),(1592,48737484,'10062',NULL,NULL,NULL,1,NULL),(1593,48737485,'10062',NULL,NULL,NULL,0,NULL),(1594,48737485,'10062',NULL,NULL,NULL,1,NULL),(1595,48737486,'10062',NULL,NULL,NULL,1,NULL),(1596,48737486,'10062',NULL,NULL,NULL,0,NULL),(1597,48737487,'10062',NULL,NULL,NULL,0,NULL),(1598,48737487,'10062',NULL,NULL,NULL,1,NULL),(1599,48737488,'10066',NULL,NULL,NULL,1,NULL),(1600,48737488,'10066',NULL,NULL,NULL,0,NULL),(1601,48737489,'10062',NULL,NULL,NULL,0,NULL),(1602,48737489,'10062',NULL,NULL,NULL,1,NULL),(1603,48737490,'10066',NULL,NULL,NULL,1,NULL),(1604,48737490,'10066',NULL,NULL,NULL,0,NULL),(1605,48737491,'10066',NULL,NULL,NULL,1,NULL),(1606,48737491,'10066',NULL,NULL,NULL,0,NULL),(1607,48737492,'10066',NULL,NULL,NULL,1,NULL),(1608,48737492,'10066',NULL,NULL,NULL,0,NULL),(1609,48737493,'10004',NULL,NULL,NULL,1,NULL),(1610,48737493,'10004',NULL,NULL,NULL,0,NULL),(1611,48737494,'10003',NULL,NULL,NULL,1,NULL),(1612,48737494,'10003',NULL,NULL,NULL,0,NULL),(1613,48737495,'10064',NULL,NULL,NULL,0,NULL),(1614,48737495,'10064',NULL,NULL,NULL,1,NULL),(1615,48737496,'10064',NULL,NULL,NULL,1,NULL),(1616,48737496,'10064',NULL,NULL,NULL,0,NULL),(1617,48737497,'10064',NULL,NULL,NULL,1,NULL),(1618,48737497,'10064',NULL,NULL,NULL,0,NULL),(1619,48737498,'10064',NULL,NULL,NULL,0,NULL),(1620,48737498,'10064',NULL,NULL,NULL,1,NULL),(1621,48737499,'10064',NULL,NULL,NULL,1,NULL),(1622,48737499,'10064',NULL,NULL,NULL,0,NULL),(1623,48737500,'10064',NULL,NULL,NULL,0,'ProxyUser'),(1624,48737500,'10062',NULL,NULL,NULL,1,'ProxyUser'),(1625,48737501,'10003',NULL,NULL,NULL,0,NULL),(1626,48737501,'10003',NULL,NULL,NULL,1,NULL),(1627,48737502,'10002',NULL,NULL,NULL,1,NULL),(1628,48737502,'10002',NULL,NULL,NULL,0,NULL),(1629,48737503,'10064',NULL,NULL,NULL,1,NULL),(1630,48737503,'10064',NULL,NULL,NULL,0,NULL),(1631,48737504,'10001',NULL,NULL,NULL,0,NULL),(1632,48737504,'10001',NULL,NULL,NULL,1,NULL),(1633,48737505,'10064',NULL,NULL,NULL,1,NULL),(1634,48737505,'10064',NULL,NULL,NULL,0,NULL),(1635,48737506,'10064',NULL,NULL,NULL,0,'ProxyUser'),(1636,48737506,'1092059',NULL,NULL,NULL,2,'ProxyUser'),(1637,48737506,'10111',NULL,NULL,NULL,1,'ProxyUser'),(1638,48737507,'10005',NULL,NULL,NULL,1,NULL),(1639,48737507,'10005',NULL,NULL,NULL,0,NULL),(1640,48737508,'10064',NULL,NULL,NULL,0,NULL),(1641,48737508,'10064',NULL,NULL,NULL,1,NULL),(1642,48737509,'10064',NULL,NULL,NULL,1,NULL),(1643,48737509,'10064',NULL,NULL,NULL,0,NULL),(1644,48737510,'10064',NULL,NULL,NULL,0,NULL),(1645,48737510,'10064',NULL,NULL,NULL,1,NULL),(1646,48737511,'10064',NULL,NULL,NULL,0,NULL),(1647,48737511,'10064',NULL,NULL,NULL,1,NULL),(1648,48737512,'10073',NULL,NULL,NULL,0,NULL),(1649,48737512,'10068',NULL,NULL,NULL,3,NULL),(1650,48737512,'10073',NULL,NULL,NULL,1,NULL),(1651,48737512,'10111',NULL,NULL,NULL,2,NULL),(1652,48737513,'10073',NULL,NULL,NULL,1,NULL),(1653,48737513,'10073',NULL,NULL,NULL,0,NULL),(1654,48737514,'10066',NULL,NULL,NULL,0,NULL),(1655,48737514,'10066',NULL,NULL,NULL,1,NULL),(1656,48737515,'10003',NULL,NULL,NULL,1,NULL),(1657,48737515,'10003',NULL,NULL,NULL,0,NULL),(1658,48737516,'10062',NULL,NULL,NULL,1,NULL),(1659,48737516,'10062',NULL,NULL,NULL,0,NULL),(1660,48737517,'10017',NULL,NULL,NULL,1,NULL),(1661,48737518,'10062',NULL,NULL,NULL,1,NULL),(1662,48737518,'10062',NULL,NULL,NULL,0,NULL),(1663,48737519,'10062',NULL,NULL,NULL,0,NULL),(1664,48737519,'10062',NULL,NULL,NULL,1,NULL),(1665,48737520,'10062',NULL,NULL,NULL,1,NULL),(1666,48737520,'10062',NULL,NULL,NULL,0,NULL),(1667,48737521,'10062',NULL,NULL,NULL,1,NULL),(1668,48737521,'10062',NULL,NULL,NULL,0,NULL),(1669,48737522,'10062',NULL,NULL,NULL,0,NULL),(1670,48737522,'10062',NULL,NULL,NULL,1,NULL),(1671,48737523,'10064',NULL,NULL,NULL,1,NULL),(1672,48737523,'10064',NULL,NULL,NULL,0,NULL),(1673,48737524,'10064',NULL,NULL,NULL,0,NULL),(1674,48737524,'10064',NULL,NULL,NULL,1,NULL),(1675,48737525,'10064',NULL,NULL,NULL,1,NULL),(1676,48737525,'10064',NULL,NULL,NULL,0,NULL),(1677,48737526,'10062',NULL,NULL,NULL,1,NULL),(1678,48737526,'10062',NULL,NULL,NULL,0,NULL),(1679,48737527,'10005',NULL,NULL,NULL,1,NULL),(1680,48737527,'10005',NULL,NULL,NULL,0,NULL),(1681,48737528,'10062',NULL,NULL,NULL,0,NULL),(1682,48737528,'10062',NULL,NULL,NULL,1,NULL),(1683,48737529,'10062',NULL,NULL,NULL,0,NULL),(1684,48737529,'10062',NULL,NULL,NULL,1,NULL),(1685,48737530,'10062',NULL,NULL,NULL,1,NULL),(1686,48737530,'10062',NULL,NULL,NULL,0,NULL),(1687,48737531,'10062',NULL,NULL,NULL,1,NULL),(1688,48737531,'10062',NULL,NULL,NULL,0,NULL),(1689,48737532,'10062',NULL,NULL,NULL,0,NULL),(1690,48737532,'10062',NULL,NULL,NULL,1,NULL),(1691,48737533,'10062',NULL,NULL,NULL,0,NULL),(1692,48737533,'10062',NULL,NULL,NULL,1,NULL),(1693,48737534,'10062',NULL,NULL,NULL,0,NULL),(1694,48737534,'10062',NULL,NULL,NULL,1,NULL),(1695,48737535,'10062',NULL,NULL,NULL,0,NULL),(1696,48737535,'10062',NULL,NULL,NULL,1,NULL),(1697,48737536,'10066',NULL,NULL,NULL,1,NULL),(1698,48737536,'10066',NULL,NULL,NULL,0,NULL),(1699,48737537,'10062',NULL,NULL,NULL,0,NULL),(1700,48737537,'10062',NULL,NULL,NULL,1,NULL),(1701,48737538,'10011',NULL,NULL,NULL,0,NULL),(1702,48737538,'10011',NULL,NULL,NULL,1,NULL),(1703,48737539,'10012',NULL,NULL,NULL,1,NULL),(1704,48737539,'10012',NULL,NULL,NULL,0,NULL),(1705,48737540,'10012',NULL,NULL,NULL,1,NULL),(1706,48737540,'10012',NULL,NULL,NULL,0,NULL),(1707,48737541,'10012',NULL,NULL,NULL,0,NULL),(1708,48737541,'10012',NULL,NULL,NULL,1,NULL),(1709,48737542,'10062',NULL,NULL,NULL,0,NULL),(1710,48737542,'10062',NULL,NULL,NULL,1,NULL),(1711,48737543,'10062',NULL,NULL,NULL,1,NULL),(1712,48737543,'10062',NULL,NULL,NULL,0,NULL),(1713,48737544,'10062',NULL,NULL,NULL,1,NULL),(1714,48737544,'10062',NULL,NULL,NULL,0,NULL),(1715,48737545,'10066',NULL,NULL,NULL,1,NULL),(1716,48737545,'10066',NULL,NULL,NULL,0,NULL),(1717,48737546,'10066',NULL,NULL,NULL,1,NULL),(1718,48737546,'10066',NULL,NULL,NULL,0,NULL),(1719,48737547,'10066',NULL,NULL,NULL,1,NULL),(1720,48737547,'10066',NULL,NULL,NULL,0,NULL),(1721,48737548,'10062',NULL,NULL,NULL,0,NULL),(1722,48737548,'10062',NULL,NULL,NULL,1,NULL),(1723,48737549,'10066',NULL,NULL,NULL,0,NULL),(1724,48737549,'10066',NULL,NULL,NULL,1,NULL),(1725,48737550,'10062',NULL,NULL,NULL,1,NULL),(1726,48737550,'10062',NULL,NULL,NULL,0,NULL),(1727,48737551,'10066',NULL,NULL,NULL,0,NULL),(1728,48737551,'10066',NULL,NULL,NULL,1,NULL),(1729,48737552,'10061',NULL,NULL,NULL,1,NULL),(1730,48737552,'10061',NULL,NULL,NULL,0,NULL),(1731,48737553,'10061',NULL,NULL,NULL,1,NULL),(1732,48737553,'10061',NULL,NULL,NULL,0,NULL),(1733,48737554,'10062',NULL,NULL,NULL,1,NULL),(1734,48737554,'10062',NULL,NULL,NULL,0,NULL),(1735,48737555,'10066',NULL,NULL,NULL,0,NULL),(1736,48737555,'10066',NULL,NULL,NULL,1,NULL),(1737,48737556,'10066',NULL,NULL,NULL,1,NULL),(1738,48737556,'10066',NULL,NULL,NULL,0,NULL),(1739,48737557,'10062',NULL,NULL,NULL,0,NULL),(1740,48737557,'10062',NULL,NULL,NULL,1,NULL),(1741,48737558,'10017',NULL,NULL,NULL,1,NULL),(1742,48737559,'10017',NULL,NULL,NULL,1,NULL),(1743,48737560,'10066',NULL,NULL,NULL,1,NULL),(1744,48737560,'10066',NULL,NULL,NULL,0,NULL),(1745,48737561,'10066',NULL,NULL,NULL,1,NULL),(1746,48737561,'10066',NULL,NULL,NULL,0,NULL),(1747,48737562,'10066',NULL,NULL,NULL,0,NULL),(1748,48737562,'10066',NULL,NULL,NULL,1,NULL),(1749,48737563,'10062',NULL,NULL,NULL,1,NULL),(1750,48737563,'10062',NULL,NULL,NULL,0,NULL),(1751,48737564,'10062',NULL,NULL,NULL,0,NULL),(1752,48737564,'10062',NULL,NULL,NULL,1,NULL),(1753,48737565,'10062',NULL,NULL,NULL,0,NULL),(1754,48737565,'10062',NULL,NULL,NULL,1,NULL),(1755,48737566,'10062',NULL,NULL,NULL,0,NULL),(1756,48737566,'10062',NULL,NULL,NULL,1,NULL),(1757,48737567,'10062',NULL,NULL,NULL,0,NULL),(1758,48737567,'10062',NULL,NULL,NULL,1,NULL),(1759,48737568,'10062',NULL,NULL,NULL,0,NULL),(1760,48737568,'10062',NULL,NULL,NULL,1,NULL),(1761,48737569,'10062',NULL,NULL,NULL,1,NULL),(1762,48737569,'10062',NULL,NULL,NULL,0,NULL),(1763,48737570,'10062',NULL,NULL,NULL,0,NULL),(1764,48737570,'10062',NULL,NULL,NULL,1,NULL),(1765,48737571,'10062',NULL,NULL,NULL,0,NULL),(1766,48737571,'10062',NULL,NULL,NULL,1,NULL),(1767,48737572,'10066',NULL,NULL,NULL,0,NULL),(1768,48737572,'10066',NULL,NULL,NULL,1,NULL),(1769,48737573,'10066',NULL,NULL,NULL,1,NULL),(1770,48737573,'10066',NULL,NULL,NULL,0,NULL),(1771,48737574,'10066',NULL,NULL,NULL,1,NULL),(1772,48737574,'10066',NULL,NULL,NULL,0,NULL),(1773,48737575,'10066',NULL,NULL,NULL,1,NULL),(1774,48737575,'10066',NULL,NULL,NULL,0,NULL),(1775,48737576,'10066',NULL,NULL,NULL,0,NULL),(1776,48737576,'10066',NULL,NULL,NULL,1,NULL),(1777,48737577,'10066',NULL,NULL,NULL,1,NULL),(1778,48737577,'10066',NULL,NULL,NULL,0,NULL),(1779,48737578,'10066',NULL,NULL,NULL,0,NULL),(1780,48737578,'10066',NULL,NULL,NULL,1,NULL),(1781,48737579,'10066',NULL,NULL,NULL,0,NULL),(1782,48737579,'10066',NULL,NULL,NULL,1,NULL),(1783,48737580,'10066',NULL,NULL,NULL,0,NULL),(1784,48737580,'10066',NULL,NULL,NULL,1,NULL),(1785,48737581,NULL,'Ramurthy N','8807851237',NULL,2,NULL),(1786,48737581,'10061','Suresh',NULL,NULL,1,NULL),(1787,48737581,'10061',NULL,NULL,NULL,0,NULL);
/*!40000 ALTER TABLE `etms_passengers_details` ENABLE KEYS */;
UNLOCK TABLES;

--
-- Table structure for table `etms_report_mail`
--

DROP TABLE IF EXISTS `etms_report_mail`;
/*!40101 SET @saved_cs_client     = @@character_set_client */;
/*!40101 SET character_set_client = utf8 */;
CREATE TABLE `etms_report_mail` (
  `report_Id` bigint(20) NOT NULL AUTO_INCREMENT,
  `user_Name` varchar(225) DEFAULT NULL,
  `report_Date` datetime DEFAULT NULL,
  `report_From_Date` datetime DEFAULT NULL,
  `report_To_Date` datetime DEFAULT NULL,
  `hr_Mail_Id` varchar(225) DEFAULT NULL,
  PRIMARY KEY (`report_Id`)
) ENGINE=InnoDB AUTO_INCREMENT=23 DEFAULT CHARSET=utf8;
/*!40101 SET character_set_client = @saved_cs_client */;

--
-- Dumping data for table `etms_report_mail`
--

LOCK TABLES `etms_report_mail` WRITE;
/*!40000 ALTER TABLE `etms_report_mail` DISABLE KEYS */;
INSERT INTO `etms_report_mail` VALUES (4,'karthikeyan.e','2017-12-04 21:16:12','2017-12-04 00:00:00','2017-12-31 00:00:00','chitra.n@focuscite.com'),(5,'menaka.k','2017-12-05 17:27:50','2017-12-05 00:00:00','2017-12-05 00:00:00','chitra.n@focuscite.com'),(6,'menaka.k','2017-12-05 17:28:23','2017-12-05 00:00:00','2017-12-05 00:00:00','chitra.n@focuscite.com'),(7,'menaka.k','2017-12-05 17:28:47','2017-12-05 00:00:00','2017-12-05 00:00:00','chitra.n@focuscite.com'),(8,'shivashankari.n','2017-12-05 17:51:18','2017-12-05 00:00:00','2017-12-06 00:00:00','chitra.n@focuscite.com'),(9,'arul.p','2017-12-06 11:38:50','2017-12-06 00:00:00','2017-12-12 00:00:00','dapaz@hitbts.com'),(10,'arul.p','2017-12-11 17:51:02','2017-01-01 00:00:00','2017-12-31 00:00:00','dapaz@hitbts.com'),(11,'arul.p','2017-12-12 16:01:56','2017-01-01 00:00:00','2017-12-12 00:00:00','dapaz@hitbts.com'),(12,'anish.a','2017-12-12 19:38:24','2017-04-01 00:00:00','2017-12-12 00:00:00','dapaz@hitbts.com'),(13,'arul.p','2017-12-13 12:06:28','2017-11-26 00:00:00','2017-12-13 00:00:00','chitra.n@focuscite.com'),(14,'shivashankari.n','2017-12-13 19:55:28','2017-12-13 00:00:00','2017-12-13 00:00:00','chitra.n@focuscite.com'),(15,'arul.p','2017-12-14 14:53:42','2017-12-14 00:00:00','2017-12-14 00:00:00','chitra.n@focuscite.com'),(16,'arul.p','2017-12-20 14:12:09','2017-11-14 00:00:00','2017-12-20 00:00:00','chitra.n@focuscite.com'),(17,'arul.p','2017-12-26 10:45:49','2017-12-26 00:00:00','2017-12-27 00:00:00','yazefiki@crymail2.com'),(18,'shivashankari.n','2017-12-26 14:21:06','2017-12-26 00:00:00','2017-12-26 00:00:00','yazefiki@crymail2.com'),(19,'arul.p','2017-12-28 13:52:52','2017-12-28 00:00:00','2017-12-28 00:00:00','yazefiki@crymail2.com'),(20,'shivashankari.n','2018-01-02 15:28:42','2018-01-02 00:00:00','2018-01-02 00:00:00','chitra.n@focuscite.com'),(21,'tamil.p','2018-01-02 17:48:39','2018-01-02 00:00:00','2018-06-29 00:00:00','chitra.n@focuscite.com'),(22,'arul.p','2018-01-05 13:34:30','2018-01-05 00:00:00','2018-01-05 00:00:00','chitra.n@focuscite.com');
/*!40000 ALTER TABLE `etms_report_mail` ENABLE KEYS */;
UNLOCK TABLES;

--
-- Table structure for table `etms_upload_data`
--

DROP TABLE IF EXISTS `etms_upload_data`;
/*!40101 SET @saved_cs_client     = @@character_set_client */;
/*!40101 SET character_set_client = utf8 */;
CREATE TABLE `etms_upload_data` (
  `sno` bigint(45) NOT NULL AUTO_INCREMENT,
  `upload_By` varchar(225) NOT NULL,
  `file_Location` varchar(225) NOT NULL,
  `file_Upload_Date_Time` timestamp NOT NULL DEFAULT CURRENT_TIMESTAMP,
  PRIMARY KEY (`sno`)
) ENGINE=InnoDB AUTO_INCREMENT=132 DEFAULT CHARSET=utf8;
/*!40101 SET character_set_client = @saved_cs_client */;

--
-- Dumping data for table `etms_upload_data`
--

LOCK TABLES `etms_upload_data` WRITE;
/*!40000 ALTER TABLE `etms_upload_data` DISABLE KEYS */;
INSERT INTO `etms_upload_data` VALUES (56,'karthikeyan.e','E:\\petronet\\workspace\\22-11-2017\\uploadDataDirectory\\3955Employee Data.xlsx','2017-12-01 07:28:50'),(57,'karthikeyan.e','E:\\petronet\\workspace\\22-11-2017\\uploadDataDirectory\\8385Employee Data.xlsx','2017-12-01 07:30:10'),(58,'karthikeyan.e','E:\\petronet\\workspace\\22-11-2017\\uploadDataDirectory\\3016Employee Data.xlsx','2017-12-01 07:49:05'),(59,'karthikeyan.e','E:\\petronet\\workspace\\22-11-2017\\uploadDataDirectory\\4357Employee Data.xlsx','2017-12-01 07:49:29'),(60,'karthikeyan.e','E:\\petronet\\workspace\\22-11-2017\\uploadDataDirectory\\8078Employee Data.xlsx','2017-12-01 07:51:43'),(61,'karthikeyan.e','E:\\petronet\\workspace\\22-11-2017\\uploadDataDirectory\\7699Employee Data.xlsx','2017-12-01 07:52:07'),(62,'karthikeyan.e','E:\\petronet\\workspace\\22-11-2017\\uploadDataDirectory\\7312Employee Data (1).xlsx','2017-12-01 13:29:27'),(63,'karthikeyan.e','E:\\petronet\\workspace\\22-11-2017\\uploadDataDirectory\\2761Employee Data (3).xlsx','2017-12-04 05:59:01'),(64,'karthikeyan.e','E:\\petronet\\workspace\\22-11-2017\\uploadDataDirectory\\8401Employee Data (3).xlsx','2017-12-04 06:01:23'),(65,'karthikeyan.e','E:\\petronet\\workspace\\22-11-2017\\uploadDataDirectory\\5895Employee Data.xlsx','2017-12-04 06:07:35'),(66,'karthikeyan.e','E:\\petronet\\workspace\\22-11-2017\\uploadDataDirectory\\2476Employee Data.xlsx','2017-12-04 06:08:02'),(67,'karthikeyan.e','E:\\petronet\\workspace\\22-11-2017\\uploadDataDirectory\\8457Employee Data.xlsx','2017-12-04 06:08:09'),(68,'karthikeyan.e','E:\\petronet\\workspace\\22-11-2017\\uploadDataDirectory\\3530Employee Data.xlsx','2017-12-04 06:09:00'),(69,'karthikeyan.e','E:\\petronet\\workspace\\22-11-2017\\uploadDataDirectory\\9656Employee Data (3).xlsx','2017-12-04 06:10:21'),(70,'karthikeyan.e','E:\\petronet\\workspace\\22-11-2017\\uploadDataDirectory\\8368Employee Data.xlsx','2017-12-04 15:40:18'),(71,'karthikeyan.e','E:\\petronet\\workspace\\22-11-2017\\uploadDataDirectory\\1758Employee Data (4).xlsx','2017-12-05 05:58:41'),(72,'karthikeyan.e','E:\\petronet\\workspace\\22-11-2017\\uploadDataDirectory\\4119Employee Data (4).xlsx','2017-12-05 06:00:00'),(73,'karthikeyan.e','E:\\petronet\\workspace\\22-11-2017\\uploadDataDirectory\\5949Employee Data.xlsx','2017-12-05 06:00:27'),(74,'karthikeyan.e','E:\\petronet\\workspace\\22-11-2017\\uploadDataDirectory\\3146Employee Data.xlsx','2017-12-15 05:47:31'),(75,'karthikeyan.e','E:\\petronet\\workspace\\22-11-2017\\uploadDataDirectory\\1165Employee Data.xlsx','2017-12-15 05:47:39'),(76,'karthikeyan.e','E:\\petronet\\workspace\\22-11-2017\\uploadDataDirectory\\5355Employee Data.xlsx','2017-12-15 05:47:40'),(77,'karthikeyan.e','E:\\petronet\\workspace\\22-11-2017\\uploadDataDirectory\\1884Employee Data.xlsx','2017-12-15 05:49:33'),(78,'karthikeyan.e','E:\\petronet\\workspace\\22-11-2017\\uploadDataDirectory\\9370Employee Data.xlsx','2017-12-15 05:49:49'),(79,'karthikeyan.e','E:\\petronet\\workspace\\22-11-2017\\uploadDataDirectory\\5323Employee Data.xlsx','2017-12-15 05:51:30'),(80,'karthikeyan.e','E:\\petronet\\workspace\\22-11-2017\\uploadDataDirectory\\4855Employee Data.xlsx','2017-12-15 05:52:02'),(81,'karthikeyan.e','E:\\petronet\\workspace\\22-11-2017\\uploadDataDirectory\\3164Employee Data.xlsx','2017-12-15 05:52:17'),(82,'karthikeyan.e','E:\\petronet\\workspace\\22-11-2017\\uploadDataDirectory\\5324Employee Data.xlsx','2017-12-15 05:52:35'),(83,'karthikeyan.e','E:\\petronet\\workspace\\22-11-2017\\uploadDataDirectory\\2856Employee Data.xlsx','2017-12-15 05:52:47'),(84,'karthikeyan.e','E:\\petronet\\workspace\\22-11-2017\\uploadDataDirectory\\3038Employee Data.xlsx','2017-12-15 05:52:54'),(85,'karthikeyan.e','E:\\petronet\\workspace\\22-11-2017\\uploadDataDirectory\\6242Employee Data.xlsx','2017-12-15 05:54:17'),(86,'karthikeyan.e','E:\\petronet\\workspace\\22-11-2017\\uploadDataDirectory\\7103Employee Data.xlsx','2017-12-15 05:55:00'),(87,'karthikeyan.e','E:\\petronet\\workspace\\22-11-2017\\uploadDataDirectory\\7458Employee Data.xlsx','2017-12-15 05:55:09'),(88,'karthikeyan.e','E:\\petronet\\workspace\\22-11-2017\\uploadDataDirectory\\1357Employee Data.xlsx','2017-12-15 05:55:16'),(89,'karthikeyan.e','E:\\petronet\\workspace\\22-11-2017\\uploadDataDirectory\\4268Employee Data.xlsx','2017-12-15 05:55:24'),(90,'karthikeyan.e','E:\\petronet\\workspace\\22-11-2017\\uploadDataDirectory\\3416Employee Data.xlsx','2017-12-15 05:55:38'),(91,'karthikeyan.e','E:\\petronet\\workspace\\22-11-2017\\uploadDataDirectory\\1779Employee Data.xlsx','2017-12-15 05:55:47'),(92,'karthikeyan.e','E:\\petronet\\workspace\\22-11-2017\\uploadDataDirectory\\9851Employee Data.xlsx','2017-12-15 05:56:01'),(93,'karthikeyan.e','E:\\petronet\\workspace\\22-11-2017\\uploadDataDirectory\\7344Employee Data.xlsx','2017-12-15 05:56:23'),(94,'karthikeyan.e','E:\\petronet\\workspace\\22-11-2017\\uploadDataDirectory\\6214Employee Data.xlsx','2017-12-15 05:56:29'),(95,'karthikeyan.e','E:\\petronet\\workspace\\22-11-2017\\uploadDataDirectory\\5878Employee Data.xlsx','2017-12-15 05:56:57'),(96,'karthikeyan.e','E:\\petronet\\workspace\\22-11-2017\\uploadDataDirectory\\6939Employee Data.xlsx','2017-12-15 05:57:15'),(97,'karthikeyan.e','E:\\petronet\\workspace\\22-11-2017\\uploadDataDirectory\\1835Employee Data.xlsx','2017-12-15 05:57:25'),(98,'karthikeyan.e','E:\\petronet\\workspace\\22-11-2017\\uploadDataDirectory\\2604Employee Data.xlsx','2017-12-15 05:57:40'),(99,'karthikeyan.e','E:\\petronet\\workspace\\22-11-2017\\uploadDataDirectory\\9984Employee Data.xlsx','2017-12-15 05:57:50'),(100,'karthikeyan.e','E:\\petronet\\workspace\\22-11-2017\\uploadDataDirectory\\2283Employee Data.xlsx','2017-12-15 05:57:58'),(101,'karthikeyan.e','E:\\petronet\\workspace\\22-11-2017\\uploadDataDirectory\\6460Employee Data.xlsx','2017-12-15 05:58:13'),(102,'karthikeyan.e','E:\\petronet\\workspace\\22-11-2017\\uploadDataDirectory\\4930Employee Data.xlsx','2017-12-15 05:58:33'),(103,'karthikeyan.e','E:\\petronet\\workspace\\22-11-2017\\uploadDataDirectory\\2241Employee Data.xlsx','2017-12-15 05:58:37'),(104,'karthikeyan.e','E:\\petronet\\workspace\\22-11-2017\\uploadDataDirectory\\5186Employee Data.xlsx','2017-12-15 05:58:51'),(105,'karthikeyan.e','E:\\petronet\\workspace\\22-11-2017\\uploadDataDirectory\\8873Employee Data.xlsx','2017-12-15 05:59:22'),(106,'karthikeyan.e','E:\\petronet\\workspace\\22-11-2017\\uploadDataDirectory\\5389Employee Data.xlsx','2017-12-15 05:59:56'),(107,'karthikeyan.e','E:\\petronet\\workspace\\22-11-2017\\uploadDataDirectory\\1171Employee Data.xlsx','2017-12-15 06:00:33'),(108,'karthikeyan.e','E:\\petronet\\workspace\\22-11-2017\\uploadDataDirectory\\1061Employee Data.xlsx','2017-12-15 06:01:00'),(109,'karthikeyan.e','E:\\petronet\\workspace\\22-11-2017\\uploadDataDirectory\\3851Employee Data.xlsx','2017-12-15 06:03:17'),(110,'karthikeyan.e','E:\\petronet\\workspace\\22-11-2017\\uploadDataDirectory\\1897Employee Data.xlsx','2017-12-15 06:07:14'),(111,'karthikeyan.e','E:\\petronet\\workspace\\22-11-2017\\uploadDataDirectory\\3927Employee Data.xlsx','2017-12-15 06:07:16'),(112,'karthikeyan.e','E:\\petronet\\workspace\\22-11-2017\\uploadDataDirectory\\1754Employee Data.xlsx','2017-12-20 04:59:40'),(113,'karthikeyan.e','E:\\petronet\\workspace\\22-11-2017\\uploadDataDirectory\\6866Employee Data.xlsx','2017-12-20 04:59:52'),(114,'karthikeyan.e','E:\\petronet\\workspace\\22-11-2017\\uploadDataDirectory\\5198Employee Data.xlsx','2017-12-20 04:59:56'),(115,'karthikeyan.e','E:\\petronet\\workspace\\22-11-2017\\uploadDataDirectory\\3571Employee Data (4).xlsx','2017-12-20 12:59:53'),(116,'karthikeyan.e','E:\\petronet\\workspace\\22-11-2017\\uploadDataDirectory\\9406Employee Data (4).xlsx','2017-12-20 13:00:06'),(117,'karthikeyan.e','E:\\petronet\\workspace\\22-11-2017\\uploadDataDirectory\\2483Employee Data (4).xlsx','2017-12-20 13:00:11'),(118,'karthikeyan.e','E:\\petronet\\workspace\\22-11-2017\\uploadDataDirectory\\9012Employee Data with values.xlsx','2017-12-20 13:00:36'),(119,'karthikeyan.e','E:\\petronet\\workspace\\22-11-2017\\uploadDataDirectory\\8776Employee Data with values.xlsx','2017-12-20 13:00:37'),(120,'karthikeyan.e','E:\\petronet\\workspace\\22-11-2017\\uploadDataDirectory\\2043values with spaces.xlsx','2017-12-20 13:04:33'),(121,'karthikeyan.e','E:\\petronet\\workspace\\22-11-2017\\uploadDataDirectory\\6905values with spaces.xlsx','2017-12-20 13:04:40'),(122,'karthikeyan.e','E:\\petronet\\workspace\\22-11-2017\\uploadDataDirectory\\2312values with spaces.xlsx','2017-12-20 13:07:22'),(123,'karthikeyan.e','E:\\petronet\\workspace\\22-11-2017\\uploadDataDirectory\\6144values with empty fields.xlsx','2017-12-20 13:07:31'),(124,'karthikeyan.e','E:\\petronet\\workspace\\22-11-2017\\uploadDataDirectory\\1039values with empty fields.xlsx','2018-01-02 10:17:49'),(125,'karthikeyan.e','E:\\petronet\\workspace\\22-11-2017\\uploadDataDirectory\\1087values with spaces.xlsx','2018-01-02 10:18:42'),(126,'karthikeyan.e','E:\\petronet\\workspace\\22-11-2017\\uploadDataDirectory\\6346values with empty fields.xlsx','2018-01-02 10:19:00'),(127,'karthikeyan.e','E:\\petronet\\workspace\\22-11-2017\\uploadDataDirectory\\9318Employee Data.xlsx','2018-01-08 12:45:12'),(128,'karthikeyan.e','E:\\petronet\\workspace\\22-11-2017\\uploadDataDirectory\\2681Employee Data.xlsx','2018-01-08 12:55:42'),(129,'karthikeyan.e','E:\\petronet\\workspace\\22-11-2017\\uploadDataDirectory\\9189Employee Data.xlsx','2018-01-08 13:25:57'),(130,'karthikeyan.e','E:\\petronet\\workspace\\22-11-2017\\uploadDataDirectory\\5974Employee Data.xlsx','2018-01-08 13:26:53'),(131,'karthikeyan.e','E:\\petronet\\workspace\\22-11-2017\\uploadDataDirectory\\2354Employee Data.xlsx','2018-01-08 13:27:01');
/*!40000 ALTER TABLE `etms_upload_data` ENABLE KEYS */;
UNLOCK TABLES;
/*!40103 SET TIME_ZONE=@OLD_TIME_ZONE */;

/*!40101 SET SQL_MODE=@OLD_SQL_MODE */;
/*!40014 SET FOREIGN_KEY_CHECKS=@OLD_FOREIGN_KEY_CHECKS */;
/*!40014 SET UNIQUE_CHECKS=@OLD_UNIQUE_CHECKS */;
/*!40101 SET CHARACTER_SET_CLIENT=@OLD_CHARACTER_SET_CLIENT */;
/*!40101 SET CHARACTER_SET_RESULTS=@OLD_CHARACTER_SET_RESULTS */;
/*!40101 SET COLLATION_CONNECTION=@OLD_COLLATION_CONNECTION */;
/*!40111 SET SQL_NOTES=@OLD_SQL_NOTES */;

-- Dump completed on 2018-01-09 17:11:15
